{"type":"FeatureCollection","name":"latest_hotspots","crs":{"type":"name","properties":{"name":"urn:ogc:def:crs:OGC:1.3:CRS84"}},"metadata":{"generated_utc":"2026-09-10T08:20:36Z","run_id":"run_20260910T082036Z","feature_count":391,"window_start_utc":"2024-12-24T21:22:00Z","window_end_utc":"2024-12-31T20:53:00Z","class_labels":{"0":"Wildfire","1":"Agricultural burning","2":"Industrial fire","3":"Gas flare","4":"Persistent thermal source","5":"Unknown"},"confidence_threshold":0.6,"clusters":[{"cluster_id":1879,"cluster_date":"2024-12-26","cluster_fire_count":3,"total_cluster_frp":7.82,"max_frp":3.4,"cluster_convex_hull_area_km2":0.0954,"centroid_lat":23.7794,"centroid_lon":86.3539,"mean_persistence_7d":1.6667,"share_forest_shrub":0.0,"share_industrial":1.0,"dominant_land_cover":50,"dominant_class":4,"dominant_label":"Persistent thermal source","is_outbreak_front":false,"is_persistent_cluster":false},{"cluster_id":1880,"cluster_date":"2024-12-26","cluster_fire_count":3,"total_cluster_frp":6.91,"max_frp":2.79,"cluster_convex_hull_area_km2":0.0829,"centroid_lat":23.6947,"centroid_lon":87.1159,"mean_persistence_7d":1.3333,"share_forest_shrub":0.0,"share_industrial":1.0,"dominant_land_cover":50,"dominant_class":4,"dominant_label":"Persistent thermal source","is_outbreak_front":false,"is_persistent_cluster":false},{"cluster_id":1881,"cluster_date":"2024-12-27","cluster_fire_count":3,"total_cluster_frp":30.02,"max_frp":18.1,"cluster_convex_hull_area_km2":0.2359,"centroid_lat":21.78,"centroid_lon":82.7594,"mean_persistence_7d":0.0,"share_forest_shrub":1.0,"share_industrial":0.0,"dominant_land_cover":10,"dominant_class":0,"dominant_label":"Wildfire","is_outbreak_front":false,"is_persistent_cluster":false},{"cluster_id":1882,"cluster_date":"2024-12-28","cluster_fire_count":3,"total_cluster_frp":32.45,"max_frp":15.58,"cluster_convex_hull_area_km2":0.0692,"centroid_lat":21.8404,"centroid_lon":82.7544,"mean_persistence_7d":0.0,"share_forest_shrub":1.0,"share_industrial":0.0,"dominant_land_cover":10,"dominant_class":0,"dominant_label":"Wildfire","is_outbreak_front":false,"is_persistent_cluster":false},{"cluster_id":1883,"cluster_date":"2024-12-31","cluster_fire_count":4,"total_cluster_frp":7.02,"max_frp":2.37,"cluster_convex_hull_area_km2":1.8144,"centroid_lat":23.7765,"centroid_lon":86.378,"mean_persistence_7d":2.25,"share_forest_shrub":0.0,"share_industrial":1.0,"dominant_land_cover":50,"dominant_class":4,"dominant_label":"Persistent thermal source","is_outbreak_front":false,"is_persistent_cluster":false},{"cluster_id":1884,"cluster_date":"2024-12-31","cluster_fire_count":3,"total_cluster_frp":11.22,"max_frp":5.6,"cluster_convex_hull_area_km2":0.0418,"centroid_lat":20.9732,"centroid_lon":86.0076,"mean_persistence_7d":0.0,"share_forest_shrub":1.0,"share_industrial":0.0,"dominant_land_cover":10,"dominant_class":0,"dominant_label":"Wildfire","is_outbreak_front":false,"is_persistent_cluster":false}]},"features":[{"type":"Feature","id":"67322ad4809989b1","geometry":{"type":"Point","coordinates":[74.63211,24.66323]},"properties":{"hotspot_id":"67322ad4809989b1","datetime_utc":"2024-12-24T21:22:00Z","satellite":"NOAA-20","daynight":"N","brightness":302.12,"frp":1.41,"confidence_numeric":60.0,"predicted_class":1,"predicted_label":"Agricultural burning","confidence_score":0.9989,"evidence_scores":{"land_cover_class":2.6095,"distance_to_industry_km":2.1936,"local_hour":-0.7608},"persistence_7d":0,"persistence_30d":0,"hotspot_density":1,"land_cover_class":30,"land_cover_name":"Grassland","distance_to_industry_km":245.3965,"inside_industrial_polygon":0,"nearest_facility_type":"oil_gas_flare","nearest_facility_name":"Mehsana - Kalol Oil Field","cluster_id":-1,"cluster_fire_count":1,"total_cluster_frp":1.41,"cluster_convex_hull_area_km2":0.0,"is_outbreak_front":false,"is_persistent_cluster":false}},{"type":"Feature","id":"ac58089c1c152ab0","geometry":{"type":"Point","coordinates":[74.63268,24.66485]},"properties":{"hotspot_id":"ac58089c1c152ab0","datetime_utc":"2024-12-24T21:22:00Z","satellite":"NOAA-20","daynight":"N","brightness":301.23,"frp":1.19,"confidence_numeric":60.0,"predicted_class":1,"predicted_label":"Agricultural burning","confidence_score":0.9989,"evidence_scores":{"land_cover_class":2.6095,"distance_to_industry_km":2.1936,"local_hour":-0.7608},"persistence_7d":0,"persistence_30d":0,"hotspot_density":1,"land_cover_class":30,"land_cover_name":"Grassland","distance_to_industry_km":245.5384,"inside_industrial_polygon":0,"nearest_facility_type":"oil_gas_flare","nearest_facility_name":"Mehsana - Kalol Oil Field","cluster_id":-1,"cluster_fire_count":1,"total_cluster_frp":1.19,"cluster_convex_hull_area_km2":0.0,"is_outbreak_front":false,"is_persistent_cluster":false}},{"type":"Feature","id":"b3ba3b895a259ef5","geometry":{"type":"Point","coordinates":[87.33719,23.15184]},"properties":{"hotspot_id":"b3ba3b895a259ef5","datetime_utc":"2024-12-25T06:55:00Z","satellite":"NOAA-20","daynight":"D","brightness":326.44,"frp":3.62,"confidence_numeric":30.0,"predicted_class":1,"predicted_label":"Agricultural burning","confidence_score":0.9999,"evidence_scores":{"land_cover_class":2.7031,"distance_to_industry_km":2.0666,"doy_cos":-0.3439},"persistence_7d":0,"persistence_30d":0,"hotspot_density":0,"land_cover_class":30,"land_cover_name":"Grassland","distance_to_industry_km":38.4731,"inside_industrial_polygon":0,"nearest_facility_type":"coal_mining_fire","nearest_facility_name":"Raniganj Coalfield / Durgapur","cluster_id":-1,"cluster_fire_count":1,"total_cluster_frp":3.62,"cluster_convex_hull_area_km2":0.0,"is_outbreak_front":false,"is_persistent_cluster":false}},{"type":"Feature","id":"e91f63afd91b242a","geometry":{"type":"Point","coordinates":[86.39246,23.68572]},"properties":{"hotspot_id":"e91f63afd91b242a","datetime_utc":"2024-12-25T06:55:00Z","satellite":"NOAA-20","daynight":"D","brightness":332.17,"frp":5.94,"confidence_numeric":60.0,"predicted_class":4,"predicted_label":"Persistent thermal source","confidence_score":0.9999,"evidence_scores":{"persistence_30d":4.374,"persistence_7d":1.0565,"prior_detections_7d":0.3884},"persistence_7d":3,"persistence_30d":12,"hotspot_density":0,"land_cover_class":50,"land_cover_name":"Built-up","distance_to_industry_km":0.0,"inside_industrial_polygon":1,"nearest_facility_type":"coal_mining_fire","nearest_facility_name":"Jharia Coalfield (Dhanbad)","cluster_id":-1,"cluster_fire_count":1,"total_cluster_frp":5.94,"cluster_convex_hull_area_km2":0.0,"is_outbreak_front":false,"is_persistent_cluster":false}},{"type":"Feature","id":"871edb3699d825d7","geometry":{"type":"Point","coordinates":[87.57313,23.91263]},"properties":{"hotspot_id":"871edb3699d825d7","datetime_utc":"2024-12-25T06:55:00Z","satellite":"NOAA-20","daynight":"D","brightness":327.76,"frp":2.06,"confidence_numeric":60.0,"predicted_class":1,"predicted_label":"Agricultural burning","confidence_score":0.9999,"evidence_scores":{"land_cover_class":2.7031,"distance_to_industry_km":2.0319,"doy_cos":-0.3544},"persistence_7d":0,"persistence_30d":0,"hotspot_density":0,"land_cover_class":30,"land_cover_name":"Grassland","distance_to_industry_km":35.5688,"inside_industrial_polygon":0,"nearest_facility_type":"coal_mining_fire","nearest_facility_name":"Raniganj Coalfield / Durgapur","cluster_id":-1,"cluster_fire_count":1,"total_cluster_frp":2.06,"cluster_convex_hull_area_km2":0.0,"is_outbreak_front":false,"is_persistent_cluster":false}},{"type":"Feature","id":"753a1b60ced06b7e","geometry":{"type":"Point","coordinates":[88.03797,23.21754]},"properties":{"hotspot_id":"753a1b60ced06b7e","datetime_utc":"2024-12-25T06:55:00Z","satellite":"NOAA-20","daynight":"D","brightness":343.18,"frp":7.6,"confidence_numeric":60.0,"predicted_class":1,"predicted_label":"Agricultural burning","confidence_score":1.0,"evidence_scores":{"land_cover_class":2.6963,"distance_to_industry_km":2.5485,"doy_cos":-0.3494},"persistence_7d":0,"persistence_30d":0,"hotspot_density":0,"land_cover_class":30,"land_cover_name":"Grassland","distance_to_industry_km":82.3181,"inside_industrial_polygon":0,"nearest_facility_type":"coal_mining_fire","nearest_facility_name":"Raniganj Coalfield / Durgapur","cluster_id":-1,"cluster_fire_count":1,"total_cluster_frp":7.6,"cluster_convex_hull_area_km2":0.0,"is_outbreak_front":false,"is_persistent_cluster":false}},{"type":"Feature","id":"af053b07fe83d0ff","geometry":{"type":"Point","coordinates":[95.46484,26.98919]},"properties":{"hotspot_id":"af053b07fe83d0ff","datetime_utc":"2024-12-25T06:55:00Z","satellite":"NOAA-20","daynight":"D","brightness":331.33,"frp":10.02,"confidence_numeric":60.0,"predicted_class":1,"predicted_label":"Agricultural burning","confidence_score":0.9998,"evidence_scores":{"land_cover_class":2.7045,"distance_to_industry_km":1.9853,"doy_cos":-0.3675},"persistence_7d":0,"persistence_30d":0,"hotspot_density":0,"land_cover_class":30,"land_cover_name":"Grassland","distance_to_industry_km":22.8272,"inside_industrial_polygon":0,"nearest_facility_type":"oil_gas_flare","nearest_facility_name":"Upper Assam Oil Fields - Duliajan / Digboi","cluster_id":-1,"cluster_fire_count":1,"total_cluster_frp":10.02,"cluster_convex_hull_area_km2":0.0,"is_outbreak_front":false,"is_persistent_cluster":false}},{"type":"Feature","id":"0e96e32c55775fc4","geometry":{"type":"Point","coordinates":[91.48129,25.34072]},"properties":{"hotspot_id":"0e96e32c55775fc4","datetime_utc":"2024-12-25T06:55:00Z","satellite":"NOAA-20","daynight":"D","brightness":327.33,"frp":2.58,"confidence_numeric":60.0,"predicted_class":0,"predicted_label":"Wildfire","confidence_score":0.9999,"evidence_scores":{"land_cover_class":5.0466,"distance_to_industry_km":0.2624,"track":0.1886},"persistence_7d":0,"persistence_30d":0,"hotspot_density":0,"land_cover_class":10,"land_cover_name":"Tree cover","distance_to_industry_km":93.1699,"inside_industrial_polygon":0,"nearest_facility_type":"refinery_petrochemical","nearest_facility_name":"Guwahati Refinery","cluster_id":-1,"cluster_fire_count":1,"total_cluster_frp":2.58,"cluster_convex_hull_area_km2":0.0,"is_outbreak_front":false,"is_persistent_cluster":false}},{"type":"Feature","id":"8777347e8dc851bc","geometry":{"type":"Point","coordinates":[88.16897,23.34319]},"properties":{"hotspot_id":"8777347e8dc851bc","datetime_utc":"2024-12-25T06:55:00Z","satellite":"NOAA-20","daynight":"D","brightness":326.62,"frp":1.13,"confidence_numeric":60.0,"predicted_class":1,"predicted_label":"Agricultural burning","confidence_score":0.9999,"evidence_scores":{"land_cover_class":2.7024,"distance_to_industry_km":2.5189,"doy_cos":-0.3462},"persistence_7d":0,"persistence_30d":0,"hotspot_density":0,"land_cover_class":30,"land_cover_name":"Grassland","distance_to_industry_km":89.4536,"inside_industrial_polygon":0,"nearest_facility_type":"coal_mining_fire","nearest_facility_name":"Raniganj Coalfield / Durgapur","cluster_id":-1,"cluster_fire_count":1,"total_cluster_frp":1.13,"cluster_convex_hull_area_km2":0.0,"is_outbreak_front":false,"is_persistent_cluster":false}},{"type":"Feature","id":"9802fb8095f642e6","geometry":{"type":"Point","coordinates":[87.80339,24.96828]},"properties":{"hotspot_id":"9802fb8095f642e6","datetime_utc":"2024-12-25T06:55:00Z","satellite":"NOAA-20","daynight":"D","brightness":334.41,"frp":6.96,"confidence_numeric":60.0,"predicted_class":1,"predicted_label":"Agricultural burning","confidence_score":0.9999,"evidence_scores":{"land_cover_class":2.7158,"distance_to_industry_km":2.6194,"doy_cos":-0.3578},"persistence_7d":0,"persistence_30d":0,"hotspot_density":0,"land_cover_class":40,"land_cover_name":"Cropland","distance_to_industry_km":146.6898,"inside_industrial_polygon":0,"nearest_facility_type":"coal_mining_fire","nearest_facility_name":"Raniganj Coalfield / Durgapur","cluster_id":-1,"cluster_fire_count":1,"total_cluster_frp":6.96,"cluster_convex_hull_area_km2":0.0,"is_outbreak_front":false,"is_persistent_cluster":false}},{"type":"Feature","id":"7deeffa2ed68a2bf","geometry":{"type":"Point","coordinates":[74.97635,33.00783]},"properties":{"hotspot_id":"7deeffa2ed68a2bf","datetime_utc":"2024-12-25T06:58:00Z","satellite":"NOAA-20","daynight":"D","brightness":329.47,"frp":8.86,"confidence_numeric":60.0,"predicted_class":1,"predicted_label":"Agricultural burning","confidence_score":0.9997,"evidence_scores":{"land_cover_class":2.679,"distance_to_industry_km":2.248,"doy_cos":-0.3754},"persistence_7d":0,"persistence_30d":0,"hotspot_density":0,"land_cover_class":30,"land_cover_name":"Grassland","distance_to_industry_km":316.2293,"inside_industrial_polygon":0,"nearest_facility_type":"refinery_petrochemical","nearest_facility_name":"Guru Gobind Singh Refinery (Bathinda)","cluster_id":-1,"cluster_fire_count":1,"total_cluster_frp":8.86,"cluster_convex_hull_area_km2":0.0,"is_outbreak_front":false,"is_persistent_cluster":false}},{"type":"Feature","id":"1f6b55ec910112ce","geometry":{"type":"Point","coordinates":[75.1581,17.62372]},"properties":{"hotspot_id":"1f6b55ec910112ce","datetime_utc":"2024-12-25T08:34:00Z","satellite":"NOAA-20","daynight":"D","brightness":330.44,"frp":3.13,"confidence_numeric":60.0,"predicted_class":1,"predicted_label":"Agricultural burning","confidence_score":0.9999,"evidence_scores":{"land_cover_class":2.6832,"distance_to_industry_km":2.3394,"doy_cos":-0.3443},"persistence_7d":0,"persistence_30d":0,"hotspot_density":0,"land_cover_class":30,"land_cover_name":"Grassland","distance_to_industry_km":247.7446,"inside_industrial_polygon":0,"nearest_facility_type":"steel_smelter","nearest_facility_name":"JSW Dolvi Works","cluster_id":-1,"cluster_fire_count":1,"total_cluster_frp":3.13,"cluster_convex_hull_area_km2":0.0,"is_outbreak_front":false,"is_persistent_cluster":false}},{"type":"Feature","id":"b60e8fa8819d0d19","geometry":{"type":"Point","coordinates":[74.91512,19.29277]},"properties":{"hotspot_id":"b60e8fa8819d0d19","datetime_utc":"2024-12-25T08:35:00Z","satellite":"NOAA-20","daynight":"D","brightness":343.03,"frp":16.5,"confidence_numeric":60.0,"predicted_class":1,"predicted_label":"Agricultural burning","confidence_score":0.9999,"evidence_scores":{"land_cover_class":2.6925,"distance_to_industry_km":2.4498,"doy_cos":-0.342},"persistence_7d":0,"persistence_30d":0,"hotspot_density":0,"land_cover_class":30,"land_cover_name":"Grassland","distance_to_industry_km":203.6003,"inside_industrial_polygon":0,"nearest_facility_type":"steel_smelter","nearest_facility_name":"JSW Dolvi Works","cluster_id":-1,"cluster_fire_count":1,"total_cluster_frp":16.5,"cluster_convex_hull_area_km2":0.0,"is_outbreak_front":false,"is_persistent_cluster":false}},{"type":"Feature","id":"12572e5986f554ae","geometry":{"type":"Point","coordinates":[79.54598,28.06576]},"properties":{"hotspot_id":"12572e5986f554ae","datetime_utc":"2024-12-25T08:37:00Z","satellite":"NOAA-20","daynight":"D","brightness":325.56,"frp":2.87,"confidence_numeric":60.0,"predicted_class":1,"predicted_label":"Agricultural burning","confidence_score":0.9999,"evidence_scores":{"land_cover_class":2.7182,"distance_to_industry_km":2.4669,"doy_cos":-0.3746},"persistence_7d":0,"persistence_30d":1,"hotspot_density":0,"land_cover_class":40,"land_cover_name":"Cropland","distance_to_industry_km":189.5116,"inside_industrial_polygon":0,"nearest_facility_type":"refinery_petrochemical","nearest_facility_name":"Mathura Refinery","cluster_id":-1,"cluster_fire_count":1,"total_cluster_frp":2.87,"cluster_convex_hull_area_km2":0.0,"is_outbreak_front":false,"is_persistent_cluster":false}},{"type":"Feature","id":"848b151be0e5014f","geometry":{"type":"Point","coordinates":[77.36283,29.00204]},"properties":{"hotspot_id":"848b151be0e5014f","datetime_utc":"2024-12-25T08:37:00Z","satellite":"NOAA-20","daynight":"D","brightness":328.52,"frp":2.02,"confidence_numeric":60.0,"predicted_class":1,"predicted_label":"Agricultural burning","confidence_score":1.0,"evidence_scores":{"land_cover_class":2.7183,"distance_to_industry_km":2.5495,"doy_cos":-0.3686},"persistence_7d":0,"persistence_30d":0,"hotspot_density":0,"land_cover_class":40,"land_cover_name":"Cropland","distance_to_industry_km":62.0969,"inside_industrial_polygon":0,"nearest_facility_type":"refinery_petrochemical","nearest_facility_name":"Panipat Refinery & Petrochemicals","cluster_id":-1,"cluster_fire_count":1,"total_cluster_frp":2.02,"cluster_convex_hull_area_km2":0.0,"is_outbreak_front":false,"is_persistent_cluster":false}},{"type":"Feature","id":"f80b29f19a85b9c2","geometry":{"type":"Point","coordinates":[80.15588,27.9087]},"properties":{"hotspot_id":"f80b29f19a85b9c2","datetime_utc":"2024-12-25T08:37:00Z","satellite":"NOAA-20","daynight":"D","brightness":344.38,"frp":6.15,"confidence_numeric":60.0,"predicted_class":1,"predicted_label":"Agricultural burning","confidence_score":0.9998,"evidence_scores":{"land_cover_class":2.6997,"distance_to_industry_km":2.3088,"doy_cos":-0.3759},"persistence_7d":0,"persistence_30d":0,"hotspot_density":0,"land_cover_class":40,"land_cover_name":"Cropland","distance_to_industry_km":241.9667,"inside_industrial_polygon":0,"nearest_facility_type":"refinery_petrochemical","nearest_facility_name":"Mathura Refinery","cluster_id":-1,"cluster_fire_count":1,"total_cluster_frp":6.15,"cluster_convex_hull_area_km2":0.0,"is_outbreak_front":false,"is_persistent_cluster":false}},{"type":"Feature","id":"15ef93fb95afed7c","geometry":{"type":"Point","coordinates":[80.82337,28.45847]},"properties":{"hotspot_id":"15ef93fb95afed7c","datetime_utc":"2024-12-25T08:37:00Z","satellite":"NOAA-20","daynight":"D","brightness":348.58,"frp":8.82,"confidence_numeric":60.0,"predicted_class":1,"predicted_label":"Agricultural burning","confidence_score":0.9993,"evidence_scores":{"land_cover_class":2.653,"distance_to_industry_km":2.2114,"brightness":-0.5341},"persistence_7d":0,"persistence_30d":0,"hotspot_density":0,"land_cover_class":30,"land_cover_name":"Grassland","distance_to_industry_km":321.9803,"inside_industrial_polygon":0,"nearest_facility_type":"refinery_petrochemical","nearest_facility_name":"Mathura Refinery","cluster_id":-1,"cluster_fire_count":1,"total_cluster_frp":8.82,"cluster_convex_hull_area_km2":0.0,"is_outbreak_front":false,"is_persistent_cluster":false}},{"type":"Feature","id":"8d6449721b229497","geometry":{"type":"Point","coordinates":[77.54662,29.73518]},"properties":{"hotspot_id":"8d6449721b229497","datetime_utc":"2024-12-25T08:38:00Z","satellite":"NOAA-20","daynight":"D","brightness":336.66,"frp":3.84,"confidence_numeric":60.0,"predicted_class":1,"predicted_label":"Agricultural burning","confidence_score":1.0,"evidence_scores":{"land_cover_class":2.706,"distance_to_industry_km":2.5561,"doy_cos":-0.3688},"persistence_7d":0,"persistence_30d":0,"hotspot_density":0,"land_cover_class":40,"land_cover_name":"Cropland","distance_to_industry_km":69.9374,"inside_industrial_polygon":0,"nearest_facility_type":"refinery_petrochemical","nearest_facility_name":"Panipat Refinery & Petrochemicals","cluster_id":-1,"cluster_fire_count":1,"total_cluster_frp":3.84,"cluster_convex_hull_area_km2":0.0,"is_outbreak_front":false,"is_persistent_cluster":false}},{"type":"Feature","id":"d52e13ba665c7b29","geometry":{"type":"Point","coordinates":[74.73685,31.9137]},"properties":{"hotspot_id":"d52e13ba665c7b29","datetime_utc":"2024-12-25T08:38:00Z","satellite":"NOAA-20","daynight":"D","brightness":333.92,"frp":5.15,"confidence_numeric":60.0,"predicted_class":1,"predicted_label":"Agricultural burning","confidence_score":0.9998,"evidence_scores":{"land_cover_class":2.7087,"distance_to_industry_km":2.4464,"doy_cos":-0.3749},"persistence_7d":0,"persistence_30d":0,"hotspot_density":0,"land_cover_class":40,"land_cover_name":"Cropland","distance_to_industry_km":193.4126,"inside_industrial_polygon":0,"nearest_facility_type":"refinery_petrochemical","nearest_facility_name":"Guru Gobind Singh Refinery (Bathinda)","cluster_id":-1,"cluster_fire_count":1,"total_cluster_frp":5.15,"cluster_convex_hull_area_km2":0.0,"is_outbreak_front":false,"is_persistent_cluster":false}},{"type":"Feature","id":"c51464f221bbdb65","geometry":{"type":"Point","coordinates":[76.39654,30.73381]},"properties":{"hotspot_id":"c51464f221bbdb65","datetime_utc":"2024-12-25T08:38:00Z","satellite":"NOAA-20","daynight":"D","brightness":335.66,"frp":7.52,"confidence_numeric":60.0,"predicted_class":1,"predicted_label":"Agricultural burning","confidence_score":1.0,"evidence_scores":{"land_cover_class":2.706,"distance_to_industry_km":2.5971,"doy_cos":-0.3658},"persistence_7d":0,"persistence_30d":0,"hotspot_density":0,"land_cover_class":40,"land_cover_name":"Cropland","distance_to_industry_km":146.4656,"inside_industrial_polygon":0,"nearest_facility_type":"refinery_petrochemical","nearest_facility_name":"Panipat Refinery & Petrochemicals","cluster_id":-1,"cluster_fire_count":1,"total_cluster_frp":7.52,"cluster_convex_hull_area_km2":0.0,"is_outbreak_front":false,"is_persistent_cluster":false}},{"type":"Feature","id":"1d316462ee2e9919","geometry":{"type":"Point","coordinates":[77.53439,30.17283]},"properties":{"hotspot_id":"1d316462ee2e9919","datetime_utc":"2024-12-25T08:38:00Z","satellite":"NOAA-20","daynight":"D","brightness":325.72,"frp":2.06,"confidence_numeric":60.0,"predicted_class":1,"predicted_label":"Agricultural burning","confidence_score":1.0,"evidence_scores":{"land_cover_class":2.7183,"distance_to_industry_km":2.5907,"doy_cos":-0.3613},"persistence_7d":0,"persistence_30d":0,"hotspot_density":0,"land_cover_class":40,"land_cover_name":"Cropland","distance_to_industry_km":100.624,"inside_industrial_polygon":0,"nearest_facility_type":"refinery_petrochemical","nearest_facility_name":"Panipat Refinery & Petrochemicals","cluster_id":-1,"cluster_fire_count":1,"total_cluster_frp":2.06,"cluster_convex_hull_area_km2":0.0,"is_outbreak_front":false,"is_persistent_cluster":false}},{"type":"Feature","id":"9796a7ac878d3ac2","geometry":{"type":"Point","coordinates":[83.03646,24.45317]},"properties":{"hotspot_id":"9796a7ac878d3ac2","datetime_utc":"2024-12-25T19:22:00Z","satellite":"NOAA-20","daynight":"N","brightness":298.21,"frp":0.81,"confidence_numeric":60.0,"predicted_class":1,"predicted_label":"Agricultural burning","confidence_score":0.9989,"evidence_scores":{"land_cover_class":2.6407,"distance_to_industry_km":1.9117,"local_hour":-0.7701},"persistence_7d":0,"persistence_30d":1,"hotspot_density":0,"land_cover_class":30,"land_cover_name":"Grassland","distance_to_industry_km":37.1558,"inside_industrial_polygon":0,"nearest_facility_type":"power_coal","nearest_facility_name":"Singrauli Energy & Coal Basin","cluster_id":-1,"cluster_fire_count":1,"total_cluster_frp":0.81,"cluster_convex_hull_area_km2":0.0,"is_outbreak_front":false,"is_persistent_cluster":false}},{"type":"Feature","id":"6b708ece0390a84d","geometry":{"type":"Point","coordinates":[83.36246,22.03522]},"properties":{"hotspot_id":"6b708ece0390a84d","datetime_utc":"2024-12-25T19:23:00Z","satellite":"NOAA-20","daynight":"N","brightness":301.38,"frp":1.51,"confidence_numeric":60.0,"predicted_class":5,"predicted_label":"Unknown","confidence_score":0.3475,"evidence_scores":{"frp":-4.7371,"frp_density":-0.8223,"distance_to_industry_km":0.4159},"persistence_7d":0,"persistence_30d":2,"hotspot_density":0,"land_cover_class":50,"land_cover_name":"Built-up","distance_to_industry_km":0.0,"inside_industrial_polygon":1,"nearest_facility_type":"steel_smelter","nearest_facility_name":"Raigarh - Tamnar Industrial Zone","cluster_id":-1,"cluster_fire_count":1,"total_cluster_frp":1.51,"cluster_convex_hull_area_km2":0.0,"is_outbreak_front":false,"is_persistent_cluster":false}},{"type":"Feature","id":"96480239a612f2e7","geometry":{"type":"Point","coordinates":[83.84132,21.76409]},"properties":{"hotspot_id":"96480239a612f2e7","datetime_utc":"2024-12-25T19:23:00Z","satellite":"NOAA-20","daynight":"N","brightness":323.17,"frp":2.83,"confidence_numeric":60.0,"predicted_class":1,"predicted_label":"Agricultural burning","confidence_score":0.9994,"evidence_scores":{"land_cover_class":2.6859,"distance_to_industry_km":1.8197,"local_hour":-0.7099},"persistence_7d":0,"persistence_30d":2,"hotspot_density":1,"land_cover_class":30,"land_cover_name":"Grassland","distance_to_industry_km":6.5357,"inside_industrial_polygon":0,"nearest_facility_type":"steel_smelter","nearest_facility_name":"Odisha Steel Belt - Jharsuguda","cluster_id":-1,"cluster_fire_count":1,"total_cluster_frp":2.83,"cluster_convex_hull_area_km2":0.0,"is_outbreak_front":false,"is_persistent_cluster":false}},{"type":"Feature","id":"43f33f08ab800d27","geometry":{"type":"Point","coordinates":[86.38464,23.78042]},"properties":{"hotspot_id":"43f33f08ab800d27","datetime_utc":"2024-12-25T19:23:00Z","satellite":"NOAA-20","daynight":"N","brightness":300.15,"frp":1.64,"confidence_numeric":60.0,"predicted_class":4,"predicted_label":"Persistent thermal source","confidence_score":0.9999,"evidence_scores":{"persistence_30d":4.374,"persistence_7d":1.0565,"prior_detections_7d":0.3884},"persistence_7d":3,"persistence_30d":11,"hotspot_density":0,"land_cover_class":50,"land_cover_name":"Built-up","distance_to_industry_km":0.0,"inside_industrial_polygon":1,"nearest_facility_type":"coal_mining_fire","nearest_facility_name":"Jharia Coalfield (Dhanbad)","cluster_id":-1,"cluster_fire_count":1,"total_cluster_frp":1.64,"cluster_convex_hull_area_km2":0.0,"is_outbreak_front":false,"is_persistent_cluster":false}},{"type":"Feature","id":"be01eea06192ce20","geometry":{"type":"Point","coordinates":[87.15722,23.66543]},"properties":{"hotspot_id":"be01eea06192ce20","datetime_utc":"2024-12-25T19:23:00Z","satellite":"NOAA-20","daynight":"N","brightness":300.52,"frp":1.04,"confidence_numeric":60.0,"predicted_class":5,"predicted_label":"Unknown","confidence_score":0.3748,"evidence_scores":{"frp":-4.7168,"frp_density":-0.8212,"distance_to_industry_km":0.4155},"persistence_7d":0,"persistence_30d":0,"hotspot_density":0,"land_cover_class":50,"land_cover_name":"Built-up","distance_to_industry_km":0.0,"inside_industrial_polygon":1,"nearest_facility_type":"coal_mining_fire","nearest_facility_name":"Raniganj Coalfield / Durgapur","cluster_id":-1,"cluster_fire_count":1,"total_cluster_frp":1.04,"cluster_convex_hull_area_km2":0.0,"is_outbreak_front":false,"is_persistent_cluster":false}},{"type":"Feature","id":"e512b5d3777b7330","geometry":{"type":"Point","coordinates":[86.41791,23.72139]},"properties":{"hotspot_id":"e512b5d3777b7330","datetime_utc":"2024-12-25T19:23:00Z","satellite":"NOAA-20","daynight":"N","brightness":298.55,"frp":1.13,"confidence_numeric":60.0,"predicted_class":5,"predicted_label":"Unknown","confidence_score":0.3748,"evidence_scores":{"frp":-4.7154,"frp_density":-0.8212,"distance_to_industry_km":0.4155},"persistence_7d":0,"persistence_30d":0,"hotspot_density":0,"land_cover_class":50,"land_cover_name":"Built-up","distance_to_industry_km":0.0,"inside_industrial_polygon":1,"nearest_facility_type":"coal_mining_fire","nearest_facility_name":"Jharia Coalfield (Dhanbad)","cluster_id":-1,"cluster_fire_count":1,"total_cluster_frp":1.13,"cluster_convex_hull_area_km2":0.0,"is_outbreak_front":false,"is_persistent_cluster":false}},{"type":"Feature","id":"6920b890f6c34df9","geometry":{"type":"Point","coordinates":[86.19552,23.7718]},"properties":{"hotspot_id":"6920b890f6c34df9","datetime_utc":"2024-12-25T19:23:00Z","satellite":"NOAA-20","daynight":"N","brightness":298.43,"frp":3.48,"confidence_numeric":60.0,"predicted_class":0,"predicted_label":"Wildfire","confidence_score":0.9999,"evidence_scores":{"land_cover_class":4.9327,"distance_to_industry_km":-0.2856,"local_hour":0.2825},"persistence_7d":0,"persistence_30d":2,"hotspot_density":0,"land_cover_class":10,"land_cover_name":"Tree cover","distance_to_industry_km":2.9303,"inside_industrial_polygon":0,"nearest_facility_type":"coal_mining_fire","nearest_facility_name":"Jharia Coalfield (Dhanbad)","cluster_id":-1,"cluster_fire_count":1,"total_cluster_frp":3.48,"cluster_convex_hull_area_km2":0.0,"is_outbreak_front":false,"is_persistent_cluster":false}},{"type":"Feature","id":"d9039fafea9a252a","geometry":{"type":"Point","coordinates":[83.3455,21.92551]},"properties":{"hotspot_id":"d9039fafea9a252a","datetime_utc":"2024-12-25T19:23:00Z","satellite":"NOAA-20","daynight":"N","brightness":301.84,"frp":1.21,"confidence_numeric":60.0,"predicted_class":4,"predicted_label":"Persistent thermal source","confidence_score":0.9999,"evidence_scores":{"persistence_30d":4.374,"persistence_7d":1.0565,"prior_detections_7d":0.3884},"persistence_7d":3,"persistence_30d":8,"hotspot_density":0,"land_cover_class":50,"land_cover_name":"Built-up","distance_to_industry_km":0.0,"inside_industrial_polygon":1,"nearest_facility_type":"steel_smelter","nearest_facility_name":"Raigarh - Tamnar Industrial Zone","cluster_id":-1,"cluster_fire_count":1,"total_cluster_frp":1.21,"cluster_convex_hull_area_km2":0.0,"is_outbreak_front":false,"is_persistent_cluster":false}},{"type":"Feature","id":"d6dd350d515bdcba","geometry":{"type":"Point","coordinates":[86.39143,23.68212]},"properties":{"hotspot_id":"d6dd350d515bdcba","datetime_utc":"2024-12-25T19:23:00Z","satellite":"NOAA-20","daynight":"N","brightness":302.12,"frp":2.1,"confidence_numeric":60.0,"predicted_class":4,"predicted_label":"Persistent thermal source","confidence_score":0.9999,"evidence_scores":{"persistence_30d":4.374,"persistence_7d":1.0565,"prior_detections_7d":0.3884},"persistence_7d":3,"persistence_30d":12,"hotspot_density":0,"land_cover_class":50,"land_cover_name":"Built-up","distance_to_industry_km":0.0,"inside_industrial_polygon":1,"nearest_facility_type":"coal_mining_fire","nearest_facility_name":"Jharia Coalfield (Dhanbad)","cluster_id":-1,"cluster_fire_count":1,"total_cluster_frp":2.1,"cluster_convex_hull_area_km2":0.0,"is_outbreak_front":false,"is_persistent_cluster":false}},{"type":"Feature","id":"f0a4a77479968a51","geometry":{"type":"Point","coordinates":[85.00327,23.72764]},"properties":{"hotspot_id":"f0a4a77479968a51","datetime_utc":"2024-12-25T19:23:00Z","satellite":"NOAA-20","daynight":"N","brightness":301.91,"frp":0.55,"confidence_numeric":60.0,"predicted_class":0,"predicted_label":"Wildfire","confidence_score":0.9997,"evidence_scores":{"land_cover_class":4.9213,"distance_to_industry_km":-0.1905,"local_hour":0.1904},"persistence_7d":2,"persistence_30d":3,"hotspot_density":1,"land_cover_class":10,"land_cover_name":"Tree cover","distance_to_industry_km":21.4329,"inside_industrial_polygon":0,"nearest_facility_type":"steel_smelter","nearest_facility_name":"Ramgarh - Hazaribagh Sponge Iron Belt","cluster_id":-1,"cluster_fire_count":1,"total_cluster_frp":0.55,"cluster_convex_hull_area_km2":0.0,"is_outbreak_front":false,"is_persistent_cluster":false}},{"type":"Feature","id":"631aa1aecfaacd20","geometry":{"type":"Point","coordinates":[85.00774,23.73743]},"properties":{"hotspot_id":"631aa1aecfaacd20","datetime_utc":"2024-12-25T19:23:00Z","satellite":"NOAA-20","daynight":"N","brightness":309.05,"frp":1.25,"confidence_numeric":60.0,"predicted_class":0,"predicted_label":"Wildfire","confidence_score":0.9997,"evidence_scores":{"land_cover_class":4.9213,"distance_to_industry_km":-0.1905,"local_hour":0.1904},"persistence_7d":1,"persistence_30d":3,"hotspot_density":1,"land_cover_class":10,"land_cover_name":"Tree cover","distance_to_industry_km":21.0906,"inside_industrial_polygon":0,"nearest_facility_type":"steel_smelter","nearest_facility_name":"Ramgarh - Hazaribagh Sponge Iron Belt","cluster_id":-1,"cluster_fire_count":1,"total_cluster_frp":1.25,"cluster_convex_hull_area_km2":0.0,"is_outbreak_front":false,"is_persistent_cluster":false}},{"type":"Feature","id":"64c031e72a9f4a67","geometry":{"type":"Point","coordinates":[83.84398,21.76221]},"properties":{"hotspot_id":"64c031e72a9f4a67","datetime_utc":"2024-12-25T19:23:00Z","satellite":"NOAA-20","daynight":"N","brightness":301.27,"frp":2.66,"confidence_numeric":60.0,"predicted_class":1,"predicted_label":"Agricultural burning","confidence_score":0.9992,"evidence_scores":{"land_cover_class":2.6152,"distance_to_industry_km":1.8197,"local_hour":-0.7093},"persistence_7d":0,"persistence_30d":2,"hotspot_density":1,"land_cover_class":30,"land_cover_name":"Grassland","distance_to_industry_km":6.2838,"inside_industrial_polygon":0,"nearest_facility_type":"steel_smelter","nearest_facility_name":"Odisha Steel Belt - Jharsuguda","cluster_id":-1,"cluster_fire_count":1,"total_cluster_frp":2.66,"cluster_convex_hull_area_km2":0.0,"is_outbreak_front":false,"is_persistent_cluster":false}},{"type":"Feature","id":"b941c96a7f3680bc","geometry":{"type":"Point","coordinates":[74.96964,33.01524]},"properties":{"hotspot_id":"b941c96a7f3680bc","datetime_utc":"2024-12-25T21:01:00Z","satellite":"NOAA-20","daynight":"N","brightness":331.47,"frp":2.13,"confidence_numeric":60.0,"predicted_class":1,"predicted_label":"Agricultural burning","confidence_score":0.9972,"evidence_scores":{"land_cover_class":2.6771,"distance_to_industry_km":2.1017,"local_hour":-0.7753},"persistence_7d":0,"persistence_30d":0,"hotspot_density":0,"land_cover_class":30,"land_cover_name":"Grassland","distance_to_industry_km":316.9952,"inside_industrial_polygon":0,"nearest_facility_type":"refinery_petrochemical","nearest_facility_name":"Guru Gobind Singh Refinery (Bathinda)","cluster_id":-1,"cluster_fire_count":1,"total_cluster_frp":2.13,"cluster_convex_hull_area_km2":0.0,"is_outbreak_front":false,"is_persistent_cluster":false}},{"type":"Feature","id":"5a2e109b1210b7ab","geometry":{"type":"Point","coordinates":[76.16436,29.15436]},"properties":{"hotspot_id":"5a2e109b1210b7ab","datetime_utc":"2024-12-25T21:02:00Z","satellite":"NOAA-20","daynight":"N","brightness":319.18,"frp":2.39,"confidence_numeric":60.0,"predicted_class":1,"predicted_label":"Agricultural burning","confidence_score":0.9997,"evidence_scores":{"land_cover_class":2.7158,"distance_to_industry_km":2.3773,"local_hour":-0.8484},"persistence_7d":0,"persistence_30d":0,"hotspot_density":0,"land_cover_class":40,"land_cover_name":"Cropland","distance_to_industry_km":66.7599,"inside_industrial_polygon":0,"nearest_facility_type":"refinery_petrochemical","nearest_facility_name":"Panipat Refinery & Petrochemicals","cluster_id":-1,"cluster_fire_count":1,"total_cluster_frp":2.39,"cluster_convex_hull_area_km2":0.0,"is_outbreak_front":false,"is_persistent_cluster":false}},{"type":"Feature","id":"da8ab7aeab642566","geometry":{"type":"Point","coordinates":[77.84953,27.66368]},"properties":{"hotspot_id":"da8ab7aeab642566","datetime_utc":"2024-12-25T21:02:00Z","satellite":"NOAA-20","daynight":"N","brightness":300.39,"frp":0.99,"confidence_numeric":60.0,"predicted_class":1,"predicted_label":"Agricultural burning","confidence_score":0.9989,"evidence_scores":{"land_cover_class":2.6499,"distance_to_industry_km":1.9233,"local_hour":-0.8475},"persistence_7d":0,"persistence_30d":0,"hotspot_density":0,"land_cover_class":40,"land_cover_name":"Cropland","distance_to_industry_km":25.9548,"inside_industrial_polygon":0,"nearest_facility_type":"refinery_petrochemical","nearest_facility_name":"Mathura Refinery","cluster_id":-1,"cluster_fire_count":1,"total_cluster_frp":0.99,"cluster_convex_hull_area_km2":0.0,"is_outbreak_front":false,"is_persistent_cluster":false}},{"type":"Feature","id":"7152d5cf35d2ffc8","geometry":{"type":"Point","coordinates":[81.98122,21.94309]},"properties":{"hotspot_id":"7152d5cf35d2ffc8","datetime_utc":"2024-12-25T21:04:00Z","satellite":"NOAA-20","daynight":"N","brightness":296.73,"frp":0.9,"confidence_numeric":60.0,"predicted_class":0,"predicted_label":"Wildfire","confidence_score":0.9999,"evidence_scores":{"land_cover_class":4.9685,"local_hour":0.2889,"brightness_contrast":-0.2426},"persistence_7d":0,"persistence_30d":0,"hotspot_density":0,"land_cover_class":10,"land_cover_name":"Tree cover","distance_to_industry_km":62.924,"inside_industrial_polygon":0,"nearest_facility_type":"steel_smelter","nearest_facility_name":"Raipur - Siltara Sponge Iron Cluster","cluster_id":-1,"cluster_fire_count":1,"total_cluster_frp":0.9,"cluster_convex_hull_area_km2":0.0,"is_outbreak_front":false,"is_persistent_cluster":false}},{"type":"Feature","id":"15805a2b398f45fc","geometry":{"type":"Point","coordinates":[72.41605,23.40675]},"properties":{"hotspot_id":"15805a2b398f45fc","datetime_utc":"2024-12-25T21:04:00Z","satellite":"NOAA-20","daynight":"N","brightness":296.19,"frp":0.54,"confidence_numeric":60.0,"predicted_class":5,"predicted_label":"Unknown","confidence_score":0.4375,"evidence_scores":{"frp":-4.7309,"frp_density":-0.8212,"distance_to_industry_km":0.4266},"persistence_7d":0,"persistence_30d":1,"hotspot_density":1,"land_cover_class":50,"land_cover_name":"Built-up","distance_to_industry_km":0.0,"inside_industrial_polygon":1,"nearest_facility_type":"oil_gas_flare","nearest_facility_name":"Mehsana - Kalol Oil Field","cluster_id":-1,"cluster_fire_count":1,"total_cluster_frp":0.54,"cluster_convex_hull_area_km2":0.0,"is_outbreak_front":false,"is_persistent_cluster":false}},{"type":"Feature","id":"75f43aaaf010ccc3","geometry":{"type":"Point","coordinates":[72.41683,23.41041]},"properties":{"hotspot_id":"75f43aaaf010ccc3","datetime_utc":"2024-12-25T21:04:00Z","satellite":"NOAA-20","daynight":"N","brightness":299.52,"frp":0.54,"confidence_numeric":60.0,"predicted_class":5,"predicted_label":"Unknown","confidence_score":0.4371,"evidence_scores":{"frp":-4.7309,"frp_density":-0.8212,"distance_to_industry_km":0.4266},"persistence_7d":0,"persistence_30d":1,"hotspot_density":1,"land_cover_class":50,"land_cover_name":"Built-up","distance_to_industry_km":0.0,"inside_industrial_polygon":1,"nearest_facility_type":"oil_gas_flare","nearest_facility_name":"Mehsana - Kalol Oil Field","cluster_id":-1,"cluster_fire_count":1,"total_cluster_frp":0.54,"cluster_convex_hull_area_km2":0.0,"is_outbreak_front":false,"is_persistent_cluster":false}},{"type":"Feature","id":"6ab83922b741271a","geometry":{"type":"Point","coordinates":[73.03925,18.69498]},"properties":{"hotspot_id":"6ab83922b741271a","datetime_utc":"2024-12-25T21:05:00Z","satellite":"NOAA-20","daynight":"N","brightness":309.7,"frp":1.15,"confidence_numeric":60.0,"predicted_class":4,"predicted_label":"Persistent thermal source","confidence_score":0.8285,"evidence_scores":{"persistence_30d":-3.5569,"persistence_7d":0.9226,"prior_detections_7d":0.3612},"persistence_7d":1,"persistence_30d":2,"hotspot_density":0,"land_cover_class":50,"land_cover_name":"Built-up","distance_to_industry_km":0.0,"inside_industrial_polygon":1,"nearest_facility_type":"steel_smelter","nearest_facility_name":"JSW Dolvi Works","cluster_id":-1,"cluster_fire_count":1,"total_cluster_frp":1.15,"cluster_convex_hull_area_km2":0.0,"is_outbreak_front":false,"is_persistent_cluster":false}},{"type":"Feature","id":"a8725f0826d8b22d","geometry":{"type":"Point","coordinates":[92.32527,25.05196]},"properties":{"hotspot_id":"a8725f0826d8b22d","datetime_utc":"2024-12-26T06:36:00Z","satellite":"NOAA-20","daynight":"D","brightness":338.5,"frp":20.94,"confidence_numeric":60.0,"predicted_class":0,"predicted_label":"Wildfire","confidence_score":0.9999,"evidence_scores":{"land_cover_class":5.0974,"distance_to_industry_km":0.5128,"local_hour":0.2924},"persistence_7d":0,"persistence_30d":0,"hotspot_density":0,"land_cover_class":10,"land_cover_name":"Tree cover","distance_to_industry_km":129.1918,"inside_industrial_polygon":0,"nearest_facility_type":"refinery_petrochemical","nearest_facility_name":"Guwahati Refinery","cluster_id":-1,"cluster_fire_count":1,"total_cluster_frp":20.94,"cluster_convex_hull_area_km2":0.0,"is_outbreak_front":false,"is_persistent_cluster":false}},{"type":"Feature","id":"45bc57cf8b5997ca","geometry":{"type":"Point","coordinates":[87.66895,22.74586]},"properties":{"hotspot_id":"45bc57cf8b5997ca","datetime_utc":"2024-12-26T06:36:00Z","satellite":"NOAA-20","daynight":"D","brightness":325.47,"frp":1.59,"confidence_numeric":60.0,"predicted_class":1,"predicted_label":"Agricultural burning","confidence_score":0.9999,"evidence_scores":{"land_cover_class":2.7059,"distance_to_industry_km":2.4556,"doy_cos":-0.3395},"persistence_7d":0,"persistence_30d":0,"hotspot_density":0,"land_cover_class":30,"land_cover_name":"Grassland","distance_to_industry_km":57.7238,"inside_industrial_polygon":0,"nearest_facility_type":"steel_smelter","nearest_facility_name":"Kharagpur Metallurgical Cluster","cluster_id":-1,"cluster_fire_count":1,"total_cluster_frp":1.59,"cluster_convex_hull_area_km2":0.0,"is_outbreak_front":false,"is_persistent_cluster":false}},{"type":"Feature","id":"372623e191f0fe23","geometry":{"type":"Point","coordinates":[91.49392,25.36729]},"properties":{"hotspot_id":"372623e191f0fe23","datetime_utc":"2024-12-26T06:36:00Z","satellite":"NOAA-20","daynight":"D","brightness":329.69,"frp":3.24,"confidence_numeric":60.0,"predicted_class":0,"predicted_label":"Wildfire","confidence_score":0.9999,"evidence_scores":{"land_cover_class":5.0829,"distance_to_industry_km":0.3002,"local_hour":0.2973},"persistence_7d":0,"persistence_30d":0,"hotspot_density":0,"land_cover_class":10,"land_cover_name":"Tree cover","distance_to_industry_km":89.958,"inside_industrial_polygon":0,"nearest_facility_type":"refinery_petrochemical","nearest_facility_name":"Guwahati Refinery","cluster_id":-1,"cluster_fire_count":1,"total_cluster_frp":3.24,"cluster_convex_hull_area_km2":0.0,"is_outbreak_front":false,"is_persistent_cluster":false}},{"type":"Feature","id":"cf53db40fb6a1df9","geometry":{"type":"Point","coordinates":[95.02348,26.55405]},"properties":{"hotspot_id":"cf53db40fb6a1df9","datetime_utc":"2024-12-26T06:37:00Z","satellite":"NOAA-20","daynight":"D","brightness":344.52,"frp":4.94,"confidence_numeric":60.0,"predicted_class":0,"predicted_label":"Wildfire","confidence_score":0.9999,"evidence_scores":{"land_cover_class":5.0157,"local_hour":0.2095,"brightness_contrast":0.1992},"persistence_7d":0,"persistence_30d":0,"hotspot_density":0,"land_cover_class":10,"land_cover_name":"Tree cover","distance_to_industry_km":43.5643,"inside_industrial_polygon":0,"nearest_facility_type":"oil_gas_flare","nearest_facility_name":"Upper Assam Oil Fields - Lakwa / Geleki","cluster_id":-1,"cluster_fire_count":1,"total_cluster_frp":4.94,"cluster_convex_hull_area_km2":0.0,"is_outbreak_front":false,"is_persistent_cluster":false}},{"type":"Feature","id":"0a64326f2ce7958b","geometry":{"type":"Point","coordinates":[84.35841,25.39062]},"properties":{"hotspot_id":"0a64326f2ce7958b","datetime_utc":"2024-12-26T06:37:00Z","satellite":"NOAA-20","daynight":"D","brightness":327.18,"frp":4.11,"confidence_numeric":60.0,"predicted_class":1,"predicted_label":"Agricultural burning","confidence_score":0.9998,"evidence_scores":{"land_cover_class":2.718,"distance_to_industry_km":2.493,"track":0.4043},"persistence_7d":0,"persistence_30d":0,"hotspot_density":0,"land_cover_class":40,"land_cover_name":"Cropland","distance_to_industry_km":164.0939,"inside_industrial_polygon":0,"nearest_facility_type":"refinery_petrochemical","nearest_facility_name":"Barauni Refinery","cluster_id":-1,"cluster_fire_count":1,"total_cluster_frp":4.11,"cluster_convex_hull_area_km2":0.0,"is_outbreak_front":false,"is_persistent_cluster":false}},{"type":"Feature","id":"3272315bdc155a1d","geometry":{"type":"Point","coordinates":[94.97072,26.5663]},"properties":{"hotspot_id":"3272315bdc155a1d","datetime_utc":"2024-12-26T06:37:00Z","satellite":"NOAA-20","daynight":"D","brightness":294.39,"frp":31.48,"confidence_numeric":30.0,"predicted_class":0,"predicted_label":"Wildfire","confidence_score":0.9997,"evidence_scores":{"land_cover_class":5.0345,"brightness_contrast":-0.2429,"local_hour":0.2147},"persistence_7d":0,"persistence_30d":0,"hotspot_density":0,"land_cover_class":10,"land_cover_name":"Tree cover","distance_to_industry_km":39.2387,"inside_industrial_polygon":0,"nearest_facility_type":"oil_gas_flare","nearest_facility_name":"Upper Assam Oil Fields - Lakwa / Geleki","cluster_id":-1,"cluster_fire_count":1,"total_cluster_frp":31.48,"cluster_convex_hull_area_km2":0.0,"is_outbreak_front":false,"is_persistent_cluster":false}},{"type":"Feature","id":"d505e3a54283b167","geometry":{"type":"Point","coordinates":[94.81014,26.65549]},"properties":{"hotspot_id":"d505e3a54283b167","datetime_utc":"2024-12-26T06:37:00Z","satellite":"NOAA-20","daynight":"D","brightness":345.37,"frp":30.01,"confidence_numeric":60.0,"predicted_class":0,"predicted_label":"Wildfire","confidence_score":0.9998,"evidence_scores":{"land_cover_class":4.9906,"distance_to_industry_km":-0.2799,"local_hour":0.2166},"persistence_7d":0,"persistence_30d":0,"hotspot_density":0,"land_cover_class":10,"land_cover_name":"Tree cover","distance_to_industry_km":22.4012,"inside_industrial_polygon":0,"nearest_facility_type":"oil_gas_flare","nearest_facility_name":"Upper Assam Oil Fields - Lakwa / Geleki","cluster_id":-1,"cluster_fire_count":1,"total_cluster_frp":30.01,"cluster_convex_hull_area_km2":0.0,"is_outbreak_front":false,"is_persistent_cluster":false}},{"type":"Feature","id":"dd9548d5f61781c0","geometry":{"type":"Point","coordinates":[95.62251,26.93887]},"properties":{"hotspot_id":"dd9548d5f61781c0","datetime_utc":"2024-12-26T06:37:00Z","satellite":"NOAA-20","daynight":"D","brightness":327.66,"frp":3.19,"confidence_numeric":60.0,"predicted_class":1,"predicted_label":"Agricultural burning","confidence_score":0.9997,"evidence_scores":{"land_cover_class":2.7045,"distance_to_industry_km":2.028,"track":-0.468},"persistence_7d":0,"persistence_30d":0,"hotspot_density":0,"land_cover_class":30,"land_cover_name":"Grassland","distance_to_industry_km":32.7528,"inside_industrial_polygon":0,"nearest_facility_type":"oil_gas_flare","nearest_facility_name":"Upper Assam Oil Fields - Duliajan / Digboi","cluster_id":-1,"cluster_fire_count":1,"total_cluster_frp":3.19,"cluster_convex_hull_area_km2":0.0,"is_outbreak_front":false,"is_persistent_cluster":false}},{"type":"Feature","id":"cb4ee8e1d868cb98","geometry":{"type":"Point","coordinates":[74.59182,16.35624]},"properties":{"hotspot_id":"cb4ee8e1d868cb98","datetime_utc":"2024-12-26T08:15:00Z","satellite":"NOAA-20","daynight":"D","brightness":334.17,"frp":3.64,"confidence_numeric":60.0,"predicted_class":1,"predicted_label":"Agricultural burning","confidence_score":0.9997,"evidence_scores":{"land_cover_class":2.6896,"distance_to_industry_km":2.336,"track":-0.4812},"persistence_7d":0,"persistence_30d":0,"hotspot_density":0,"land_cover_class":30,"land_cover_name":"Grassland","distance_to_industry_km":249.0709,"inside_industrial_polygon":0,"nearest_facility_type":"steel_smelter","nearest_facility_name":"JSW Vijayanagar (Toranagallu)","cluster_id":-1,"cluster_fire_count":1,"total_cluster_frp":3.64,"cluster_convex_hull_area_km2":0.0,"is_outbreak_front":false,"is_persistent_cluster":false}},{"type":"Feature","id":"1302adbced85f17e","geometry":{"type":"Point","coordinates":[82.68655,22.03631]},"properties":{"hotspot_id":"1302adbced85f17e","datetime_utc":"2024-12-26T08:16:00Z","satellite":"NOAA-20","daynight":"D","brightness":332.41,"frp":1.93,"confidence_numeric":60.0,"predicted_class":0,"predicted_label":"Wildfire","confidence_score":0.9997,"evidence_scores":{"land_cover_class":5.0104,"distance_to_industry_km":-0.3049,"scan":-0.1477},"persistence_7d":0,"persistence_30d":0,"hotspot_density":0,"land_cover_class":10,"land_cover_name":"Tree cover","distance_to_industry_km":18.9083,"inside_industrial_polygon":0,"nearest_facility_type":"power_coal","nearest_facility_name":"Korba Coal & Power Complex","cluster_id":-1,"cluster_fire_count":1,"total_cluster_frp":1.93,"cluster_convex_hull_area_km2":0.0,"is_outbreak_front":false,"is_persistent_cluster":false}},{"type":"Feature","id":"7996cd5295d17293","geometry":{"type":"Point","coordinates":[72.81976,21.02205]},"properties":{"hotspot_id":"7996cd5295d17293","datetime_utc":"2024-12-26T08:16:00Z","satellite":"NOAA-20","daynight":"D","brightness":335.03,"frp":2.75,"confidence_numeric":60.0,"predicted_class":1,"predicted_label":"Agricultural burning","confidence_score":0.9998,"evidence_scores":{"land_cover_class":2.7096,"distance_to_industry_km":1.9774,"track":-0.4644},"persistence_7d":0,"persistence_30d":0,"hotspot_density":0,"land_cover_class":30,"land_cover_name":"Grassland","distance_to_industry_km":11.6325,"inside_industrial_polygon":0,"nearest_facility_type":"refinery_steel","nearest_facility_name":"Hazira Industrial Belt","cluster_id":-1,"cluster_fire_count":1,"total_cluster_frp":2.75,"cluster_convex_hull_area_km2":0.0,"is_outbreak_front":false,"is_persistent_cluster":false}},{"type":"Feature","id":"5c96cbe08aeb6ee1","geometry":{"type":"Point","coordinates":[82.1431,22.18462]},"properties":{"hotspot_id":"5c96cbe08aeb6ee1","datetime_utc":"2024-12-26T08:16:00Z","satellite":"NOAA-20","daynight":"D","brightness":330.84,"frp":1.65,"confidence_numeric":60.0,"predicted_class":0,"predicted_label":"Wildfire","confidence_score":0.9997,"evidence_scores":{"land_cover_class":5.064,"scan":-0.1477,"doy_cos":-0.139},"persistence_7d":0,"persistence_30d":0,"hotspot_density":0,"land_cover_class":10,"land_cover_name":"Tree cover","distance_to_industry_km":44.1848,"inside_industrial_polygon":0,"nearest_facility_type":"power_coal","nearest_facility_name":"Korba Coal & Power Complex","cluster_id":-1,"cluster_fire_count":1,"total_cluster_frp":1.65,"cluster_convex_hull_area_km2":0.0,"is_outbreak_front":false,"is_persistent_cluster":false}},{"type":"Feature","id":"5c16477daa61b6fe","geometry":{"type":"Point","coordinates":[82.80036,21.38311]},"properties":{"hotspot_id":"5c16477daa61b6fe","datetime_utc":"2024-12-26T08:16:00Z","satellite":"NOAA-20","daynight":"D","brightness":334.72,"frp":3.08,"confidence_numeric":60.0,"predicted_class":0,"predicted_label":"Wildfire","confidence_score":0.9998,"evidence_scores":{"land_cover_class":5.0254,"brightness_contrast":0.2027,"distance_to_industry_km":0.1996},"persistence_7d":0,"persistence_30d":0,"hotspot_density":0,"land_cover_class":10,"land_cover_name":"Tree cover","distance_to_industry_km":76.0883,"inside_industrial_polygon":0,"nearest_facility_type":"steel_smelter","nearest_facility_name":"Raigarh - Tamnar Industrial Zone","cluster_id":-1,"cluster_fire_count":1,"total_cluster_frp":3.08,"cluster_convex_hull_area_km2":0.0,"is_outbreak_front":false,"is_persistent_cluster":false}},{"type":"Feature","id":"1c2083991252883e","geometry":{"type":"Point","coordinates":[83.01993,21.86187]},"properties":{"hotspot_id":"1c2083991252883e","datetime_utc":"2024-12-26T08:16:00Z","satellite":"NOAA-20","daynight":"D","brightness":333.89,"frp":2.62,"confidence_numeric":60.0,"predicted_class":0,"predicted_label":"Wildfire","confidence_score":0.9998,"evidence_scores":{"land_cover_class":5.0115,"brightness_contrast":0.1598,"doy_cos":-0.1569},"persistence_7d":0,"persistence_30d":0,"hotspot_density":0,"land_cover_class":10,"land_cover_name":"Tree cover","distance_to_industry_km":29.4381,"inside_industrial_polygon":0,"nearest_facility_type":"steel_smelter","nearest_facility_name":"Raigarh - Tamnar Industrial Zone","cluster_id":-1,"cluster_fire_count":1,"total_cluster_frp":2.62,"cluster_convex_hull_area_km2":0.0,"is_outbreak_front":false,"is_persistent_cluster":false}},{"type":"Feature","id":"66f74ac09691b672","geometry":{"type":"Point","coordinates":[77.04456,19.36385]},"properties":{"hotspot_id":"66f74ac09691b672","datetime_utc":"2024-12-26T08:16:00Z","satellite":"NOAA-20","daynight":"D","brightness":330.64,"frp":5.08,"confidence_numeric":60.0,"predicted_class":1,"predicted_label":"Agricultural burning","confidence_score":0.9999,"evidence_scores":{"land_cover_class":2.685,"distance_to_industry_km":2.438,"doy_cos":-0.3689},"persistence_7d":0,"persistence_30d":0,"hotspot_density":0,"land_cover_class":30,"land_cover_name":"Grassland","distance_to_industry_km":422.7722,"inside_industrial_polygon":0,"nearest_facility_type":"steel_smelter","nearest_facility_name":"JSW Dolvi Works","cluster_id":-1,"cluster_fire_count":1,"total_cluster_frp":5.08,"cluster_convex_hull_area_km2":0.0,"is_outbreak_front":false,"is_persistent_cluster":false}},{"type":"Feature","id":"555681e404a8ac00","geometry":{"type":"Point","coordinates":[82.68432,21.65313]},"properties":{"hotspot_id":"555681e404a8ac00","datetime_utc":"2024-12-26T08:16:00Z","satellite":"NOAA-20","daynight":"D","brightness":367.0,"frp":13.91,"confidence_numeric":90.0,"predicted_class":0,"predicted_label":"Wildfire","confidence_score":0.9998,"evidence_scores":{"land_cover_class":5.0433,"brightness_contrast":0.207,"scan":-0.1477},"persistence_7d":0,"persistence_30d":0,"hotspot_density":0,"land_cover_class":10,"land_cover_name":"Tree cover","distance_to_industry_km":61.5054,"inside_industrial_polygon":0,"nearest_facility_type":"power_coal","nearest_facility_name":"Korba Coal & Power Complex","cluster_id":-1,"cluster_fire_count":1,"total_cluster_frp":13.91,"cluster_convex_hull_area_km2":0.0,"is_outbreak_front":false,"is_persistent_cluster":false}},{"type":"Feature","id":"8097f6a748e73497","geometry":{"type":"Point","coordinates":[83.39772,21.7915]},"properties":{"hotspot_id":"8097f6a748e73497","datetime_utc":"2024-12-26T08:16:00Z","satellite":"NOAA-20","daynight":"D","brightness":331.6,"frp":3.05,"confidence_numeric":60.0,"predicted_class":0,"predicted_label":"Wildfire","confidence_score":0.9993,"evidence_scores":{"land_cover_class":4.9886,"distance_to_industry_km":-1.3361,"doy_cos":-0.1532},"persistence_7d":0,"persistence_30d":0,"hotspot_density":0,"land_cover_class":10,"land_cover_name":"Tree cover","distance_to_industry_km":2.4316,"inside_industrial_polygon":0,"nearest_facility_type":"steel_smelter","nearest_facility_name":"Raigarh - Tamnar Industrial Zone","cluster_id":-1,"cluster_fire_count":1,"total_cluster_frp":3.05,"cluster_convex_hull_area_km2":0.0,"is_outbreak_front":false,"is_persistent_cluster":false}},{"type":"Feature","id":"945becdd9b55253c","geometry":{"type":"Point","coordinates":[84.89605,21.83507]},"properties":{"hotspot_id":"945becdd9b55253c","datetime_utc":"2024-12-26T08:16:00Z","satellite":"NOAA-20","daynight":"D","brightness":327.3,"frp":4.94,"confidence_numeric":60.0,"predicted_class":1,"predicted_label":"Agricultural burning","confidence_score":0.9999,"evidence_scores":{"land_cover_class":2.712,"distance_to_industry_km":2.0389,"doy_cos":-0.3725},"persistence_7d":0,"persistence_30d":0,"hotspot_density":0,"land_cover_class":30,"land_cover_name":"Grassland","distance_to_industry_km":36.9633,"inside_industrial_polygon":0,"nearest_facility_type":"steel_smelter","nearest_facility_name":"Rourkela Steel Plant","cluster_id":-1,"cluster_fire_count":1,"total_cluster_frp":4.94,"cluster_convex_hull_area_km2":0.0,"is_outbreak_front":false,"is_persistent_cluster":false}},{"type":"Feature","id":"cb18a0663679d03a","geometry":{"type":"Point","coordinates":[83.35548,21.65972]},"properties":{"hotspot_id":"cb18a0663679d03a","datetime_utc":"2024-12-26T08:16:00Z","satellite":"NOAA-20","daynight":"D","brightness":335.63,"frp":3.03,"confidence_numeric":60.0,"predicted_class":0,"predicted_label":"Wildfire","confidence_score":0.9998,"evidence_scores":{"land_cover_class":4.9734,"distance_to_industry_km":-0.2644,"brightness_contrast":0.2027},"persistence_7d":0,"persistence_30d":0,"hotspot_density":0,"land_cover_class":10,"land_cover_name":"Tree cover","distance_to_industry_km":17.7205,"inside_industrial_polygon":0,"nearest_facility_type":"steel_smelter","nearest_facility_name":"Raigarh - Tamnar Industrial Zone","cluster_id":-1,"cluster_fire_count":1,"total_cluster_frp":3.03,"cluster_convex_hull_area_km2":0.0,"is_outbreak_front":false,"is_persistent_cluster":false}},{"type":"Feature","id":"8be194635c3c94dd","geometry":{"type":"Point","coordinates":[82.42992,21.70858]},"properties":{"hotspot_id":"8be194635c3c94dd","datetime_utc":"2024-12-26T08:16:00Z","satellite":"NOAA-20","daynight":"D","brightness":334.2,"frp":4.2,"confidence_numeric":60.0,"predicted_class":0,"predicted_label":"Wildfire","confidence_score":0.9998,"evidence_scores":{"land_cover_class":5.0514,"brightness_contrast":0.159,"scan":-0.1477},"persistence_7d":0,"persistence_30d":0,"hotspot_density":0,"land_cover_class":10,"land_cover_name":"Tree cover","distance_to_industry_km":60.5633,"inside_industrial_polygon":0,"nearest_facility_type":"power_coal","nearest_facility_name":"Korba Coal & Power Complex","cluster_id":-1,"cluster_fire_count":1,"total_cluster_frp":4.2,"cluster_convex_hull_area_km2":0.0,"is_outbreak_front":false,"is_persistent_cluster":false}},{"type":"Feature","id":"dd7e7732eb62398c","geometry":{"type":"Point","coordinates":[84.4873,25.40522]},"properties":{"hotspot_id":"dd7e7732eb62398c","datetime_utc":"2024-12-26T08:17:00Z","satellite":"NOAA-20","daynight":"D","brightness":336.12,"frp":3.42,"confidence_numeric":60.0,"predicted_class":1,"predicted_label":"Agricultural burning","confidence_score":0.9999,"evidence_scores":{"land_cover_class":2.7063,"distance_to_industry_km":2.5441,"doy_cos":-0.3735},"persistence_7d":0,"persistence_30d":0,"hotspot_density":0,"land_cover_class":40,"land_cover_name":"Cropland","distance_to_industry_km":151.0769,"inside_industrial_polygon":0,"nearest_facility_type":"refinery_petrochemical","nearest_facility_name":"Barauni Refinery","cluster_id":-1,"cluster_fire_count":1,"total_cluster_frp":3.42,"cluster_convex_hull_area_km2":0.0,"is_outbreak_front":false,"is_persistent_cluster":false}},{"type":"Feature","id":"7f96494ffce4004f","geometry":{"type":"Point","coordinates":[84.29699,24.92233]},"properties":{"hotspot_id":"7f96494ffce4004f","datetime_utc":"2024-12-26T08:17:00Z","satellite":"NOAA-20","daynight":"D","brightness":331.8,"frp":2.88,"confidence_numeric":60.0,"predicted_class":1,"predicted_label":"Agricultural burning","confidence_score":0.9999,"evidence_scores":{"land_cover_class":2.7096,"distance_to_industry_km":2.524,"doy_cos":-0.3565},"persistence_7d":0,"persistence_30d":0,"hotspot_density":0,"land_cover_class":40,"land_cover_name":"Cropland","distance_to_industry_km":158.7974,"inside_industrial_polygon":0,"nearest_facility_type":"steel_smelter","nearest_facility_name":"Ramgarh - Hazaribagh Sponge Iron Belt","cluster_id":-1,"cluster_fire_count":1,"total_cluster_frp":2.88,"cluster_convex_hull_area_km2":0.0,"is_outbreak_front":false,"is_persistent_cluster":false}},{"type":"Feature","id":"d36153a43ccba6df","geometry":{"type":"Point","coordinates":[81.01878,28.28198]},"properties":{"hotspot_id":"d36153a43ccba6df","datetime_utc":"2024-12-26T08:18:00Z","satellite":"NOAA-20","daynight":"D","brightness":334.17,"frp":2.02,"confidence_numeric":60.0,"predicted_class":1,"predicted_label":"Agricultural burning","confidence_score":0.9999,"evidence_scores":{"land_cover_class":2.6987,"distance_to_industry_km":2.2488,"doy_cos":-0.3678},"persistence_7d":0,"persistence_30d":0,"hotspot_density":0,"land_cover_class":40,"land_cover_name":"Cropland","distance_to_industry_km":334.1711,"inside_industrial_polygon":0,"nearest_facility_type":"refinery_petrochemical","nearest_facility_name":"Mathura Refinery","cluster_id":-1,"cluster_fire_count":1,"total_cluster_frp":2.02,"cluster_convex_hull_area_km2":0.0,"is_outbreak_front":false,"is_persistent_cluster":false}},{"type":"Feature","id":"9785f27b12842802","geometry":{"type":"Point","coordinates":[77.78774,29.1213]},"properties":{"hotspot_id":"9785f27b12842802","datetime_utc":"2024-12-26T08:18:00Z","satellite":"NOAA-20","daynight":"D","brightness":331.83,"frp":2.03,"confidence_numeric":60.0,"predicted_class":1,"predicted_label":"Agricultural burning","confidence_score":0.9999,"evidence_scores":{"land_cover_class":2.7159,"distance_to_industry_km":2.5766,"doy_cos":-0.3693},"persistence_7d":0,"persistence_30d":0,"hotspot_density":0,"land_cover_class":40,"land_cover_name":"Cropland","distance_to_industry_km":90.8326,"inside_industrial_polygon":0,"nearest_facility_type":"refinery_petrochemical","nearest_facility_name":"Panipat Refinery & Petrochemicals","cluster_id":-1,"cluster_fire_count":1,"total_cluster_frp":2.03,"cluster_convex_hull_area_km2":0.0,"is_outbreak_front":false,"is_persistent_cluster":false}},{"type":"Feature","id":"7e4e8ad8ac6f9f41","geometry":{"type":"Point","coordinates":[76.93652,29.36281]},"properties":{"hotspot_id":"7e4e8ad8ac6f9f41","datetime_utc":"2024-12-26T08:19:00Z","satellite":"NOAA-20","daynight":"D","brightness":333.4,"frp":3.43,"confidence_numeric":60.0,"predicted_class":1,"predicted_label":"Agricultural burning","confidence_score":0.9999,"evidence_scores":{"land_cover_class":2.711,"distance_to_industry_km":2.0664,"doy_cos":-0.3711},"persistence_7d":0,"persistence_30d":0,"hotspot_density":0,"land_cover_class":40,"land_cover_name":"Cropland","distance_to_industry_km":4.5216,"inside_industrial_polygon":0,"nearest_facility_type":"refinery_petrochemical","nearest_facility_name":"Panipat Refinery & Petrochemicals","cluster_id":-1,"cluster_fire_count":1,"total_cluster_frp":3.43,"cluster_convex_hull_area_km2":0.0,"is_outbreak_front":false,"is_persistent_cluster":false}},{"type":"Feature","id":"1df256607e3878f6","geometry":{"type":"Point","coordinates":[74.08633,30.23624]},"properties":{"hotspot_id":"1df256607e3878f6","datetime_utc":"2024-12-26T08:19:00Z","satellite":"NOAA-20","daynight":"D","brightness":333.7,"frp":3.73,"confidence_numeric":60.0,"predicted_class":1,"predicted_label":"Agricultural burning","confidence_score":0.9999,"evidence_scores":{"land_cover_class":2.7077,"distance_to_industry_km":2.4653,"doy_cos":-0.3786},"persistence_7d":0,"persistence_30d":0,"hotspot_density":0,"land_cover_class":40,"land_cover_name":"Cropland","distance_to_industry_km":53.2732,"inside_industrial_polygon":0,"nearest_facility_type":"refinery_petrochemical","nearest_facility_name":"Guru Gobind Singh Refinery (Bathinda)","cluster_id":-1,"cluster_fire_count":1,"total_cluster_frp":3.73,"cluster_convex_hull_area_km2":0.0,"is_outbreak_front":false,"is_persistent_cluster":false}},{"type":"Feature","id":"98c26dd865b2c3f0","geometry":{"type":"Point","coordinates":[75.67291,31.95056]},"properties":{"hotspot_id":"98c26dd865b2c3f0","datetime_utc":"2024-12-26T08:19:00Z","satellite":"NOAA-20","daynight":"D","brightness":326.85,"frp":1.52,"confidence_numeric":60.0,"predicted_class":1,"predicted_label":"Agricultural burning","confidence_score":0.9998,"evidence_scores":{"land_cover_class":2.7082,"distance_to_industry_km":2.3849,"doy_cos":-0.3735},"persistence_7d":0,"persistence_30d":0,"hotspot_density":0,"land_cover_class":40,"land_cover_name":"Cropland","distance_to_industry_km":218.4454,"inside_industrial_polygon":0,"nearest_facility_type":"refinery_petrochemical","nearest_facility_name":"Guru Gobind Singh Refinery (Bathinda)","cluster_id":-1,"cluster_fire_count":1,"total_cluster_frp":1.52,"cluster_convex_hull_area_km2":0.0,"is_outbreak_front":false,"is_persistent_cluster":false}},{"type":"Feature","id":"3e50143f59776bf8","geometry":{"type":"Point","coordinates":[77.21812,29.75163]},"properties":{"hotspot_id":"3e50143f59776bf8","datetime_utc":"2024-12-26T08:19:00Z","satellite":"NOAA-20","daynight":"D","brightness":325.5,"frp":1.75,"confidence_numeric":60.0,"predicted_class":1,"predicted_label":"Agricultural burning","confidence_score":1.0,"evidence_scores":{"land_cover_class":2.7126,"distance_to_industry_km":2.3867,"doy_cos":-0.3602},"persistence_7d":0,"persistence_30d":0,"hotspot_density":0,"land_cover_class":40,"land_cover_name":"Cropland","distance_to_industry_km":45.2532,"inside_industrial_polygon":0,"nearest_facility_type":"refinery_petrochemical","nearest_facility_name":"Panipat Refinery & Petrochemicals","cluster_id":-1,"cluster_fire_count":1,"total_cluster_frp":1.75,"cluster_convex_hull_area_km2":0.0,"is_outbreak_front":false,"is_persistent_cluster":false}},{"type":"Feature","id":"e83d8b0716c3b64b","geometry":{"type":"Point","coordinates":[75.81899,31.29036]},"properties":{"hotspot_id":"e83d8b0716c3b64b","datetime_utc":"2024-12-26T08:19:00Z","satellite":"NOAA-20","daynight":"D","brightness":330.02,"frp":5.03,"confidence_numeric":60.0,"predicted_class":1,"predicted_label":"Agricultural burning","confidence_score":0.9999,"evidence_scores":{"land_cover_class":2.7167,"distance_to_industry_km":2.5752,"doy_cos":-0.3734},"persistence_7d":0,"persistence_30d":0,"hotspot_density":0,"land_cover_class":40,"land_cover_name":"Cropland","distance_to_industry_km":163.8302,"inside_industrial_polygon":0,"nearest_facility_type":"refinery_petrochemical","nearest_facility_name":"Guru Gobind Singh Refinery (Bathinda)","cluster_id":-1,"cluster_fire_count":1,"total_cluster_frp":5.03,"cluster_convex_hull_area_km2":0.0,"is_outbreak_front":false,"is_persistent_cluster":false}},{"type":"Feature","id":"7198537a4c1c2367","geometry":{"type":"Point","coordinates":[75.92674,32.85288]},"properties":{"hotspot_id":"7198537a4c1c2367","datetime_utc":"2024-12-26T08:20:00Z","satellite":"NOAA-20","daynight":"D","brightness":336.04,"frp":5.0,"confidence_numeric":60.0,"predicted_class":0,"predicted_label":"Wildfire","confidence_score":0.9999,"evidence_scores":{"land_cover_class":5.0119,"distance_to_industry_km":1.0078,"facility_type_code":0.1598},"persistence_7d":0,"persistence_30d":0,"hotspot_density":0,"land_cover_class":10,"land_cover_name":"Tree cover","distance_to_industry_km":320.0214,"inside_industrial_polygon":0,"nearest_facility_type":"refinery_petrochemical","nearest_facility_name":"Guru Gobind Singh Refinery (Bathinda)","cluster_id":-1,"cluster_fire_count":1,"total_cluster_frp":5.0,"cluster_convex_hull_area_km2":0.0,"is_outbreak_front":false,"is_persistent_cluster":false}},{"type":"Feature","id":"9fea445a02373c16","geometry":{"type":"Point","coordinates":[74.9575,33.00762]},"properties":{"hotspot_id":"9fea445a02373c16","datetime_utc":"2024-12-26T08:20:00Z","satellite":"NOAA-20","daynight":"D","brightness":328.76,"frp":2.51,"confidence_numeric":60.0,"predicted_class":1,"predicted_label":"Agricultural burning","confidence_score":0.9997,"evidence_scores":{"land_cover_class":2.6896,"distance_to_industry_km":2.2401,"doy_cos":-0.3749},"persistence_7d":0,"persistence_30d":0,"hotspot_density":0,"land_cover_class":30,"land_cover_name":"Grassland","distance_to_industry_km":316.0549,"inside_industrial_polygon":0,"nearest_facility_type":"refinery_petrochemical","nearest_facility_name":"Guru Gobind Singh Refinery (Bathinda)","cluster_id":-1,"cluster_fire_count":1,"total_cluster_frp":2.51,"cluster_convex_hull_area_km2":0.0,"is_outbreak_front":false,"is_persistent_cluster":false}},{"type":"Feature","id":"7f916d3a41d55c86","geometry":{"type":"Point","coordinates":[74.13499,34.61172]},"properties":{"hotspot_id":"7f916d3a41d55c86","datetime_utc":"2024-12-26T08:20:00Z","satellite":"NOAA-20","daynight":"D","brightness":329.58,"frp":3.17,"confidence_numeric":60.0,"predicted_class":1,"predicted_label":"Agricultural burning","confidence_score":0.9996,"evidence_scores":{"land_cover_class":2.6773,"distance_to_industry_km":2.2204,"doy_cos":-0.3766},"persistence_7d":0,"persistence_30d":0,"hotspot_density":0,"land_cover_class":30,"land_cover_name":"Grassland","distance_to_industry_km":495.964,"inside_industrial_polygon":0,"nearest_facility_type":"refinery_petrochemical","nearest_facility_name":"Guru Gobind Singh Refinery (Bathinda)","cluster_id":-1,"cluster_fire_count":1,"total_cluster_frp":3.17,"cluster_convex_hull_area_km2":0.0,"is_outbreak_front":false,"is_persistent_cluster":false}},{"type":"Feature","id":"4e02e5344cb5a66a","geometry":{"type":"Point","coordinates":[74.41872,32.86502]},"properties":{"hotspot_id":"4e02e5344cb5a66a","datetime_utc":"2024-12-26T08:20:00Z","satellite":"NOAA-20","daynight":"D","brightness":328.22,"frp":3.63,"confidence_numeric":60.0,"predicted_class":1,"predicted_label":"Agricultural burning","confidence_score":0.9997,"evidence_scores":{"land_cover_class":2.684,"distance_to_industry_km":2.2397,"doy_cos":-0.3739},"persistence_7d":0,"persistence_30d":0,"hotspot_density":0,"land_cover_class":30,"land_cover_name":"Grassland","distance_to_industry_km":300.1276,"inside_industrial_polygon":0,"nearest_facility_type":"refinery_petrochemical","nearest_facility_name":"Guru Gobind Singh Refinery (Bathinda)","cluster_id":-1,"cluster_fire_count":1,"total_cluster_frp":3.63,"cluster_convex_hull_area_km2":0.0,"is_outbreak_front":false,"is_persistent_cluster":false}},{"type":"Feature","id":"d3d100df80ef79b7","geometry":{"type":"Point","coordinates":[87.08147,23.56089]},"properties":{"hotspot_id":"d3d100df80ef79b7","datetime_utc":"2024-12-26T19:04:00Z","satellite":"NOAA-20","daynight":"N","brightness":308.96,"frp":2.41,"confidence_numeric":60.0,"predicted_class":5,"predicted_label":"Unknown","confidence_score":0.3748,"evidence_scores":{"frp":-4.7154,"frp_density":-0.8212,"distance_to_industry_km":0.4155},"persistence_7d":0,"persistence_30d":0,"hotspot_density":0,"land_cover_class":50,"land_cover_name":"Built-up","distance_to_industry_km":0.0,"inside_industrial_polygon":1,"nearest_facility_type":"coal_mining_fire","nearest_facility_name":"Raniganj Coalfield / Durgapur","cluster_id":-1,"cluster_fire_count":1,"total_cluster_frp":2.41,"cluster_convex_hull_area_km2":0.0,"is_outbreak_front":false,"is_persistent_cluster":false}},{"type":"Feature","id":"5ba8b1a7466fceb9","geometry":{"type":"Point","coordinates":[86.0931,23.68043]},"properties":{"hotspot_id":"5ba8b1a7466fceb9","datetime_utc":"2024-12-26T19:04:00Z","satellite":"NOAA-20","daynight":"N","brightness":299.58,"frp":1.69,"confidence_numeric":60.0,"predicted_class":4,"predicted_label":"Persistent thermal source","confidence_score":0.9999,"evidence_scores":{"persistence_30d":4.374,"persistence_7d":0.9226,"prior_detections_7d":0.3612},"persistence_7d":1,"persistence_30d":7,"hotspot_density":0,"land_cover_class":50,"land_cover_name":"Built-up","distance_to_industry_km":0.0,"inside_industrial_polygon":1,"nearest_facility_type":"steel_smelter","nearest_facility_name":"Bokaro Steel City / Bermo Coalfield","cluster_id":-1,"cluster_fire_count":1,"total_cluster_frp":1.69,"cluster_convex_hull_area_km2":0.0,"is_outbreak_front":false,"is_persistent_cluster":false}},{"type":"Feature","id":"247795072cb9dc56","geometry":{"type":"Point","coordinates":[87.29771,22.36402]},"properties":{"hotspot_id":"247795072cb9dc56","datetime_utc":"2024-12-26T19:04:00Z","satellite":"NOAA-20","daynight":"N","brightness":308.3,"frp":1.39,"confidence_numeric":60.0,"predicted_class":1,"predicted_label":"Agricultural burning","confidence_score":0.9985,"evidence_scores":{"land_cover_class":2.6407,"distance_to_industry_km":1.8619,"local_hour":-0.7321},"persistence_7d":2,"persistence_30d":6,"hotspot_density":0,"land_cover_class":30,"land_cover_name":"Grassland","distance_to_industry_km":5.2035,"inside_industrial_polygon":0,"nearest_facility_type":"steel_smelter","nearest_facility_name":"Kharagpur Metallurgical Cluster","cluster_id":-1,"cluster_fire_count":1,"total_cluster_frp":1.39,"cluster_convex_hull_area_km2":0.0,"is_outbreak_front":false,"is_persistent_cluster":false}},{"type":"Feature","id":"fe0822378887aeca","geometry":{"type":"Point","coordinates":[87.1192,23.6964]},"properties":{"hotspot_id":"fe0822378887aeca","datetime_utc":"2024-12-26T19:04:00Z","satellite":"NOAA-20","daynight":"N","brightness":320.11,"frp":2.79,"confidence_numeric":60.0,"predicted_class":4,"predicted_label":"Persistent thermal source","confidence_score":0.8525,"evidence_scores":{"persistence_30d":-3.5569,"persistence_7d":0.9226,"prior_detections_7d":0.3612},"persistence_7d":2,"persistence_30d":5,"hotspot_density":2,"land_cover_class":50,"land_cover_name":"Built-up","distance_to_industry_km":0.0,"inside_industrial_polygon":1,"nearest_facility_type":"coal_mining_fire","nearest_facility_name":"Raniganj Coalfield / Durgapur","cluster_id":1880,"cluster_fire_count":3,"total_cluster_frp":6.91,"cluster_convex_hull_area_km2":0.0829,"is_outbreak_front":false,"is_persistent_cluster":false}},{"type":"Feature","id":"8cf305a96e34b0d5","geometry":{"type":"Point","coordinates":[87.01289,22.37083]},"properties":{"hotspot_id":"8cf305a96e34b0d5","datetime_utc":"2024-12-26T19:04:00Z","satellite":"NOAA-20","daynight":"N","brightness":304.24,"frp":0.91,"confidence_numeric":60.0,"predicted_class":1,"predicted_label":"Agricultural burning","confidence_score":0.9986,"evidence_scores":{"land_cover_class":2.6152,"distance_to_industry_km":1.8371,"local_hour":-0.7102},"persistence_7d":0,"persistence_30d":1,"hotspot_density":1,"land_cover_class":30,"land_cover_name":"Grassland","distance_to_industry_km":4.0989,"inside_industrial_polygon":0,"nearest_facility_type":"steel_smelter","nearest_facility_name":"Kharagpur Metallurgical Cluster","cluster_id":-1,"cluster_fire_count":1,"total_cluster_frp":0.91,"cluster_convex_hull_area_km2":0.0,"is_outbreak_front":false,"is_persistent_cluster":false}},{"type":"Feature","id":"4ee6da3912fa7828","geometry":{"type":"Point","coordinates":[86.3393,23.78019]},"properties":{"hotspot_id":"4ee6da3912fa7828","datetime_utc":"2024-12-26T19:04:00Z","satellite":"NOAA-20","daynight":"N","brightness":297.59,"frp":1.54,"confidence_numeric":60.0,"predicted_class":4,"predicted_label":"Persistent thermal source","confidence_score":0.9999,"evidence_scores":{"persistence_30d":4.374,"persistence_7d":1.0565,"prior_detections_7d":0.3884},"persistence_7d":3,"persistence_30d":13,"hotspot_density":2,"land_cover_class":50,"land_cover_name":"Built-up","distance_to_industry_km":0.0,"inside_industrial_polygon":1,"nearest_facility_type":"coal_mining_fire","nearest_facility_name":"Jharia Coalfield (Dhanbad)","cluster_id":1879,"cluster_fire_count":3,"total_cluster_frp":7.82,"cluster_convex_hull_area_km2":0.0954,"is_outbreak_front":false,"is_persistent_cluster":false}},{"type":"Feature","id":"44c6ec2723b40721","geometry":{"type":"Point","coordinates":[87.38432,22.24503]},"properties":{"hotspot_id":"44c6ec2723b40721","datetime_utc":"2024-12-26T19:04:00Z","satellite":"NOAA-20","daynight":"N","brightness":302.38,"frp":1.65,"confidence_numeric":60.0,"predicted_class":1,"predicted_label":"Agricultural burning","confidence_score":0.9989,"evidence_scores":{"land_cover_class":2.6407,"distance_to_industry_km":1.8866,"local_hour":-0.7321},"persistence_7d":0,"persistence_30d":0,"hotspot_density":0,"land_cover_class":30,"land_cover_name":"Grassland","distance_to_industry_km":17.8238,"inside_industrial_polygon":0,"nearest_facility_type":"steel_smelter","nearest_facility_name":"Kharagpur Metallurgical Cluster","cluster_id":-1,"cluster_fire_count":1,"total_cluster_frp":1.65,"cluster_convex_hull_area_km2":0.0,"is_outbreak_front":false,"is_persistent_cluster":false}},{"type":"Feature","id":"1ec3755301a21d9d","geometry":{"type":"Point","coordinates":[85.30952,21.96938]},"properties":{"hotspot_id":"1ec3755301a21d9d","datetime_utc":"2024-12-26T19:04:00Z","satellite":"NOAA-20","daynight":"N","brightness":298.31,"frp":0.74,"confidence_numeric":60.0,"predicted_class":1,"predicted_label":"Agricultural burning","confidence_score":0.9992,"evidence_scores":{"land_cover_class":2.64,"distance_to_industry_km":2.2346,"local_hour":-0.7262},"persistence_7d":0,"persistence_30d":0,"hotspot_density":0,"land_cover_class":30,"land_cover_name":"Grassland","distance_to_industry_km":48.0515,"inside_industrial_polygon":0,"nearest_facility_type":"steel_smelter","nearest_facility_name":"Rourkela Steel Plant","cluster_id":-1,"cluster_fire_count":1,"total_cluster_frp":0.74,"cluster_convex_hull_area_km2":0.0,"is_outbreak_front":false,"is_persistent_cluster":false}},{"type":"Feature","id":"e278f92a55a1fd75","geometry":{"type":"Point","coordinates":[87.11131,23.69378]},"properties":{"hotspot_id":"e278f92a55a1fd75","datetime_utc":"2024-12-26T19:04:00Z","satellite":"NOAA-20","daynight":"N","brightness":300.82,"frp":2.18,"confidence_numeric":60.0,"predicted_class":5,"predicted_label":"Unknown","confidence_score":0.3591,"evidence_scores":{"frp":-4.7347,"frp_density":-0.8212,"distance_to_industry_km":0.399},"persistence_7d":0,"persistence_30d":3,"hotspot_density":2,"land_cover_class":50,"land_cover_name":"Built-up","distance_to_industry_km":0.0,"inside_industrial_polygon":1,"nearest_facility_type":"coal_mining_fire","nearest_facility_name":"Raniganj Coalfield / Durgapur","cluster_id":1880,"cluster_fire_count":3,"total_cluster_frp":6.91,"cluster_convex_hull_area_km2":0.0829,"is_outbreak_front":false,"is_persistent_cluster":false}},{"type":"Feature","id":"c1bdbfdc57b3dc8d","geometry":{"type":"Point","coordinates":[87.0122,22.36491]},"properties":{"hotspot_id":"c1bdbfdc57b3dc8d","datetime_utc":"2024-12-26T19:04:00Z","satellite":"NOAA-20","daynight":"N","brightness":307.44,"frp":2.18,"confidence_numeric":60.0,"predicted_class":1,"predicted_label":"Agricultural burning","confidence_score":0.9986,"evidence_scores":{"land_cover_class":2.6152,"distance_to_industry_km":1.8371,"local_hour":-0.7102},"persistence_7d":0,"persistence_30d":1,"hotspot_density":1,"land_cover_class":30,"land_cover_name":"Grassland","distance_to_industry_km":4.1811,"inside_industrial_polygon":0,"nearest_facility_type":"steel_smelter","nearest_facility_name":"Kharagpur Metallurgical Cluster","cluster_id":-1,"cluster_fire_count":1,"total_cluster_frp":2.18,"cluster_convex_hull_area_km2":0.0,"is_outbreak_front":false,"is_persistent_cluster":false}},{"type":"Feature","id":"eba838807eea8bb3","geometry":{"type":"Point","coordinates":[86.36076,23.7786]},"properties":{"hotspot_id":"eba838807eea8bb3","datetime_utc":"2024-12-26T19:04:00Z","satellite":"NOAA-20","daynight":"N","brightness":315.49,"frp":3.4,"confidence_numeric":60.0,"predicted_class":4,"predicted_label":"Persistent thermal source","confidence_score":0.7451,"evidence_scores":{"persistence_30d":-3.5569,"persistence_7d":0.9226,"prior_detections_7d":-0.3051},"persistence_7d":1,"persistence_30d":4,"hotspot_density":3,"land_cover_class":50,"land_cover_name":"Built-up","distance_to_industry_km":0.0,"inside_industrial_polygon":1,"nearest_facility_type":"coal_mining_fire","nearest_facility_name":"Jharia Coalfield (Dhanbad)","cluster_id":1879,"cluster_fire_count":3,"total_cluster_frp":7.82,"cluster_convex_hull_area_km2":0.0954,"is_outbreak_front":false,"is_persistent_cluster":false}},{"type":"Feature","id":"91e2bfcb820c1504","geometry":{"type":"Point","coordinates":[86.19554,23.77454]},"properties":{"hotspot_id":"91e2bfcb820c1504","datetime_utc":"2024-12-26T19:04:00Z","satellite":"NOAA-20","daynight":"N","brightness":300.76,"frp":2.79,"confidence_numeric":60.0,"predicted_class":0,"predicted_label":"Wildfire","confidence_score":0.9998,"evidence_scores":{"land_cover_class":4.9389,"distance_to_industry_km":-0.2855,"local_hour":0.2806},"persistence_7d":1,"persistence_30d":4,"hotspot_density":0,"land_cover_class":10,"land_cover_name":"Tree cover","distance_to_industry_km":2.9695,"inside_industrial_polygon":0,"nearest_facility_type":"coal_mining_fire","nearest_facility_name":"Jharia Coalfield (Dhanbad)","cluster_id":-1,"cluster_fire_count":1,"total_cluster_frp":2.79,"cluster_convex_hull_area_km2":0.0,"is_outbreak_front":false,"is_persistent_cluster":false}},{"type":"Feature","id":"8b538dec31c022cc","geometry":{"type":"Point","coordinates":[83.83429,21.75407]},"properties":{"hotspot_id":"8b538dec31c022cc","datetime_utc":"2024-12-26T19:04:00Z","satellite":"NOAA-20","daynight":"N","brightness":302.36,"frp":1.04,"confidence_numeric":60.0,"predicted_class":1,"predicted_label":"Agricultural burning","confidence_score":0.9988,"evidence_scores":{"land_cover_class":2.6338,"distance_to_industry_km":1.8539,"local_hour":-0.7247},"persistence_7d":0,"persistence_30d":0,"hotspot_density":1,"land_cover_class":30,"land_cover_name":"Grassland","distance_to_industry_km":7.3932,"inside_industrial_polygon":0,"nearest_facility_type":"steel_smelter","nearest_facility_name":"Odisha Steel Belt - Jharsuguda","cluster_id":-1,"cluster_fire_count":1,"total_cluster_frp":1.04,"cluster_convex_hull_area_km2":0.0,"is_outbreak_front":false,"is_persistent_cluster":false}},{"type":"Feature","id":"3b41391e317dab59","geometry":{"type":"Point","coordinates":[75.6244,32.82896]},"properties":{"hotspot_id":"3b41391e317dab59","datetime_utc":"2024-12-26T20:42:00Z","satellite":"NOAA-20","daynight":"N","brightness":299.52,"frp":1.16,"confidence_numeric":60.0,"predicted_class":0,"predicted_label":"Wildfire","confidence_score":1.0,"evidence_scores":{"land_cover_class":4.9715,"distance_to_industry_km":1.0481,"local_hour":0.3069},"persistence_7d":0,"persistence_30d":0,"hotspot_density":0,"land_cover_class":10,"land_cover_name":"Tree cover","distance_to_industry_km":308.1837,"inside_industrial_polygon":0,"nearest_facility_type":"refinery_petrochemical","nearest_facility_name":"Guru Gobind Singh Refinery (Bathinda)","cluster_id":-1,"cluster_fire_count":1,"total_cluster_frp":1.16,"cluster_convex_hull_area_km2":0.0,"is_outbreak_front":false,"is_persistent_cluster":false}},{"type":"Feature","id":"3ccc718faa8fc828","geometry":{"type":"Point","coordinates":[75.87363,33.37897]},"properties":{"hotspot_id":"3ccc718faa8fc828","datetime_utc":"2024-12-26T20:42:00Z","satellite":"NOAA-20","daynight":"N","brightness":309.28,"frp":1.23,"confidence_numeric":60.0,"predicted_class":1,"predicted_label":"Agricultural burning","confidence_score":0.9977,"evidence_scores":{"land_cover_class":2.6894,"distance_to_industry_km":2.1215,"local_hour":-0.767},"persistence_7d":0,"persistence_30d":0,"hotspot_density":0,"land_cover_class":30,"land_cover_name":"Grassland","distance_to_industry_km":373.4774,"inside_industrial_polygon":0,"nearest_facility_type":"refinery_petrochemical","nearest_facility_name":"Guru Gobind Singh Refinery (Bathinda)","cluster_id":-1,"cluster_fire_count":1,"total_cluster_frp":1.23,"cluster_convex_hull_area_km2":0.0,"is_outbreak_front":false,"is_persistent_cluster":false}},{"type":"Feature","id":"48bedb94d9f42e3f","geometry":{"type":"Point","coordinates":[85.49911,23.82869]},"properties":{"hotspot_id":"48bedb94d9f42e3f","datetime_utc":"2024-12-26T20:44:00Z","satellite":"NOAA-20","daynight":"N","brightness":298.89,"frp":2.37,"confidence_numeric":60.0,"predicted_class":0,"predicted_label":"Wildfire","confidence_score":0.9999,"evidence_scores":{"land_cover_class":4.973,"local_hour":0.294,"distance_to_industry_km":-0.2612},"persistence_7d":0,"persistence_30d":4,"hotspot_density":0,"land_cover_class":10,"land_cover_name":"Tree cover","distance_to_industry_km":6.8574,"inside_industrial_polygon":0,"nearest_facility_type":"steel_smelter","nearest_facility_name":"Ramgarh - Hazaribagh Sponge Iron Belt","cluster_id":-1,"cluster_fire_count":1,"total_cluster_frp":2.37,"cluster_convex_hull_area_km2":0.0,"is_outbreak_front":false,"is_persistent_cluster":false}},{"type":"Feature","id":"39cb0634710d9ac3","geometry":{"type":"Point","coordinates":[85.55031,23.78885]},"properties":{"hotspot_id":"39cb0634710d9ac3","datetime_utc":"2024-12-26T20:44:00Z","satellite":"NOAA-20","daynight":"N","brightness":302.63,"frp":1.16,"confidence_numeric":60.0,"predicted_class":0,"predicted_label":"Wildfire","confidence_score":0.9999,"evidence_scores":{"land_cover_class":4.9627,"local_hour":0.294,"distance_to_industry_km":-0.1904},"persistence_7d":0,"persistence_30d":1,"hotspot_density":0,"land_cover_class":10,"land_cover_name":"Tree cover","distance_to_industry_km":8.6557,"inside_industrial_polygon":0,"nearest_facility_type":"steel_smelter","nearest_facility_name":"Ramgarh - Hazaribagh Sponge Iron Belt","cluster_id":-1,"cluster_fire_count":1,"total_cluster_frp":1.16,"cluster_convex_hull_area_km2":0.0,"is_outbreak_front":false,"is_persistent_cluster":false}},{"type":"Feature","id":"da7c526068c3d58e","geometry":{"type":"Point","coordinates":[87.11723,23.69381]},"properties":{"hotspot_id":"da7c526068c3d58e","datetime_utc":"2024-12-26T20:44:00Z","satellite":"NOAA-20","daynight":"N","brightness":300.88,"frp":1.94,"confidence_numeric":60.0,"predicted_class":4,"predicted_label":"Persistent thermal source","confidence_score":0.8574,"evidence_scores":{"persistence_30d":-3.5569,"persistence_7d":0.9226,"prior_detections_7d":0.3884},"persistence_7d":2,"persistence_30d":6,"hotspot_density":2,"land_cover_class":50,"land_cover_name":"Built-up","distance_to_industry_km":0.0,"inside_industrial_polygon":1,"nearest_facility_type":"coal_mining_fire","nearest_facility_name":"Raniganj Coalfield / Durgapur","cluster_id":1880,"cluster_fire_count":3,"total_cluster_frp":6.91,"cluster_convex_hull_area_km2":0.0829,"is_outbreak_front":false,"is_persistent_cluster":false}},{"type":"Feature","id":"64e81be8e382e7e3","geometry":{"type":"Point","coordinates":[86.40148,23.7563]},"properties":{"hotspot_id":"64e81be8e382e7e3","datetime_utc":"2024-12-26T20:44:00Z","satellite":"NOAA-20","daynight":"N","brightness":302.33,"frp":1.45,"confidence_numeric":60.0,"predicted_class":4,"predicted_label":"Persistent thermal source","confidence_score":0.9999,"evidence_scores":{"persistence_30d":4.374,"persistence_7d":1.0565,"prior_detections_7d":0.3612},"persistence_7d":3,"persistence_30d":11,"hotspot_density":2,"land_cover_class":50,"land_cover_name":"Built-up","distance_to_industry_km":0.0,"inside_industrial_polygon":1,"nearest_facility_type":"coal_mining_fire","nearest_facility_name":"Jharia Coalfield (Dhanbad)","cluster_id":-1,"cluster_fire_count":1,"total_cluster_frp":1.45,"cluster_convex_hull_area_km2":0.0,"is_outbreak_front":false,"is_persistent_cluster":false}},{"type":"Feature","id":"4f4300c07c88b54a","geometry":{"type":"Point","coordinates":[87.87091,23.29045]},"properties":{"hotspot_id":"4f4300c07c88b54a","datetime_utc":"2024-12-26T20:44:00Z","satellite":"NOAA-20","daynight":"N","brightness":297.07,"frp":1.16,"confidence_numeric":60.0,"predicted_class":1,"predicted_label":"Agricultural burning","confidence_score":0.9992,"evidence_scores":{"land_cover_class":2.64,"distance_to_industry_km":2.3274,"local_hour":-0.8156},"persistence_7d":0,"persistence_30d":0,"hotspot_density":0,"land_cover_class":30,"land_cover_name":"Grassland","distance_to_industry_km":63.4348,"inside_industrial_polygon":0,"nearest_facility_type":"coal_mining_fire","nearest_facility_name":"Raniganj Coalfield / Durgapur","cluster_id":-1,"cluster_fire_count":1,"total_cluster_frp":1.16,"cluster_convex_hull_area_km2":0.0,"is_outbreak_front":false,"is_persistent_cluster":false}},{"type":"Feature","id":"3bfbc9853aa6ae5b","geometry":{"type":"Point","coordinates":[86.36169,23.77935]},"properties":{"hotspot_id":"3bfbc9853aa6ae5b","datetime_utc":"2024-12-26T20:44:00Z","satellite":"NOAA-20","daynight":"N","brightness":305.23,"frp":2.88,"confidence_numeric":60.0,"predicted_class":4,"predicted_label":"Persistent thermal source","confidence_score":0.8531,"evidence_scores":{"persistence_30d":-3.5569,"persistence_7d":0.9226,"prior_detections_7d":0.3612},"persistence_7d":1,"persistence_30d":5,"hotspot_density":3,"land_cover_class":50,"land_cover_name":"Built-up","distance_to_industry_km":0.0,"inside_industrial_polygon":1,"nearest_facility_type":"coal_mining_fire","nearest_facility_name":"Jharia Coalfield (Dhanbad)","cluster_id":1879,"cluster_fire_count":3,"total_cluster_frp":7.82,"cluster_convex_hull_area_km2":0.0954,"is_outbreak_front":false,"is_persistent_cluster":false}},{"type":"Feature","id":"5acd23ec8a3afc1b","geometry":{"type":"Point","coordinates":[83.83551,21.78176]},"properties":{"hotspot_id":"5acd23ec8a3afc1b","datetime_utc":"2024-12-26T20:45:00Z","satellite":"NOAA-20","daynight":"N","brightness":327.42,"frp":3.24,"confidence_numeric":60.0,"predicted_class":1,"predicted_label":"Agricultural burning","confidence_score":0.999,"evidence_scores":{"land_cover_class":2.7052,"distance_to_industry_km":1.8619,"local_hour":-0.7255},"persistence_7d":0,"persistence_30d":2,"hotspot_density":1,"land_cover_class":30,"land_cover_name":"Grassland","distance_to_industry_km":7.0509,"inside_industrial_polygon":0,"nearest_facility_type":"steel_smelter","nearest_facility_name":"Odisha Steel Belt - Jharsuguda","cluster_id":-1,"cluster_fire_count":1,"total_cluster_frp":3.24,"cluster_convex_hull_area_km2":0.0,"is_outbreak_front":false,"is_persistent_cluster":false}},{"type":"Feature","id":"efa1de4d815fa1b1","geometry":{"type":"Point","coordinates":[68.70882,23.42974]},"properties":{"hotspot_id":"efa1de4d815fa1b1","datetime_utc":"2024-12-26T20:45:00Z","satellite":"NOAA-20","daynight":"N","brightness":297.98,"frp":1.3,"confidence_numeric":60.0,"predicted_class":1,"predicted_label":"Agricultural burning","confidence_score":0.999,"evidence_scores":{"land_cover_class":2.6393,"distance_to_industry_km":2.3652,"local_hour":-0.8396},"persistence_7d":0,"persistence_30d":0,"hotspot_density":0,"land_cover_class":30,"land_cover_name":"Grassland","distance_to_industry_km":102.9221,"inside_industrial_polygon":0,"nearest_facility_type":"power_coal","nearest_facility_name":"Mundra Port & Power Complex","cluster_id":-1,"cluster_fire_count":1,"total_cluster_frp":1.3,"cluster_convex_hull_area_km2":0.0,"is_outbreak_front":false,"is_persistent_cluster":false}},{"type":"Feature","id":"97c071331cd6cd83","geometry":{"type":"Point","coordinates":[82.29504,22.3539]},"properties":{"hotspot_id":"97c071331cd6cd83","datetime_utc":"2024-12-26T20:45:00Z","satellite":"NOAA-20","daynight":"N","brightness":300.35,"frp":2.74,"confidence_numeric":60.0,"predicted_class":0,"predicted_label":"Wildfire","confidence_score":0.9999,"evidence_scores":{"land_cover_class":5.0162,"local_hour":0.3633,"bright_t31":-0.1789},"persistence_7d":0,"persistence_30d":5,"hotspot_density":0,"land_cover_class":10,"land_cover_name":"Tree cover","distance_to_industry_km":25.6485,"inside_industrial_polygon":0,"nearest_facility_type":"power_coal","nearest_facility_name":"Korba Coal & Power Complex","cluster_id":-1,"cluster_fire_count":1,"total_cluster_frp":2.74,"cluster_convex_hull_area_km2":0.0,"is_outbreak_front":false,"is_persistent_cluster":false}},{"type":"Feature","id":"997177dd6a047e8d","geometry":{"type":"Point","coordinates":[81.58462,21.30905]},"properties":{"hotspot_id":"997177dd6a047e8d","datetime_utc":"2024-12-26T20:45:00Z","satellite":"NOAA-20","daynight":"N","brightness":298.94,"frp":0.39,"confidence_numeric":60.0,"predicted_class":0,"predicted_label":"Wildfire","confidence_score":0.9998,"evidence_scores":{"land_cover_class":4.9038,"local_hour":0.2959,"distance_to_industry_km":-0.2613},"persistence_7d":0,"persistence_30d":5,"hotspot_density":0,"land_cover_class":10,"land_cover_name":"Tree cover","distance_to_industry_km":5.6421,"inside_industrial_polygon":0,"nearest_facility_type":"steel_smelter","nearest_facility_name":"Raipur - Siltara Sponge Iron Cluster","cluster_id":-1,"cluster_fire_count":1,"total_cluster_frp":0.39,"cluster_convex_hull_area_km2":0.0,"is_outbreak_front":false,"is_persistent_cluster":false}},{"type":"Feature","id":"6f31c7ac86f80878","geometry":{"type":"Point","coordinates":[85.16025,20.96268]},"properties":{"hotspot_id":"6f31c7ac86f80878","datetime_utc":"2024-12-26T20:45:00Z","satellite":"NOAA-20","daynight":"N","brightness":304.92,"frp":1.45,"confidence_numeric":60.0,"predicted_class":5,"predicted_label":"Unknown","confidence_score":0.3619,"evidence_scores":{"frp":-4.7347,"frp_density":-0.8212,"distance_to_industry_km":0.399},"persistence_7d":0,"persistence_30d":3,"hotspot_density":1,"land_cover_class":50,"land_cover_name":"Built-up","distance_to_industry_km":0.0,"inside_industrial_polygon":1,"nearest_facility_type":"steel_smelter","nearest_facility_name":"Odisha Steel Belt - Angul / Talcher","cluster_id":-1,"cluster_fire_count":1,"total_cluster_frp":1.45,"cluster_convex_hull_area_km2":0.0,"is_outbreak_front":false,"is_persistent_cluster":false}},{"type":"Feature","id":"eab016490e535e68","geometry":{"type":"Point","coordinates":[82.1364,21.21658]},"properties":{"hotspot_id":"eab016490e535e68","datetime_utc":"2024-12-26T20:45:00Z","satellite":"NOAA-20","daynight":"N","brightness":301.34,"frp":0.53,"confidence_numeric":60.0,"predicted_class":0,"predicted_label":"Wildfire","confidence_score":0.9999,"evidence_scores":{"land_cover_class":4.9993,"local_hour":0.2939,"bright_t31":-0.1788},"persistence_7d":0,"persistence_30d":0,"hotspot_density":0,"land_cover_class":10,"land_cover_name":"Tree cover","distance_to_industry_km":43.6549,"inside_industrial_polygon":0,"nearest_facility_type":"steel_smelter","nearest_facility_name":"Raipur - Siltara Sponge Iron Cluster","cluster_id":-1,"cluster_fire_count":1,"total_cluster_frp":0.53,"cluster_convex_hull_area_km2":0.0,"is_outbreak_front":false,"is_persistent_cluster":false}},{"type":"Feature","id":"47ed0bc6d4f37552","geometry":{"type":"Point","coordinates":[83.49522,21.87733]},"properties":{"hotspot_id":"47ed0bc6d4f37552","datetime_utc":"2024-12-26T20:45:00Z","satellite":"NOAA-20","daynight":"N","brightness":300.37,"frp":0.57,"confidence_numeric":60.0,"predicted_class":5,"predicted_label":"Unknown","confidence_score":0.343,"evidence_scores":{"frp":-4.7154,"frp_density":-0.8212,"distance_to_industry_km":0.4155},"persistence_7d":0,"persistence_30d":0,"hotspot_density":0,"land_cover_class":50,"land_cover_name":"Built-up","distance_to_industry_km":0.0,"inside_industrial_polygon":1,"nearest_facility_type":"steel_smelter","nearest_facility_name":"Raigarh - Tamnar Industrial Zone","cluster_id":-1,"cluster_fire_count":1,"total_cluster_frp":0.57,"cluster_convex_hull_area_km2":0.0,"is_outbreak_front":false,"is_persistent_cluster":false}},{"type":"Feature","id":"b3389a7b9a3af28a","geometry":{"type":"Point","coordinates":[82.73296,22.32249]},"properties":{"hotspot_id":"b3389a7b9a3af28a","datetime_utc":"2024-12-26T20:45:00Z","satellite":"NOAA-20","daynight":"N","brightness":301.36,"frp":0.79,"confidence_numeric":60.0,"predicted_class":5,"predicted_label":"Unknown","confidence_score":0.3555,"evidence_scores":{"frp":-4.6922,"frp_density":-0.8223,"distance_to_industry_km":0.4237},"persistence_7d":0,"persistence_30d":0,"hotspot_density":0,"land_cover_class":50,"land_cover_name":"Built-up","distance_to_industry_km":0.0,"inside_industrial_polygon":1,"nearest_facility_type":"power_coal","nearest_facility_name":"Korba Coal & Power Complex","cluster_id":-1,"cluster_fire_count":1,"total_cluster_frp":0.79,"cluster_convex_hull_area_km2":0.0,"is_outbreak_front":false,"is_persistent_cluster":false}},{"type":"Feature","id":"f9b410c57c5aea66","geometry":{"type":"Point","coordinates":[81.65236,21.3777]},"properties":{"hotspot_id":"f9b410c57c5aea66","datetime_utc":"2024-12-26T20:45:00Z","satellite":"NOAA-20","daynight":"N","brightness":304.97,"frp":0.79,"confidence_numeric":60.0,"predicted_class":5,"predicted_label":"Unknown","confidence_score":0.3475,"evidence_scores":{"frp":-4.7116,"frp_density":-0.8223,"distance_to_industry_km":0.4159},"persistence_7d":0,"persistence_30d":1,"hotspot_density":0,"land_cover_class":50,"land_cover_name":"Built-up","distance_to_industry_km":0.0,"inside_industrial_polygon":1,"nearest_facility_type":"steel_smelter","nearest_facility_name":"Raipur - Siltara Sponge Iron Cluster","cluster_id":-1,"cluster_fire_count":1,"total_cluster_frp":0.79,"cluster_convex_hull_area_km2":0.0,"is_outbreak_front":false,"is_persistent_cluster":false}},{"type":"Feature","id":"f0401c8b6f8a161f","geometry":{"type":"Point","coordinates":[84.8638,22.21287]},"properties":{"hotspot_id":"f0401c8b6f8a161f","datetime_utc":"2024-12-26T20:45:00Z","satellite":"NOAA-20","daynight":"N","brightness":299.86,"frp":1.25,"confidence_numeric":60.0,"predicted_class":5,"predicted_label":"Unknown","confidence_score":0.3549,"evidence_scores":{"frp":-4.7347,"frp_density":-0.8212,"distance_to_industry_km":0.399},"persistence_7d":0,"persistence_30d":3,"hotspot_density":0,"land_cover_class":50,"land_cover_name":"Built-up","distance_to_industry_km":0.0,"inside_industrial_polygon":1,"nearest_facility_type":"steel_smelter","nearest_facility_name":"Rourkela Steel Plant","cluster_id":-1,"cluster_fire_count":1,"total_cluster_frp":1.25,"cluster_convex_hull_area_km2":0.0,"is_outbreak_front":false,"is_persistent_cluster":false}},{"type":"Feature","id":"7f9717ab0fb9b252","geometry":{"type":"Point","coordinates":[85.13799,20.98095]},"properties":{"hotspot_id":"7f9717ab0fb9b252","datetime_utc":"2024-12-26T20:45:00Z","satellite":"NOAA-20","daynight":"N","brightness":299.03,"frp":1.28,"confidence_numeric":60.0,"predicted_class":4,"predicted_label":"Persistent thermal source","confidence_score":0.8555,"evidence_scores":{"persistence_30d":-3.5569,"persistence_7d":0.9226,"prior_detections_7d":0.3612},"persistence_7d":1,"persistence_30d":3,"hotspot_density":1,"land_cover_class":50,"land_cover_name":"Built-up","distance_to_industry_km":0.0,"inside_industrial_polygon":1,"nearest_facility_type":"steel_smelter","nearest_facility_name":"Odisha Steel Belt - Angul / Talcher","cluster_id":-1,"cluster_fire_count":1,"total_cluster_frp":1.28,"cluster_convex_hull_area_km2":0.0,"is_outbreak_front":false,"is_persistent_cluster":false}},{"type":"Feature","id":"3629d865a82290be","geometry":{"type":"Point","coordinates":[85.2539,20.8049]},"properties":{"hotspot_id":"3629d865a82290be","datetime_utc":"2024-12-26T20:45:00Z","satellite":"NOAA-20","daynight":"N","brightness":300.42,"frp":0.93,"confidence_numeric":60.0,"predicted_class":5,"predicted_label":"Unknown","confidence_score":0.3549,"evidence_scores":{"frp":-4.7347,"frp_density":-0.8212,"distance_to_industry_km":0.399},"persistence_7d":0,"persistence_30d":5,"hotspot_density":0,"land_cover_class":50,"land_cover_name":"Built-up","distance_to_industry_km":0.0,"inside_industrial_polygon":1,"nearest_facility_type":"steel_smelter","nearest_facility_name":"Odisha Steel Belt - Angul / Talcher","cluster_id":-1,"cluster_fire_count":1,"total_cluster_frp":0.93,"cluster_convex_hull_area_km2":0.0,"is_outbreak_front":false,"is_persistent_cluster":false}},{"type":"Feature","id":"02408a26860c5220","geometry":{"type":"Point","coordinates":[83.20121,17.6089]},"properties":{"hotspot_id":"02408a26860c5220","datetime_utc":"2024-12-26T20:46:00Z","satellite":"NOAA-20","daynight":"N","brightness":312.17,"frp":1.16,"confidence_numeric":60.0,"predicted_class":5,"predicted_label":"Unknown","confidence_score":0.4288,"evidence_scores":{"frp":-4.7076,"frp_density":-0.8212,"distance_to_industry_km":0.4323},"persistence_7d":0,"persistence_30d":1,"hotspot_density":0,"land_cover_class":50,"land_cover_name":"Built-up","distance_to_industry_km":0.0,"inside_industrial_polygon":1,"nearest_facility_type":"refinery_steel","nearest_facility_name":"Visakhapatnam Refinery & Steel","cluster_id":-1,"cluster_fire_count":1,"total_cluster_frp":1.16,"cluster_convex_hull_area_km2":0.0,"is_outbreak_front":false,"is_persistent_cluster":false}},{"type":"Feature","id":"347101ab5460137c","geometry":{"type":"Point","coordinates":[92.53548,25.2901]},"properties":{"hotspot_id":"347101ab5460137c","datetime_utc":"2024-12-27T06:18:00Z","satellite":"NOAA-20","daynight":"D","brightness":334.76,"frp":4.51,"confidence_numeric":60.0,"predicted_class":0,"predicted_label":"Wildfire","confidence_score":0.9999,"evidence_scores":{"land_cover_class":5.0233,"distance_to_industry_km":0.5167,"local_hour":0.3691},"persistence_7d":0,"persistence_30d":0,"hotspot_density":0,"land_cover_class":10,"land_cover_name":"Tree cover","distance_to_industry_km":116.498,"inside_industrial_polygon":0,"nearest_facility_type":"refinery_petrochemical","nearest_facility_name":"Guwahati Refinery","cluster_id":-1,"cluster_fire_count":1,"total_cluster_frp":4.51,"cluster_convex_hull_area_km2":0.0,"is_outbreak_front":false,"is_persistent_cluster":false}},{"type":"Feature","id":"17506df7ccae52ed","geometry":{"type":"Point","coordinates":[93.73564,27.50335]},"properties":{"hotspot_id":"17506df7ccae52ed","datetime_utc":"2024-12-27T06:18:00Z","satellite":"NOAA-20","daynight":"D","brightness":338.44,"frp":4.69,"confidence_numeric":60.0,"predicted_class":0,"predicted_label":"Wildfire","confidence_score":1.0,"evidence_scores":{"land_cover_class":5.0306,"local_hour":0.3548,"distance_to_industry_km":0.3457},"persistence_7d":0,"persistence_30d":0,"hotspot_density":0,"land_cover_class":10,"land_cover_name":"Tree cover","distance_to_industry_km":94.2258,"inside_industrial_polygon":0,"nearest_facility_type":"refinery_petrochemical","nearest_facility_name":"Numaligarh Refinery","cluster_id":-1,"cluster_fire_count":1,"total_cluster_frp":4.69,"cluster_convex_hull_area_km2":0.0,"is_outbreak_front":false,"is_persistent_cluster":false}},{"type":"Feature","id":"9d3a9aeb5926fed3","geometry":{"type":"Point","coordinates":[74.19435,17.11644]},"properties":{"hotspot_id":"9d3a9aeb5926fed3","datetime_utc":"2024-12-27T07:56:00Z","satellite":"NOAA-20","daynight":"D","brightness":334.96,"frp":6.89,"confidence_numeric":60.0,"predicted_class":1,"predicted_label":"Agricultural burning","confidence_score":0.9998,"evidence_scores":{"land_cover_class":2.6944,"distance_to_industry_km":2.414,"doy_cos":-0.3491},"persistence_7d":0,"persistence_30d":0,"hotspot_density":0,"land_cover_class":30,"land_cover_name":"Grassland","distance_to_industry_km":207.4753,"inside_industrial_polygon":0,"nearest_facility_type":"steel_smelter","nearest_facility_name":"JSW Dolvi Works","cluster_id":-1,"cluster_fire_count":1,"total_cluster_frp":6.89,"cluster_convex_hull_area_km2":0.0,"is_outbreak_front":false,"is_persistent_cluster":false}},{"type":"Feature","id":"56452cffce755abd","geometry":{"type":"Point","coordinates":[80.1852,16.15937]},"properties":{"hotspot_id":"56452cffce755abd","datetime_utc":"2024-12-27T07:56:00Z","satellite":"NOAA-20","daynight":"D","brightness":330.64,"frp":1.58,"confidence_numeric":30.0,"predicted_class":1,"predicted_label":"Agricultural burning","confidence_score":0.9999,"evidence_scores":{"land_cover_class":2.7059,"distance_to_industry_km":2.5889,"track":-0.4729},"persistence_7d":0,"persistence_30d":0,"hotspot_density":0,"land_cover_class":30,"land_cover_name":"Grassland","distance_to_industry_km":168.86,"inside_industrial_polygon":0,"nearest_facility_type":"oil_gas_flare","nearest_facility_name":"KG Basin Onshore - Tatipaka / Narsapur","cluster_id":-1,"cluster_fire_count":1,"total_cluster_frp":1.58,"cluster_convex_hull_area_km2":0.0,"is_outbreak_front":false,"is_persistent_cluster":false}},{"type":"Feature","id":"7bdfc27f7eb1d94a","geometry":{"type":"Point","coordinates":[80.51287,16.29189]},"properties":{"hotspot_id":"7bdfc27f7eb1d94a","datetime_utc":"2024-12-27T07:56:00Z","satellite":"NOAA-20","daynight":"D","brightness":340.01,"frp":7.96,"confidence_numeric":60.0,"predicted_class":1,"predicted_label":"Agricultural burning","confidence_score":0.9999,"evidence_scores":{"land_cover_class":2.7167,"distance_to_industry_km":2.6489,"track":-0.4803},"persistence_7d":0,"persistence_30d":0,"hotspot_density":0,"land_cover_class":40,"land_cover_name":"Cropland","distance_to_industry_km":131.4764,"inside_industrial_polygon":0,"nearest_facility_type":"oil_gas_flare","nearest_facility_name":"KG Basin Onshore - Tatipaka / Narsapur","cluster_id":-1,"cluster_fire_count":1,"total_cluster_frp":7.96,"cluster_convex_hull_area_km2":0.0,"is_outbreak_front":false,"is_persistent_cluster":false}},{"type":"Feature","id":"d23e96ef5f62fe4d","geometry":{"type":"Point","coordinates":[73.24724,18.26216]},"properties":{"hotspot_id":"d23e96ef5f62fe4d","datetime_utc":"2024-12-27T07:57:00Z","satellite":"NOAA-20","daynight":"D","brightness":340.41,"frp":6.27,"confidence_numeric":60.0,"predicted_class":0,"predicted_label":"Wildfire","confidence_score":0.9998,"evidence_scores":{"land_cover_class":5.0433,"brightness_contrast":0.1676,"doy_cos":-0.1572},"persistence_7d":0,"persistence_30d":0,"hotspot_density":0,"land_cover_class":10,"land_cover_name":"Tree cover","distance_to_industry_km":46.346,"inside_industrial_polygon":0,"nearest_facility_type":"steel_smelter","nearest_facility_name":"JSW Dolvi Works","cluster_id":-1,"cluster_fire_count":1,"total_cluster_frp":6.27,"cluster_convex_hull_area_km2":0.0,"is_outbreak_front":false,"is_persistent_cluster":false}},{"type":"Feature","id":"8b6dafe44b4d366b","geometry":{"type":"Point","coordinates":[82.60387,21.9453]},"properties":{"hotspot_id":"8b6dafe44b4d366b","datetime_utc":"2024-12-27T07:57:00Z","satellite":"NOAA-20","daynight":"D","brightness":334.21,"frp":4.89,"confidence_numeric":60.0,"predicted_class":0,"predicted_label":"Wildfire","confidence_score":0.9999,"evidence_scores":{"land_cover_class":5.0736,"scan":0.1835,"distance_to_industry_km":-0.1764},"persistence_7d":0,"persistence_30d":0,"hotspot_density":0,"land_cover_class":10,"land_cover_name":"Tree cover","distance_to_industry_km":30.0769,"inside_industrial_polygon":0,"nearest_facility_type":"power_coal","nearest_facility_name":"Korba Coal & Power Complex","cluster_id":-1,"cluster_fire_count":1,"total_cluster_frp":4.89,"cluster_convex_hull_area_km2":0.0,"is_outbreak_front":false,"is_persistent_cluster":false}},{"type":"Feature","id":"8e95f4a4098c4702","geometry":{"type":"Point","coordinates":[75.88152,19.2775]},"properties":{"hotspot_id":"8e95f4a4098c4702","datetime_utc":"2024-12-27T07:57:00Z","satellite":"NOAA-20","daynight":"D","brightness":331.32,"frp":7.93,"confidence_numeric":60.0,"predicted_class":1,"predicted_label":"Agricultural burning","confidence_score":0.9998,"evidence_scores":{"land_cover_class":2.6896,"distance_to_industry_km":2.3693,"track":-0.4804},"persistence_7d":0,"persistence_30d":0,"hotspot_density":0,"land_cover_class":30,"land_cover_name":"Grassland","distance_to_industry_km":301.0798,"inside_industrial_polygon":0,"nearest_facility_type":"steel_smelter","nearest_facility_name":"JSW Dolvi Works","cluster_id":-1,"cluster_fire_count":1,"total_cluster_frp":7.93,"cluster_convex_hull_area_km2":0.0,"is_outbreak_front":false,"is_persistent_cluster":false}},{"type":"Feature","id":"2d89759ae246e9ba","geometry":{"type":"Point","coordinates":[81.537,21.58379]},"properties":{"hotspot_id":"2d89759ae246e9ba","datetime_utc":"2024-12-27T07:57:00Z","satellite":"NOAA-20","daynight":"D","brightness":330.81,"frp":3.98,"confidence_numeric":60.0,"predicted_class":0,"predicted_label":"Wildfire","confidence_score":0.9999,"evidence_scores":{"land_cover_class":5.0628,"distance_to_industry_km":-0.2644,"scan":0.1835},"persistence_7d":0,"persistence_30d":0,"hotspot_density":0,"land_cover_class":10,"land_cover_name":"Tree cover","distance_to_industry_km":20.0634,"inside_industrial_polygon":0,"nearest_facility_type":"steel_smelter","nearest_facility_name":"Raipur - Siltara Sponge Iron Cluster","cluster_id":-1,"cluster_fire_count":1,"total_cluster_frp":3.98,"cluster_convex_hull_area_km2":0.0,"is_outbreak_front":false,"is_persistent_cluster":false}},{"type":"Feature","id":"b12e2b9248ac1423","geometry":{"type":"Point","coordinates":[84.01974,21.93345]},"properties":{"hotspot_id":"b12e2b9248ac1423","datetime_utc":"2024-12-27T07:57:00Z","satellite":"NOAA-20","daynight":"D","brightness":341.43,"frp":4.35,"confidence_numeric":60.0,"predicted_class":1,"predicted_label":"Agricultural burning","confidence_score":0.9997,"evidence_scores":{"land_cover_class":2.6965,"distance_to_industry_km":1.959,"doy_cos":-0.3716},"persistence_7d":0,"persistence_30d":0,"hotspot_density":0,"land_cover_class":30,"land_cover_name":"Grassland","distance_to_industry_km":5.0629,"inside_industrial_polygon":0,"nearest_facility_type":"steel_smelter","nearest_facility_name":"Odisha Steel Belt - Jharsuguda","cluster_id":-1,"cluster_fire_count":1,"total_cluster_frp":4.35,"cluster_convex_hull_area_km2":0.0,"is_outbreak_front":false,"is_persistent_cluster":false}},{"type":"Feature","id":"835038da26306d17","geometry":{"type":"Point","coordinates":[83.59932,21.3186]},"properties":{"hotspot_id":"835038da26306d17","datetime_utc":"2024-12-27T07:57:00Z","satellite":"NOAA-20","daynight":"D","brightness":340.92,"frp":9.43,"confidence_numeric":60.0,"predicted_class":1,"predicted_label":"Agricultural burning","confidence_score":0.9999,"evidence_scores":{"land_cover_class":2.6703,"distance_to_industry_km":2.369,"doy_cos":-0.3678},"persistence_7d":0,"persistence_30d":0,"hotspot_density":1,"land_cover_class":30,"land_cover_name":"Grassland","distance_to_industry_km":55.2693,"inside_industrial_polygon":0,"nearest_facility_type":"steel_smelter","nearest_facility_name":"Odisha Steel Belt - Jharsuguda","cluster_id":-1,"cluster_fire_count":1,"total_cluster_frp":9.43,"cluster_convex_hull_area_km2":0.0,"is_outbreak_front":false,"is_persistent_cluster":false}},{"type":"Feature","id":"7c0d09c7c83d2279","geometry":{"type":"Point","coordinates":[82.77047,21.77872]},"properties":{"hotspot_id":"7c0d09c7c83d2279","datetime_utc":"2024-12-27T07:57:00Z","satellite":"NOAA-20","daynight":"D","brightness":335.0,"frp":4.74,"confidence_numeric":60.0,"predicted_class":0,"predicted_label":"Wildfire","confidence_score":0.9999,"evidence_scores":{"land_cover_class":5.0813,"scan":0.1835,"doy_cos":-0.141},"persistence_7d":0,"persistence_30d":0,"hotspot_density":2,"land_cover_class":10,"land_cover_name":"Tree cover","distance_to_industry_km":47.9373,"inside_industrial_polygon":0,"nearest_facility_type":"power_coal","nearest_facility_name":"Korba Coal & Power Complex","cluster_id":1881,"cluster_fire_count":3,"total_cluster_frp":30.02,"cluster_convex_hull_area_km2":0.2359,"is_outbreak_front":false,"is_persistent_cluster":false}},{"type":"Feature","id":"7aabe5774984088b","geometry":{"type":"Point","coordinates":[87.32374,22.15251]},"properties":{"hotspot_id":"7aabe5774984088b","datetime_utc":"2024-12-27T07:57:00Z","satellite":"NOAA-20","daynight":"D","brightness":331.18,"frp":1.75,"confidence_numeric":60.0,"predicted_class":1,"predicted_label":"Agricultural burning","confidence_score":0.9999,"evidence_scores":{"land_cover_class":2.706,"distance_to_industry_km":1.9888,"doy_cos":-0.3639},"persistence_7d":0,"persistence_30d":0,"hotspot_density":0,"land_cover_class":30,"land_cover_name":"Grassland","distance_to_industry_km":20.0752,"inside_industrial_polygon":0,"nearest_facility_type":"steel_smelter","nearest_facility_name":"Kharagpur Metallurgical Cluster","cluster_id":-1,"cluster_fire_count":1,"total_cluster_frp":1.75,"cluster_convex_hull_area_km2":0.0,"is_outbreak_front":false,"is_persistent_cluster":false}},{"type":"Feature","id":"e566f77851f15780","geometry":{"type":"Point","coordinates":[83.60327,21.32017]},"properties":{"hotspot_id":"e566f77851f15780","datetime_utc":"2024-12-27T07:57:00Z","satellite":"NOAA-20","daynight":"D","brightness":336.02,"frp":5.97,"confidence_numeric":60.0,"predicted_class":1,"predicted_label":"Agricultural burning","confidence_score":0.9999,"evidence_scores":{"land_cover_class":2.6833,"distance_to_industry_km":2.3851,"doy_cos":-0.3678},"persistence_7d":0,"persistence_30d":0,"hotspot_density":1,"land_cover_class":30,"land_cover_name":"Grassland","distance_to_industry_km":54.8721,"inside_industrial_polygon":0,"nearest_facility_type":"steel_smelter","nearest_facility_name":"Odisha Steel Belt - Jharsuguda","cluster_id":-1,"cluster_fire_count":1,"total_cluster_frp":5.97,"cluster_convex_hull_area_km2":0.0,"is_outbreak_front":false,"is_persistent_cluster":false}},{"type":"Feature","id":"5f9ba4ef00bb56a8","geometry":{"type":"Point","coordinates":[83.3252,21.85719]},"properties":{"hotspot_id":"5f9ba4ef00bb56a8","datetime_utc":"2024-12-27T07:57:00Z","satellite":"NOAA-20","daynight":"D","brightness":335.97,"frp":2.35,"confidence_numeric":60.0,"predicted_class":5,"predicted_label":"Unknown","confidence_score":0.3458,"evidence_scores":{"distance_to_industry_km":-4.6399,"land_cover_class":-0.3455,"doy_cos":-0.3371},"persistence_7d":0,"persistence_30d":0,"hotspot_density":0,"land_cover_class":50,"land_cover_name":"Built-up","distance_to_industry_km":0.5009,"inside_industrial_polygon":0,"nearest_facility_type":"steel_smelter","nearest_facility_name":"Raigarh - Tamnar Industrial Zone","cluster_id":-1,"cluster_fire_count":1,"total_cluster_frp":2.35,"cluster_convex_hull_area_km2":0.0,"is_outbreak_front":false,"is_persistent_cluster":false}},{"type":"Feature","id":"4644bc6c27d14ce6","geometry":{"type":"Point","coordinates":[82.06615,21.07528]},"properties":{"hotspot_id":"4644bc6c27d14ce6","datetime_utc":"2024-12-27T07:57:00Z","satellite":"NOAA-20","daynight":"D","brightness":341.31,"frp":5.14,"confidence_numeric":60.0,"predicted_class":0,"predicted_label":"Wildfire","confidence_score":0.9999,"evidence_scores":{"land_cover_class":5.0506,"scan":0.1835,"brightness_contrast":0.1676},"persistence_7d":0,"persistence_30d":1,"hotspot_density":0,"land_cover_class":10,"land_cover_name":"Tree cover","distance_to_industry_km":45.4409,"inside_industrial_polygon":0,"nearest_facility_type":"steel_smelter","nearest_facility_name":"Raipur - Siltara Sponge Iron Cluster","cluster_id":-1,"cluster_fire_count":1,"total_cluster_frp":5.14,"cluster_convex_hull_area_km2":0.0,"is_outbreak_front":false,"is_persistent_cluster":false}},{"type":"Feature","id":"cc17d2d5a3252cb2","geometry":{"type":"Point","coordinates":[82.50822,21.90561]},"properties":{"hotspot_id":"cc17d2d5a3252cb2","datetime_utc":"2024-12-27T07:57:00Z","satellite":"NOAA-20","daynight":"D","brightness":333.34,"frp":5.97,"confidence_numeric":60.0,"predicted_class":0,"predicted_label":"Wildfire","confidence_score":0.9999,"evidence_scores":{"land_cover_class":5.0928,"scan":0.1835,"doy_cos":-0.1407},"persistence_7d":0,"persistence_30d":0,"hotspot_density":0,"land_cover_class":10,"land_cover_name":"Tree cover","distance_to_industry_km":37.2163,"inside_industrial_polygon":0,"nearest_facility_type":"power_coal","nearest_facility_name":"Korba Coal & Power Complex","cluster_id":-1,"cluster_fire_count":1,"total_cluster_frp":5.97,"cluster_convex_hull_area_km2":0.0,"is_outbreak_front":false,"is_persistent_cluster":false}},{"type":"Feature","id":"a160257b89977228","geometry":{"type":"Point","coordinates":[85.17404,20.96304]},"properties":{"hotspot_id":"a160257b89977228","datetime_utc":"2024-12-27T07:57:00Z","satellite":"NOAA-20","daynight":"D","brightness":327.58,"frp":5.1,"confidence_numeric":30.0,"predicted_class":4,"predicted_label":"Persistent thermal source","confidence_score":0.8357,"evidence_scores":{"persistence_30d":-3.5569,"persistence_7d":0.9065,"prior_detections_7d":0.3612},"persistence_7d":1,"persistence_30d":4,"hotspot_density":0,"land_cover_class":50,"land_cover_name":"Built-up","distance_to_industry_km":0.0,"inside_industrial_polygon":1,"nearest_facility_type":"steel_smelter","nearest_facility_name":"Odisha Steel Belt - Angul / Talcher","cluster_id":-1,"cluster_fire_count":1,"total_cluster_frp":5.1,"cluster_convex_hull_area_km2":0.0,"is_outbreak_front":false,"is_persistent_cluster":false}},{"type":"Feature","id":"517fe979e4f935bc","geometry":{"type":"Point","coordinates":[81.30907,21.33722]},"properties":{"hotspot_id":"517fe979e4f935bc","datetime_utc":"2024-12-27T07:57:00Z","satellite":"NOAA-20","daynight":"D","brightness":336.96,"frp":6.3,"confidence_numeric":60.0,"predicted_class":0,"predicted_label":"Wildfire","confidence_score":0.9999,"evidence_scores":{"land_cover_class":5.0148,"distance_to_industry_km":-0.2641,"scan":0.1835},"persistence_7d":0,"persistence_30d":0,"hotspot_density":0,"land_cover_class":10,"land_cover_name":"Tree cover","distance_to_industry_km":12.3933,"inside_industrial_polygon":0,"nearest_facility_type":"steel_smelter","nearest_facility_name":"Bhilai Steel Plant","cluster_id":-1,"cluster_fire_count":1,"total_cluster_frp":6.3,"cluster_convex_hull_area_km2":0.0,"is_outbreak_front":false,"is_persistent_cluster":false}},{"type":"Feature","id":"d084d30db46b2f96","geometry":{"type":"Point","coordinates":[82.75919,21.78135]},"properties":{"hotspot_id":"d084d30db46b2f96","datetime_utc":"2024-12-27T07:57:00Z","satellite":"NOAA-20","daynight":"D","brightness":337.93,"frp":7.18,"confidence_numeric":60.0,"predicted_class":0,"predicted_label":"Wildfire","confidence_score":0.9999,"evidence_scores":{"land_cover_class":5.0525,"scan":0.1835,"brightness_contrast":0.1575},"persistence_7d":0,"persistence_30d":0,"hotspot_density":2,"land_cover_class":10,"land_cover_name":"Tree cover","distance_to_industry_km":47.5246,"inside_industrial_polygon":0,"nearest_facility_type":"power_coal","nearest_facility_name":"Korba Coal & Power Complex","cluster_id":1881,"cluster_fire_count":3,"total_cluster_frp":30.02,"cluster_convex_hull_area_km2":0.2359,"is_outbreak_front":false,"is_persistent_cluster":false}},{"type":"Feature","id":"0027246d4dbcd79b","geometry":{"type":"Point","coordinates":[82.74849,21.78005]},"properties":{"hotspot_id":"0027246d4dbcd79b","datetime_utc":"2024-12-27T07:57:00Z","satellite":"NOAA-20","daynight":"D","brightness":342.73,"frp":18.1,"confidence_numeric":60.0,"predicted_class":0,"predicted_label":"Wildfire","confidence_score":0.9998,"evidence_scores":{"land_cover_class":5.0444,"brightness_contrast":0.2146,"scan":0.1835},"persistence_7d":0,"persistence_30d":0,"hotspot_density":2,"land_cover_class":10,"land_cover_name":"Tree cover","distance_to_industry_km":47.5723,"inside_industrial_polygon":0,"nearest_facility_type":"power_coal","nearest_facility_name":"Korba Coal & Power Complex","cluster_id":1881,"cluster_fire_count":3,"total_cluster_frp":30.02,"cluster_convex_hull_area_km2":0.2359,"is_outbreak_front":false,"is_persistent_cluster":false}},{"type":"Feature","id":"4961f3ce8a17642a","geometry":{"type":"Point","coordinates":[82.32295,21.08108]},"properties":{"hotspot_id":"4961f3ce8a17642a","datetime_utc":"2024-12-27T07:57:00Z","satellite":"NOAA-20","daynight":"D","brightness":343.28,"frp":6.98,"confidence_numeric":60.0,"predicted_class":0,"predicted_label":"Wildfire","confidence_score":0.9999,"evidence_scores":{"land_cover_class":5.0506,"brightness_contrast":0.2043,"scan":0.1835},"persistence_7d":0,"persistence_30d":0,"hotspot_density":0,"land_cover_class":10,"land_cover_name":"Tree cover","distance_to_industry_km":67.4698,"inside_industrial_polygon":0,"nearest_facility_type":"steel_smelter","nearest_facility_name":"Raipur - Siltara Sponge Iron Cluster","cluster_id":-1,"cluster_fire_count":1,"total_cluster_frp":6.98,"cluster_convex_hull_area_km2":0.0,"is_outbreak_front":false,"is_persistent_cluster":false}},{"type":"Feature","id":"eb038aaa71dbf10e","geometry":{"type":"Point","coordinates":[81.87492,20.98769]},"properties":{"hotspot_id":"eb038aaa71dbf10e","datetime_utc":"2024-12-27T07:57:00Z","satellite":"NOAA-20","daynight":"D","brightness":332.9,"frp":4.9,"confidence_numeric":60.0,"predicted_class":0,"predicted_label":"Wildfire","confidence_score":0.9999,"evidence_scores":{"land_cover_class":5.1066,"scan":0.1835,"doy_cos":-0.1577},"persistence_7d":0,"persistence_30d":1,"hotspot_density":0,"land_cover_class":10,"land_cover_name":"Tree cover","distance_to_industry_km":41.0769,"inside_industrial_polygon":0,"nearest_facility_type":"steel_smelter","nearest_facility_name":"Raipur - Siltara Sponge Iron Cluster","cluster_id":-1,"cluster_fire_count":1,"total_cluster_frp":4.9,"cluster_convex_hull_area_km2":0.0,"is_outbreak_front":false,"is_persistent_cluster":false}},{"type":"Feature","id":"30cfbb0779899cd7","geometry":{"type":"Point","coordinates":[82.01353,21.33385]},"properties":{"hotspot_id":"30cfbb0779899cd7","datetime_utc":"2024-12-27T07:57:00Z","satellite":"NOAA-20","daynight":"D","brightness":336.7,"frp":3.81,"confidence_numeric":60.0,"predicted_class":0,"predicted_label":"Wildfire","confidence_score":0.9999,"evidence_scores":{"land_cover_class":5.0628,"scan":0.1835,"doy_cos":-0.1573},"persistence_7d":0,"persistence_30d":0,"hotspot_density":0,"land_cover_class":10,"land_cover_name":"Tree cover","distance_to_industry_km":27.9193,"inside_industrial_polygon":0,"nearest_facility_type":"steel_smelter","nearest_facility_name":"Raipur - Siltara Sponge Iron Cluster","cluster_id":-1,"cluster_fire_count":1,"total_cluster_frp":3.81,"cluster_convex_hull_area_km2":0.0,"is_outbreak_front":false,"is_persistent_cluster":false}},{"type":"Feature","id":"839d1e5edf9065ff","geometry":{"type":"Point","coordinates":[82.15417,22.02247]},"properties":{"hotspot_id":"839d1e5edf9065ff","datetime_utc":"2024-12-27T07:57:00Z","satellite":"NOAA-20","daynight":"D","brightness":339.13,"frp":6.13,"confidence_numeric":60.0,"predicted_class":0,"predicted_label":"Wildfire","confidence_score":0.9999,"evidence_scores":{"land_cover_class":5.0506,"brightness_contrast":0.2146,"scan":0.1835},"persistence_7d":0,"persistence_30d":0,"hotspot_density":0,"land_cover_class":10,"land_cover_name":"Tree cover","distance_to_industry_km":50.9687,"inside_industrial_polygon":0,"nearest_facility_type":"power_coal","nearest_facility_name":"Korba Coal & Power Complex","cluster_id":-1,"cluster_fire_count":1,"total_cluster_frp":6.13,"cluster_convex_hull_area_km2":0.0,"is_outbreak_front":false,"is_persistent_cluster":false}},{"type":"Feature","id":"f573f740c53c3e51","geometry":{"type":"Point","coordinates":[81.06632,20.82475]},"properties":{"hotspot_id":"f573f740c53c3e51","datetime_utc":"2024-12-27T07:57:00Z","satellite":"NOAA-20","daynight":"D","brightness":333.41,"frp":2.3,"confidence_numeric":60.0,"predicted_class":0,"predicted_label":"Wildfire","confidence_score":0.9999,"evidence_scores":{"land_cover_class":5.0721,"scan":0.1835,"doy_cos":-0.1577},"persistence_7d":0,"persistence_30d":1,"hotspot_density":0,"land_cover_class":10,"land_cover_name":"Tree cover","distance_to_industry_km":46.7106,"inside_industrial_polygon":0,"nearest_facility_type":"steel_smelter","nearest_facility_name":"Bhilai Steel Plant","cluster_id":-1,"cluster_fire_count":1,"total_cluster_frp":2.3,"cluster_convex_hull_area_km2":0.0,"is_outbreak_front":false,"is_persistent_cluster":false}},{"type":"Feature","id":"cce0b07572486e83","geometry":{"type":"Point","coordinates":[74.88954,19.51166]},"properties":{"hotspot_id":"cce0b07572486e83","datetime_utc":"2024-12-27T07:57:00Z","satellite":"NOAA-20","daynight":"D","brightness":331.9,"frp":13.96,"confidence_numeric":60.0,"predicted_class":1,"predicted_label":"Agricultural burning","confidence_score":0.9998,"evidence_scores":{"land_cover_class":2.7003,"distance_to_industry_km":2.4271,"doy_cos":-0.3485},"persistence_7d":0,"persistence_30d":0,"hotspot_density":0,"land_cover_class":30,"land_cover_name":"Grassland","distance_to_industry_km":210.2203,"inside_industrial_polygon":0,"nearest_facility_type":"steel_smelter","nearest_facility_name":"JSW Dolvi Works","cluster_id":-1,"cluster_fire_count":1,"total_cluster_frp":13.96,"cluster_convex_hull_area_km2":0.0,"is_outbreak_front":false,"is_persistent_cluster":false}},{"type":"Feature","id":"2862ee9315cdd6e6","geometry":{"type":"Point","coordinates":[81.85714,20.86987]},"properties":{"hotspot_id":"2862ee9315cdd6e6","datetime_utc":"2024-12-27T07:57:00Z","satellite":"NOAA-20","daynight":"D","brightness":331.9,"frp":4.26,"confidence_numeric":30.0,"predicted_class":0,"predicted_label":"Wildfire","confidence_score":0.9999,"evidence_scores":{"land_cover_class":5.1066,"scan":0.1835,"doy_cos":-0.1577},"persistence_7d":0,"persistence_30d":0,"hotspot_density":0,"land_cover_class":10,"land_cover_name":"Tree cover","distance_to_industry_km":52.6254,"inside_industrial_polygon":0,"nearest_facility_type":"steel_smelter","nearest_facility_name":"Raipur - Siltara Sponge Iron Cluster","cluster_id":-1,"cluster_fire_count":1,"total_cluster_frp":4.26,"cluster_convex_hull_area_km2":0.0,"is_outbreak_front":false,"is_persistent_cluster":false}},{"type":"Feature","id":"44cd339e367034db","geometry":{"type":"Point","coordinates":[82.90472,21.59973]},"properties":{"hotspot_id":"44cd339e367034db","datetime_utc":"2024-12-27T07:57:00Z","satellite":"NOAA-20","daynight":"D","brightness":343.67,"frp":8.25,"confidence_numeric":60.0,"predicted_class":0,"predicted_label":"Wildfire","confidence_score":0.9999,"evidence_scores":{"land_cover_class":5.0506,"brightness_contrast":0.2043,"scan":0.1835},"persistence_7d":0,"persistence_30d":1,"hotspot_density":0,"land_cover_class":10,"land_cover_name":"Tree cover","distance_to_industry_km":52.4642,"inside_industrial_polygon":0,"nearest_facility_type":"steel_smelter","nearest_facility_name":"Raigarh - Tamnar Industrial Zone","cluster_id":-1,"cluster_fire_count":1,"total_cluster_frp":8.25,"cluster_convex_hull_area_km2":0.0,"is_outbreak_front":false,"is_persistent_cluster":false}},{"type":"Feature","id":"901f6636f9178484","geometry":{"type":"Point","coordinates":[83.5984,21.23616]},"properties":{"hotspot_id":"901f6636f9178484","datetime_utc":"2024-12-27T07:57:00Z","satellite":"NOAA-20","daynight":"D","brightness":336.32,"frp":2.6,"confidence_numeric":60.0,"predicted_class":1,"predicted_label":"Agricultural burning","confidence_score":0.9999,"evidence_scores":{"land_cover_class":2.7088,"distance_to_industry_km":2.4332,"doy_cos":-0.3613},"persistence_7d":0,"persistence_30d":0,"hotspot_density":0,"land_cover_class":30,"land_cover_name":"Grassland","distance_to_industry_km":62.5599,"inside_industrial_polygon":0,"nearest_facility_type":"steel_smelter","nearest_facility_name":"Odisha Steel Belt - Jharsuguda","cluster_id":-1,"cluster_fire_count":1,"total_cluster_frp":2.6,"cluster_convex_hull_area_km2":0.0,"is_outbreak_front":false,"is_persistent_cluster":false}},{"type":"Feature","id":"172618b246274f83","geometry":{"type":"Point","coordinates":[84.50774,25.28562]},"properties":{"hotspot_id":"172618b246274f83","datetime_utc":"2024-12-27T07:58:00Z","satellite":"NOAA-20","daynight":"D","brightness":332.57,"frp":3.06,"confidence_numeric":60.0,"predicted_class":1,"predicted_label":"Agricultural burning","confidence_score":0.9999,"evidence_scores":{"land_cover_class":2.715,"distance_to_industry_km":2.5541,"doy_cos":-0.3731},"persistence_7d":0,"persistence_30d":0,"hotspot_density":0,"land_cover_class":40,"land_cover_name":"Cropland","distance_to_industry_km":150.3009,"inside_industrial_polygon":0,"nearest_facility_type":"refinery_petrochemical","nearest_facility_name":"Barauni Refinery","cluster_id":-1,"cluster_fire_count":1,"total_cluster_frp":3.06,"cluster_convex_hull_area_km2":0.0,"is_outbreak_front":false,"is_persistent_cluster":false}},{"type":"Feature","id":"c80277c0563bc331","geometry":{"type":"Point","coordinates":[84.3075,25.00909]},"properties":{"hotspot_id":"c80277c0563bc331","datetime_utc":"2024-12-27T07:58:00Z","satellite":"NOAA-20","daynight":"D","brightness":346.64,"frp":9.07,"confidence_numeric":60.0,"predicted_class":1,"predicted_label":"Agricultural burning","confidence_score":0.9999,"evidence_scores":{"land_cover_class":2.7036,"distance_to_industry_km":2.5538,"doy_cos":-0.3565},"persistence_7d":0,"persistence_30d":0,"hotspot_density":0,"land_cover_class":40,"land_cover_name":"Cropland","distance_to_industry_km":165.8349,"inside_industrial_polygon":0,"nearest_facility_type":"steel_smelter","nearest_facility_name":"Ramgarh - Hazaribagh Sponge Iron Belt","cluster_id":-1,"cluster_fire_count":1,"total_cluster_frp":9.07,"cluster_convex_hull_area_km2":0.0,"is_outbreak_front":false,"is_persistent_cluster":false}},{"type":"Feature","id":"ff23bbc9252ec152","geometry":{"type":"Point","coordinates":[79.72135,22.73318]},"properties":{"hotspot_id":"ff23bbc9252ec152","datetime_utc":"2024-12-27T07:58:00Z","satellite":"NOAA-20","daynight":"D","brightness":333.53,"frp":2.5,"confidence_numeric":60.0,"predicted_class":0,"predicted_label":"Wildfire","confidence_score":0.9999,"evidence_scores":{"land_cover_class":5.0525,"distance_to_industry_km":0.9135,"track":0.1546},"persistence_7d":0,"persistence_30d":0,"hotspot_density":0,"land_cover_class":10,"land_cover_name":"Tree cover","distance_to_industry_km":225.3183,"inside_industrial_polygon":0,"nearest_facility_type":"refinery_petrochemical","nearest_facility_name":"Bina Refinery","cluster_id":-1,"cluster_fire_count":1,"total_cluster_frp":2.5,"cluster_convex_hull_area_km2":0.0,"is_outbreak_front":false,"is_persistent_cluster":false}},{"type":"Feature","id":"b6c3b2d3893276d3","geometry":{"type":"Point","coordinates":[80.24153,27.60881]},"properties":{"hotspot_id":"b6c3b2d3893276d3","datetime_utc":"2024-12-27T07:59:00Z","satellite":"NOAA-20","daynight":"D","brightness":327.25,"frp":2.89,"confidence_numeric":60.0,"predicted_class":1,"predicted_label":"Agricultural burning","confidence_score":0.9998,"evidence_scores":{"land_cover_class":2.7082,"distance_to_industry_km":2.3159,"doy_cos":-0.3743},"persistence_7d":0,"persistence_30d":0,"hotspot_density":0,"land_cover_class":40,"land_cover_name":"Cropland","distance_to_industry_km":245.5493,"inside_industrial_polygon":0,"nearest_facility_type":"refinery_petrochemical","nearest_facility_name":"Mathura Refinery","cluster_id":-1,"cluster_fire_count":1,"total_cluster_frp":2.89,"cluster_convex_hull_area_km2":0.0,"is_outbreak_front":false,"is_persistent_cluster":false}},{"type":"Feature","id":"91f88539db187058","geometry":{"type":"Point","coordinates":[84.66322,26.78772]},"properties":{"hotspot_id":"91f88539db187058","datetime_utc":"2024-12-27T07:59:00Z","satellite":"NOAA-20","daynight":"D","brightness":327.36,"frp":2.05,"confidence_numeric":60.0,"predicted_class":1,"predicted_label":"Agricultural burning","confidence_score":0.9999,"evidence_scores":{"land_cover_class":2.7154,"distance_to_industry_km":2.4556,"doy_cos":-0.3735},"persistence_7d":0,"persistence_30d":0,"hotspot_density":0,"land_cover_class":40,"land_cover_name":"Cropland","distance_to_industry_km":196.2141,"inside_industrial_polygon":0,"nearest_facility_type":"refinery_petrochemical","nearest_facility_name":"Barauni Refinery","cluster_id":-1,"cluster_fire_count":1,"total_cluster_frp":2.05,"cluster_convex_hull_area_km2":0.0,"is_outbreak_front":false,"is_persistent_cluster":false}},{"type":"Feature","id":"3ef080e8f267868f","geometry":{"type":"Point","coordinates":[81.23692,28.03782]},"properties":{"hotspot_id":"3ef080e8f267868f","datetime_utc":"2024-12-27T07:59:00Z","satellite":"NOAA-20","daynight":"D","brightness":330.8,"frp":3.51,"confidence_numeric":60.0,"predicted_class":1,"predicted_label":"Agricultural burning","confidence_score":0.9997,"evidence_scores":{"land_cover_class":2.6967,"distance_to_industry_km":2.2399,"doy_cos":-0.3754},"persistence_7d":0,"persistence_30d":0,"hotspot_density":0,"land_cover_class":40,"land_cover_name":"Cropland","distance_to_industry_km":348.8906,"inside_industrial_polygon":0,"nearest_facility_type":"refinery_petrochemical","nearest_facility_name":"Mathura Refinery","cluster_id":-1,"cluster_fire_count":1,"total_cluster_frp":3.51,"cluster_convex_hull_area_km2":0.0,"is_outbreak_front":false,"is_persistent_cluster":false}},{"type":"Feature","id":"9ba63bb0c37aad8a","geometry":{"type":"Point","coordinates":[80.6521,27.66991]},"properties":{"hotspot_id":"9ba63bb0c37aad8a","datetime_utc":"2024-12-27T07:59:00Z","satellite":"NOAA-20","daynight":"D","brightness":329.2,"frp":2.79,"confidence_numeric":60.0,"predicted_class":1,"predicted_label":"Agricultural burning","confidence_score":0.9998,"evidence_scores":{"land_cover_class":2.6939,"distance_to_industry_km":2.241,"doy_cos":-0.3749},"persistence_7d":0,"persistence_30d":0,"hotspot_density":0,"land_cover_class":40,"land_cover_name":"Cropland","distance_to_industry_km":286.4039,"inside_industrial_polygon":0,"nearest_facility_type":"refinery_petrochemical","nearest_facility_name":"Mathura Refinery","cluster_id":-1,"cluster_fire_count":1,"total_cluster_frp":2.79,"cluster_convex_hull_area_km2":0.0,"is_outbreak_front":false,"is_persistent_cluster":false}},{"type":"Feature","id":"893b02ba54c03fb2","geometry":{"type":"Point","coordinates":[81.6173,27.88976]},"properties":{"hotspot_id":"893b02ba54c03fb2","datetime_utc":"2024-12-27T07:59:00Z","satellite":"NOAA-20","daynight":"D","brightness":338.01,"frp":6.08,"confidence_numeric":60.0,"predicted_class":1,"predicted_label":"Agricultural burning","confidence_score":0.9997,"evidence_scores":{"land_cover_class":2.6831,"distance_to_industry_km":2.2474,"doy_cos":-0.377},"persistence_7d":0,"persistence_30d":0,"hotspot_density":0,"land_cover_class":40,"land_cover_name":"Cropland","distance_to_industry_km":383.3733,"inside_industrial_polygon":0,"nearest_facility_type":"refinery_petrochemical","nearest_facility_name":"Mathura Refinery","cluster_id":-1,"cluster_fire_count":1,"total_cluster_frp":6.08,"cluster_convex_hull_area_km2":0.0,"is_outbreak_front":false,"is_persistent_cluster":false}},{"type":"Feature","id":"6c400d02f5b83865","geometry":{"type":"Point","coordinates":[95.28342,28.10759]},"properties":{"hotspot_id":"6c400d02f5b83865","datetime_utc":"2024-12-27T18:43:00Z","satellite":"NOAA-20","daynight":"N","brightness":345.36,"frp":2.24,"confidence_numeric":60.0,"predicted_class":0,"predicted_label":"Wildfire","confidence_score":0.9999,"evidence_scores":{"land_cover_class":4.9546,"local_hour":0.267,"brightness_contrast":0.1994},"persistence_7d":0,"persistence_30d":0,"hotspot_density":0,"land_cover_class":10,"land_cover_name":"Tree cover","distance_to_industry_km":62.815,"inside_industrial_polygon":0,"nearest_facility_type":"oil_gas_flare","nearest_facility_name":"Upper Assam Oil Fields - Duliajan / Digboi","cluster_id":-1,"cluster_fire_count":1,"total_cluster_frp":2.24,"cluster_convex_hull_area_km2":0.0,"is_outbreak_front":false,"is_persistent_cluster":false}},{"type":"Feature","id":"6ccf0e45864c9504","geometry":{"type":"Point","coordinates":[96.30046,27.87484]},"properties":{"hotspot_id":"6ccf0e45864c9504","datetime_utc":"2024-12-27T18:43:00Z","satellite":"NOAA-20","daynight":"N","brightness":302.49,"frp":1.19,"confidence_numeric":60.0,"predicted_class":0,"predicted_label":"Wildfire","confidence_score":0.9999,"evidence_scores":{"land_cover_class":4.9724,"local_hour":0.2939,"distance_to_industry_km":0.2852},"persistence_7d":0,"persistence_30d":0,"hotspot_density":0,"land_cover_class":10,"land_cover_name":"Tree cover","distance_to_industry_km":84.9826,"inside_industrial_polygon":0,"nearest_facility_type":"oil_gas_flare","nearest_facility_name":"Upper Assam Oil Fields - Duliajan / Digboi","cluster_id":-1,"cluster_fire_count":1,"total_cluster_frp":1.19,"cluster_convex_hull_area_km2":0.0,"is_outbreak_front":false,"is_persistent_cluster":false}},{"type":"Feature","id":"c0a8013e8b261a63","geometry":{"type":"Point","coordinates":[95.26483,27.32047]},"properties":{"hotspot_id":"c0a8013e8b261a63","datetime_utc":"2024-12-27T18:44:00Z","satellite":"NOAA-20","daynight":"N","brightness":316.5,"frp":0.77,"confidence_numeric":60.0,"predicted_class":5,"predicted_label":"Unknown","confidence_score":0.397,"evidence_scores":{"frp":-4.7056,"frp_density":-0.8223,"distance_to_industry_km":0.4269},"persistence_7d":0,"persistence_30d":2,"hotspot_density":0,"land_cover_class":50,"land_cover_name":"Built-up","distance_to_industry_km":0.0,"inside_industrial_polygon":1,"nearest_facility_type":"oil_gas_flare","nearest_facility_name":"Upper Assam Oil Fields - Duliajan / Digboi","cluster_id":-1,"cluster_fire_count":1,"total_cluster_frp":0.77,"cluster_convex_hull_area_km2":0.0,"is_outbreak_front":false,"is_persistent_cluster":false}},{"type":"Feature","id":"0806c20468d3ed0b","geometry":{"type":"Point","coordinates":[93.92519,26.06555]},"properties":{"hotspot_id":"0806c20468d3ed0b","datetime_utc":"2024-12-27T18:44:00Z","satellite":"NOAA-20","daynight":"N","brightness":299.65,"frp":0.7,"confidence_numeric":60.0,"predicted_class":0,"predicted_label":"Wildfire","confidence_score":0.9999,"evidence_scores":{"land_cover_class":4.9726,"local_hour":0.2999,"bright_t31":-0.1788},"persistence_7d":0,"persistence_30d":0,"hotspot_density":0,"land_cover_class":10,"land_cover_name":"Tree cover","distance_to_industry_km":60.6474,"inside_industrial_polygon":0,"nearest_facility_type":"refinery_petrochemical","nearest_facility_name":"Numaligarh Refinery","cluster_id":-1,"cluster_fire_count":1,"total_cluster_frp":0.7,"cluster_convex_hull_area_km2":0.0,"is_outbreak_front":false,"is_persistent_cluster":false}},{"type":"Feature","id":"970dfbd138f59555","geometry":{"type":"Point","coordinates":[93.62382,27.2465]},"properties":{"hotspot_id":"970dfbd138f59555","datetime_utc":"2024-12-27T18:44:00Z","satellite":"NOAA-20","daynight":"N","brightness":318.08,"frp":1.98,"confidence_numeric":60.0,"predicted_class":0,"predicted_label":"Wildfire","confidence_score":0.9999,"evidence_scores":{"land_cover_class":4.9765,"local_hour":0.2978,"bright_t31":-0.1787},"persistence_7d":0,"persistence_30d":0,"hotspot_density":0,"land_cover_class":10,"land_cover_name":"Tree cover","distance_to_industry_km":66.4545,"inside_industrial_polygon":0,"nearest_facility_type":"refinery_petrochemical","nearest_facility_name":"Numaligarh Refinery","cluster_id":-1,"cluster_fire_count":1,"total_cluster_frp":1.98,"cluster_convex_hull_area_km2":0.0,"is_outbreak_front":false,"is_persistent_cluster":false}},{"type":"Feature","id":"147063e4de316e16","geometry":{"type":"Point","coordinates":[85.99306,23.77838]},"properties":{"hotspot_id":"147063e4de316e16","datetime_utc":"2024-12-27T20:25:00Z","satellite":"NOAA-20","daynight":"N","brightness":299.03,"frp":0.83,"confidence_numeric":60.0,"predicted_class":5,"predicted_label":"Unknown","confidence_score":0.3748,"evidence_scores":{"frp":-4.7154,"frp_density":-0.8212,"distance_to_industry_km":0.4155},"persistence_7d":0,"persistence_30d":0,"hotspot_density":0,"land_cover_class":50,"land_cover_name":"Built-up","distance_to_industry_km":0.0,"inside_industrial_polygon":1,"nearest_facility_type":"steel_smelter","nearest_facility_name":"Bokaro Steel City / Bermo Coalfield","cluster_id":-1,"cluster_fire_count":1,"total_cluster_frp":0.83,"cluster_convex_hull_area_km2":0.0,"is_outbreak_front":false,"is_persistent_cluster":false}},{"type":"Feature","id":"fbcbd6a11fb07b50","geometry":{"type":"Point","coordinates":[86.3955,23.765]},"properties":{"hotspot_id":"fbcbd6a11fb07b50","datetime_utc":"2024-12-27T20:25:00Z","satellite":"NOAA-20","daynight":"N","brightness":310.6,"frp":2.51,"confidence_numeric":60.0,"predicted_class":4,"predicted_label":"Persistent thermal source","confidence_score":0.8555,"evidence_scores":{"persistence_30d":-3.5569,"persistence_7d":0.9226,"prior_detections_7d":0.3612},"persistence_7d":2,"persistence_30d":6,"hotspot_density":1,"land_cover_class":50,"land_cover_name":"Built-up","distance_to_industry_km":0.0,"inside_industrial_polygon":1,"nearest_facility_type":"coal_mining_fire","nearest_facility_name":"Jharia Coalfield (Dhanbad)","cluster_id":-1,"cluster_fire_count":1,"total_cluster_frp":2.51,"cluster_convex_hull_area_km2":0.0,"is_outbreak_front":false,"is_persistent_cluster":false}},{"type":"Feature","id":"7fcbdbc5fc060401","geometry":{"type":"Point","coordinates":[86.37125,23.78495]},"properties":{"hotspot_id":"7fcbdbc5fc060401","datetime_utc":"2024-12-27T20:25:00Z","satellite":"NOAA-20","daynight":"N","brightness":301.11,"frp":0.83,"confidence_numeric":60.0,"predicted_class":5,"predicted_label":"Unknown","confidence_score":0.3619,"evidence_scores":{"frp":-4.7347,"frp_density":-0.8212,"distance_to_industry_km":0.399},"persistence_7d":0,"persistence_30d":5,"hotspot_density":1,"land_cover_class":50,"land_cover_name":"Built-up","distance_to_industry_km":0.0,"inside_industrial_polygon":1,"nearest_facility_type":"coal_mining_fire","nearest_facility_name":"Jharia Coalfield (Dhanbad)","cluster_id":-1,"cluster_fire_count":1,"total_cluster_frp":0.83,"cluster_convex_hull_area_km2":0.0,"is_outbreak_front":false,"is_persistent_cluster":false}},{"type":"Feature","id":"1f4563d8c4f0026c","geometry":{"type":"Point","coordinates":[86.54545,23.54929]},"properties":{"hotspot_id":"1f4563d8c4f0026c","datetime_utc":"2024-12-27T20:25:00Z","satellite":"NOAA-20","daynight":"N","brightness":299.81,"frp":1.7,"confidence_numeric":60.0,"predicted_class":1,"predicted_label":"Agricultural burning","confidence_score":0.9989,"evidence_scores":{"land_cover_class":2.64,"distance_to_industry_km":1.8765,"local_hour":-0.8148},"persistence_7d":0,"persistence_30d":1,"hotspot_density":0,"land_cover_class":30,"land_cover_name":"Grassland","distance_to_industry_km":11.9658,"inside_industrial_polygon":0,"nearest_facility_type":"coal_mining_fire","nearest_facility_name":"Jharia Coalfield (Dhanbad)","cluster_id":-1,"cluster_fire_count":1,"total_cluster_frp":1.7,"cluster_convex_hull_area_km2":0.0,"is_outbreak_front":false,"is_persistent_cluster":false}},{"type":"Feature","id":"ff4c68d8137b8395","geometry":{"type":"Point","coordinates":[87.08283,23.56097]},"properties":{"hotspot_id":"ff4c68d8137b8395","datetime_utc":"2024-12-27T20:25:00Z","satellite":"NOAA-20","daynight":"N","brightness":314.6,"frp":1.22,"confidence_numeric":60.0,"predicted_class":4,"predicted_label":"Persistent thermal source","confidence_score":0.8244,"evidence_scores":{"persistence_30d":-3.5569,"persistence_7d":0.9226,"prior_detections_7d":0.3612},"persistence_7d":1,"persistence_30d":1,"hotspot_density":0,"land_cover_class":50,"land_cover_name":"Built-up","distance_to_industry_km":0.0,"inside_industrial_polygon":1,"nearest_facility_type":"coal_mining_fire","nearest_facility_name":"Raniganj Coalfield / Durgapur","cluster_id":-1,"cluster_fire_count":1,"total_cluster_frp":1.22,"cluster_convex_hull_area_km2":0.0,"is_outbreak_front":false,"is_persistent_cluster":false}},{"type":"Feature","id":"ae6f6c3245f36e7b","geometry":{"type":"Point","coordinates":[81.60377,21.29881]},"properties":{"hotspot_id":"ae6f6c3245f36e7b","datetime_utc":"2024-12-27T20:26:00Z","satellite":"NOAA-20","daynight":"N","brightness":303.69,"frp":1.34,"confidence_numeric":60.0,"predicted_class":0,"predicted_label":"Wildfire","confidence_score":0.9999,"evidence_scores":{"land_cover_class":4.9492,"local_hour":0.2966,"distance_to_industry_km":-0.2618},"persistence_7d":1,"persistence_30d":1,"hotspot_density":0,"land_cover_class":10,"land_cover_name":"Tree cover","distance_to_industry_km":4.9933,"inside_industrial_polygon":0,"nearest_facility_type":"steel_smelter","nearest_facility_name":"Raipur - Siltara Sponge Iron Cluster","cluster_id":-1,"cluster_fire_count":1,"total_cluster_frp":1.34,"cluster_convex_hull_area_km2":0.0,"is_outbreak_front":false,"is_persistent_cluster":false}},{"type":"Feature","id":"9c5e2c81fc0aa6a1","geometry":{"type":"Point","coordinates":[84.41325,22.23115]},"properties":{"hotspot_id":"9c5e2c81fc0aa6a1","datetime_utc":"2024-12-27T20:26:00Z","satellite":"NOAA-20","daynight":"N","brightness":299.11,"frp":0.65,"confidence_numeric":60.0,"predicted_class":1,"predicted_label":"Agricultural burning","confidence_score":0.9985,"evidence_scores":{"land_cover_class":2.6379,"distance_to_industry_km":1.9643,"local_hour":-0.7291},"persistence_7d":1,"persistence_30d":2,"hotspot_density":0,"land_cover_class":30,"land_cover_name":"Grassland","distance_to_industry_km":40.0022,"inside_industrial_polygon":0,"nearest_facility_type":"steel_smelter","nearest_facility_name":"Rourkela Steel Plant","cluster_id":-1,"cluster_fire_count":1,"total_cluster_frp":0.65,"cluster_convex_hull_area_km2":0.0,"is_outbreak_front":false,"is_persistent_cluster":false}},{"type":"Feature","id":"6e987ef977e2d32b","geometry":{"type":"Point","coordinates":[83.82108,21.7427]},"properties":{"hotspot_id":"6e987ef977e2d32b","datetime_utc":"2024-12-27T20:26:00Z","satellite":"NOAA-20","daynight":"N","brightness":304.76,"frp":1.29,"confidence_numeric":60.0,"predicted_class":1,"predicted_label":"Agricultural burning","confidence_score":0.9982,"evidence_scores":{"land_cover_class":2.578,"distance_to_industry_km":1.8086,"local_hour":-0.723},"persistence_7d":0,"persistence_30d":0,"hotspot_density":2,"land_cover_class":30,"land_cover_name":"Grassland","distance_to_industry_km":8.9572,"inside_industrial_polygon":0,"nearest_facility_type":"steel_smelter","nearest_facility_name":"Odisha Steel Belt - Jharsuguda","cluster_id":-1,"cluster_fire_count":1,"total_cluster_frp":1.29,"cluster_convex_hull_area_km2":0.0,"is_outbreak_front":false,"is_persistent_cluster":false}},{"type":"Feature","id":"d9c9b3a685a337da","geometry":{"type":"Point","coordinates":[83.83894,21.78287]},"properties":{"hotspot_id":"d9c9b3a685a337da","datetime_utc":"2024-12-27T20:26:00Z","satellite":"NOAA-20","daynight":"N","brightness":313.73,"frp":1.23,"confidence_numeric":60.0,"predicted_class":1,"predicted_label":"Agricultural burning","confidence_score":0.9975,"evidence_scores":{"land_cover_class":2.578,"distance_to_industry_km":1.8165,"local_hour":-0.723},"persistence_7d":1,"persistence_30d":2,"hotspot_density":2,"land_cover_class":30,"land_cover_name":"Grassland","distance_to_industry_km":6.6983,"inside_industrial_polygon":0,"nearest_facility_type":"steel_smelter","nearest_facility_name":"Odisha Steel Belt - Jharsuguda","cluster_id":-1,"cluster_fire_count":1,"total_cluster_frp":1.23,"cluster_convex_hull_area_km2":0.0,"is_outbreak_front":false,"is_persistent_cluster":false}},{"type":"Feature","id":"b6176d48bd5b01df","geometry":{"type":"Point","coordinates":[83.82957,21.78032]},"properties":{"hotspot_id":"b6176d48bd5b01df","datetime_utc":"2024-12-27T20:26:00Z","satellite":"NOAA-20","daynight":"N","brightness":311.06,"frp":1.72,"confidence_numeric":60.0,"predicted_class":1,"predicted_label":"Agricultural burning","confidence_score":0.9975,"evidence_scores":{"land_cover_class":2.578,"distance_to_industry_km":1.8165,"local_hour":-0.723},"persistence_7d":1,"persistence_30d":4,"hotspot_density":2,"land_cover_class":30,"land_cover_name":"Grassland","distance_to_industry_km":7.6633,"inside_industrial_polygon":0,"nearest_facility_type":"steel_smelter","nearest_facility_name":"Odisha Steel Belt - Jharsuguda","cluster_id":-1,"cluster_fire_count":1,"total_cluster_frp":1.72,"cluster_convex_hull_area_km2":0.0,"is_outbreak_front":false,"is_persistent_cluster":false}},{"type":"Feature","id":"d892bfd3ec26c962","geometry":{"type":"Point","coordinates":[81.38959,21.22082]},"properties":{"hotspot_id":"d892bfd3ec26c962","datetime_utc":"2024-12-27T20:26:00Z","satellite":"NOAA-20","daynight":"N","brightness":301.71,"frp":0.74,"confidence_numeric":60.0,"predicted_class":5,"predicted_label":"Unknown","confidence_score":0.3674,"evidence_scores":{"frp":-4.7165,"frp_density":-0.8212,"distance_to_industry_km":0.4155},"persistence_7d":0,"persistence_30d":0,"hotspot_density":0,"land_cover_class":50,"land_cover_name":"Built-up","distance_to_industry_km":0.0,"inside_industrial_polygon":1,"nearest_facility_type":"steel_smelter","nearest_facility_name":"Bhilai Steel Plant","cluster_id":-1,"cluster_fire_count":1,"total_cluster_frp":0.74,"cluster_convex_hull_area_km2":0.0,"is_outbreak_front":false,"is_persistent_cluster":false}},{"type":"Feature","id":"66960458cf0b4610","geometry":{"type":"Point","coordinates":[84.02301,21.76833]},"properties":{"hotspot_id":"66960458cf0b4610","datetime_utc":"2024-12-27T20:26:00Z","satellite":"NOAA-20","daynight":"N","brightness":302.17,"frp":1.41,"confidence_numeric":60.0,"predicted_class":4,"predicted_label":"Persistent thermal source","confidence_score":0.9999,"evidence_scores":{"persistence_30d":4.374,"persistence_7d":1.0565,"prior_detections_7d":0.3884},"persistence_7d":3,"persistence_30d":8,"hotspot_density":0,"land_cover_class":50,"land_cover_name":"Built-up","distance_to_industry_km":0.0,"inside_industrial_polygon":1,"nearest_facility_type":"steel_smelter","nearest_facility_name":"Odisha Steel Belt - Jharsuguda","cluster_id":-1,"cluster_fire_count":1,"total_cluster_frp":1.41,"cluster_convex_hull_area_km2":0.0,"is_outbreak_front":false,"is_persistent_cluster":false}},{"type":"Feature","id":"0eec5eb46de785c1","geometry":{"type":"Point","coordinates":[86.19871,22.79065]},"properties":{"hotspot_id":"0eec5eb46de785c1","datetime_utc":"2024-12-27T20:26:00Z","satellite":"NOAA-20","daynight":"N","brightness":304.56,"frp":2.07,"confidence_numeric":60.0,"predicted_class":4,"predicted_label":"Persistent thermal source","confidence_score":0.8519,"evidence_scores":{"persistence_30d":-3.5569,"persistence_7d":0.9226,"prior_detections_7d":0.3612},"persistence_7d":1,"persistence_30d":4,"hotspot_density":0,"land_cover_class":50,"land_cover_name":"Built-up","distance_to_industry_km":0.0,"inside_industrial_polygon":1,"nearest_facility_type":"steel_smelter","nearest_facility_name":"Jamshedpur Steel Works","cluster_id":-1,"cluster_fire_count":1,"total_cluster_frp":2.07,"cluster_convex_hull_area_km2":0.0,"is_outbreak_front":false,"is_persistent_cluster":false}},{"type":"Feature","id":"17b848f80cab1a9b","geometry":{"type":"Point","coordinates":[70.48299,23.31639]},"properties":{"hotspot_id":"17b848f80cab1a9b","datetime_utc":"2024-12-27T20:26:00Z","satellite":"NOAA-20","daynight":"N","brightness":297.19,"frp":0.62,"confidence_numeric":60.0,"predicted_class":1,"predicted_label":"Agricultural burning","confidence_score":0.9949,"evidence_scores":{"distance_to_industry_km":2.3732,"local_hour":-0.8407,"land_cover_class":0.8151},"persistence_7d":0,"persistence_30d":2,"hotspot_density":0,"land_cover_class":60,"land_cover_name":"Bare / sparse vegetation","distance_to_industry_km":103.3943,"inside_industrial_polygon":0,"nearest_facility_type":"power_coal","nearest_facility_name":"Mundra Port & Power Complex","cluster_id":-1,"cluster_fire_count":1,"total_cluster_frp":0.62,"cluster_convex_hull_area_km2":0.0,"is_outbreak_front":false,"is_persistent_cluster":false}},{"type":"Feature","id":"14832b1c7ef13c97","geometry":{"type":"Point","coordinates":[84.99095,20.8669]},"properties":{"hotspot_id":"14832b1c7ef13c97","datetime_utc":"2024-12-27T20:26:00Z","satellite":"NOAA-20","daynight":"N","brightness":303.42,"frp":1.39,"confidence_numeric":60.0,"predicted_class":5,"predicted_label":"Unknown","confidence_score":0.3549,"evidence_scores":{"frp":-4.7347,"frp_density":-0.8212,"distance_to_industry_km":0.399},"persistence_7d":0,"persistence_30d":3,"hotspot_density":0,"land_cover_class":50,"land_cover_name":"Built-up","distance_to_industry_km":0.0,"inside_industrial_polygon":1,"nearest_facility_type":"steel_smelter","nearest_facility_name":"Odisha Steel Belt - Angul / Talcher","cluster_id":-1,"cluster_fire_count":1,"total_cluster_frp":1.39,"cluster_convex_hull_area_km2":0.0,"is_outbreak_front":false,"is_persistent_cluster":false}},{"type":"Feature","id":"19b006d10a699fd1","geometry":{"type":"Point","coordinates":[80.31586,17.58375]},"properties":{"hotspot_id":"19b006d10a699fd1","datetime_utc":"2024-12-27T20:27:00Z","satellite":"NOAA-20","daynight":"N","brightness":305.65,"frp":1.17,"confidence_numeric":60.0,"predicted_class":1,"predicted_label":"Agricultural burning","confidence_score":0.9985,"evidence_scores":{"land_cover_class":2.6388,"distance_to_industry_km":2.3521,"local_hour":-0.8007},"persistence_7d":0,"persistence_30d":0,"hotspot_density":0,"land_cover_class":30,"land_cover_name":"Grassland","distance_to_industry_km":185.5142,"inside_industrial_polygon":0,"nearest_facility_type":"oil_gas_flare","nearest_facility_name":"KG Basin Onshore - Tatipaka / Narsapur","cluster_id":-1,"cluster_fire_count":1,"total_cluster_frp":1.17,"cluster_convex_hull_area_km2":0.0,"is_outbreak_front":false,"is_persistent_cluster":false}},{"type":"Feature","id":"9ebb6bf8d3ec7e64","geometry":{"type":"Point","coordinates":[70.69373,20.8359]},"properties":{"hotspot_id":"9ebb6bf8d3ec7e64","datetime_utc":"2024-12-27T20:27:00Z","satellite":"NOAA-20","daynight":"N","brightness":300.68,"frp":1.34,"confidence_numeric":60.0,"predicted_class":1,"predicted_label":"Agricultural burning","confidence_score":0.9985,"evidence_scores":{"land_cover_class":2.6379,"distance_to_industry_km":2.3938,"local_hour":-0.8168},"persistence_7d":0,"persistence_30d":0,"hotspot_density":0,"land_cover_class":30,"land_cover_name":"Grassland","distance_to_industry_km":180.6166,"inside_industrial_polygon":0,"nearest_facility_type":"refinery_petrochemical","nearest_facility_name":"Jamnagar Refining Complex","cluster_id":-1,"cluster_fire_count":1,"total_cluster_frp":1.34,"cluster_convex_hull_area_km2":0.0,"is_outbreak_front":false,"is_persistent_cluster":false}},{"type":"Feature","id":"bb005253163322cc","geometry":{"type":"Point","coordinates":[73.04101,18.69264]},"properties":{"hotspot_id":"bb005253163322cc","datetime_utc":"2024-12-27T20:27:00Z","satellite":"NOAA-20","daynight":"N","brightness":317.69,"frp":2.5,"confidence_numeric":60.0,"predicted_class":4,"predicted_label":"Persistent thermal source","confidence_score":0.8451,"evidence_scores":{"persistence_30d":-3.5569,"persistence_7d":0.9226,"prior_detections_7d":0.3612},"persistence_7d":1,"persistence_30d":3,"hotspot_density":0,"land_cover_class":50,"land_cover_name":"Built-up","distance_to_industry_km":0.0,"inside_industrial_polygon":1,"nearest_facility_type":"steel_smelter","nearest_facility_name":"JSW Dolvi Works","cluster_id":-1,"cluster_fire_count":1,"total_cluster_frp":2.5,"cluster_convex_hull_area_km2":0.0,"is_outbreak_front":false,"is_persistent_cluster":false}},{"type":"Feature","id":"ae1a909c4c627256","geometry":{"type":"Point","coordinates":[75.13085,17.06021]},"properties":{"hotspot_id":"ae1a909c4c627256","datetime_utc":"2024-12-27T20:28:00Z","satellite":"NOAA-20","daynight":"N","brightness":307.99,"frp":0.73,"confidence_numeric":60.0,"predicted_class":1,"predicted_label":"Agricultural burning","confidence_score":0.9977,"evidence_scores":{"land_cover_class":2.6188,"distance_to_industry_km":2.1476,"local_hour":-0.7681},"persistence_7d":0,"persistence_30d":0,"hotspot_density":0,"land_cover_class":30,"land_cover_name":"Grassland","distance_to_industry_km":257.311,"inside_industrial_polygon":0,"nearest_facility_type":"steel_smelter","nearest_facility_name":"JSW Vijayanagar (Toranagallu)","cluster_id":-1,"cluster_fire_count":1,"total_cluster_frp":0.73,"cluster_convex_hull_area_km2":0.0,"is_outbreak_front":false,"is_persistent_cluster":false}},{"type":"Feature","id":"b182d905fe8f47e8","geometry":{"type":"Point","coordinates":[95.84409,27.64461]},"properties":{"hotspot_id":"b182d905fe8f47e8","datetime_utc":"2024-12-28T05:59:00Z","satellite":"NOAA-20","daynight":"D","brightness":331.69,"frp":3.0,"confidence_numeric":30.0,"predicted_class":0,"predicted_label":"Wildfire","confidence_score":0.9999,"evidence_scores":{"land_cover_class":5.0635,"local_hour":0.3892,"scan":-0.1475},"persistence_7d":0,"persistence_30d":0,"hotspot_density":0,"land_cover_class":10,"land_cover_name":"Tree cover","distance_to_industry_km":33.3918,"inside_industrial_polygon":0,"nearest_facility_type":"oil_gas_flare","nearest_facility_name":"Upper Assam Oil Fields - Duliajan / Digboi","cluster_id":-1,"cluster_fire_count":1,"total_cluster_frp":3.0,"cluster_convex_hull_area_km2":0.0,"is_outbreak_front":false,"is_persistent_cluster":false}},{"type":"Feature","id":"1a8abc4824c5117d","geometry":{"type":"Point","coordinates":[95.56992,27.023]},"properties":{"hotspot_id":"1a8abc4824c5117d","datetime_utc":"2024-12-28T05:59:00Z","satellite":"NOAA-20","daynight":"D","brightness":367.0,"frp":9.45,"confidence_numeric":90.0,"predicted_class":0,"predicted_label":"Wildfire","confidence_score":0.9999,"evidence_scores":{"land_cover_class":4.9821,"local_hour":0.3717,"distance_to_industry_km":-0.2199},"persistence_7d":0,"persistence_30d":0,"hotspot_density":0,"land_cover_class":10,"land_cover_name":"Tree cover","distance_to_industry_km":22.0856,"inside_industrial_polygon":0,"nearest_facility_type":"oil_gas_flare","nearest_facility_name":"Upper Assam Oil Fields - Duliajan / Digboi","cluster_id":-1,"cluster_fire_count":1,"total_cluster_frp":9.45,"cluster_convex_hull_area_km2":0.0,"is_outbreak_front":false,"is_persistent_cluster":false}},{"type":"Feature","id":"d82a3dacc276b094","geometry":{"type":"Point","coordinates":[76.47115,9.65687]},"properties":{"hotspot_id":"d82a3dacc276b094","datetime_utc":"2024-12-28T07:36:00Z","satellite":"NOAA-20","daynight":"D","brightness":337.44,"frp":4.37,"confidence_numeric":60.0,"predicted_class":1,"predicted_label":"Agricultural burning","confidence_score":0.9999,"evidence_scores":{"land_cover_class":2.6991,"distance_to_industry_km":2.1195,"doy_cos":-0.3646},"persistence_7d":0,"persistence_30d":0,"hotspot_density":0,"land_cover_class":30,"land_cover_name":"Grassland","distance_to_industry_km":37.048,"inside_industrial_polygon":0,"nearest_facility_type":"refinery_petrochemical","nearest_facility_name":"Kochi Refinery","cluster_id":-1,"cluster_fire_count":1,"total_cluster_frp":4.37,"cluster_convex_hull_area_km2":0.0,"is_outbreak_front":false,"is_persistent_cluster":false}},{"type":"Feature","id":"7d26e13166c5b567","geometry":{"type":"Point","coordinates":[77.1145,15.34335]},"properties":{"hotspot_id":"7d26e13166c5b567","datetime_utc":"2024-12-28T07:37:00Z","satellite":"NOAA-20","daynight":"D","brightness":333.55,"frp":3.92,"confidence_numeric":60.0,"predicted_class":1,"predicted_label":"Agricultural burning","confidence_score":0.9998,"evidence_scores":{"land_cover_class":2.7118,"distance_to_industry_km":2.1843,"doy_cos":-0.367},"persistence_7d":0,"persistence_30d":0,"hotspot_density":0,"land_cover_class":30,"land_cover_name":"Grassland","distance_to_industry_km":44.0293,"inside_industrial_polygon":0,"nearest_facility_type":"steel_smelter","nearest_facility_name":"JSW Vijayanagar (Toranagallu)","cluster_id":-1,"cluster_fire_count":1,"total_cluster_frp":3.92,"cluster_convex_hull_area_km2":0.0,"is_outbreak_front":false,"is_persistent_cluster":false}},{"type":"Feature","id":"5d39cfbf7e78034c","geometry":{"type":"Point","coordinates":[76.99997,16.05451]},"properties":{"hotspot_id":"5d39cfbf7e78034c","datetime_utc":"2024-12-28T07:37:00Z","satellite":"NOAA-20","daynight":"D","brightness":338.44,"frp":4.81,"confidence_numeric":60.0,"predicted_class":1,"predicted_label":"Agricultural burning","confidence_score":0.9998,"evidence_scores":{"land_cover_class":2.6967,"distance_to_industry_km":2.4897,"doy_cos":-0.3536},"persistence_7d":0,"persistence_30d":0,"hotspot_density":0,"land_cover_class":30,"land_cover_name":"Grassland","distance_to_industry_km":95.8331,"inside_industrial_polygon":0,"nearest_facility_type":"steel_smelter","nearest_facility_name":"JSW Vijayanagar (Toranagallu)","cluster_id":-1,"cluster_fire_count":1,"total_cluster_frp":4.81,"cluster_convex_hull_area_km2":0.0,"is_outbreak_front":false,"is_persistent_cluster":false}},{"type":"Feature","id":"674afa7463443ab7","geometry":{"type":"Point","coordinates":[78.51897,15.31634]},"properties":{"hotspot_id":"674afa7463443ab7","datetime_utc":"2024-12-28T07:37:00Z","satellite":"NOAA-20","daynight":"D","brightness":332.2,"frp":3.91,"confidence_numeric":60.0,"predicted_class":1,"predicted_label":"Agricultural burning","confidence_score":0.9999,"evidence_scores":{"land_cover_class":2.7086,"distance_to_industry_km":2.4719,"doy_cos":-0.3366},"persistence_7d":0,"persistence_30d":0,"hotspot_density":0,"land_cover_class":30,"land_cover_name":"Grassland","distance_to_industry_km":192.006,"inside_industrial_polygon":0,"nearest_facility_type":"steel_smelter","nearest_facility_name":"JSW Vijayanagar (Toranagallu)","cluster_id":-1,"cluster_fire_count":1,"total_cluster_frp":3.91,"cluster_convex_hull_area_km2":0.0,"is_outbreak_front":false,"is_persistent_cluster":false}},{"type":"Feature","id":"02a3f95e88966a0d","geometry":{"type":"Point","coordinates":[82.6637,21.46]},"properties":{"hotspot_id":"02a3f95e88966a0d","datetime_utc":"2024-12-28T07:38:00Z","satellite":"NOAA-20","daynight":"D","brightness":332.65,"frp":3.27,"confidence_numeric":60.0,"predicted_class":0,"predicted_label":"Wildfire","confidence_score":0.9999,"evidence_scores":{"land_cover_class":5.102,"distance_to_industry_km":0.216,"doy_cos":-0.1562},"persistence_7d":0,"persistence_30d":0,"hotspot_density":0,"land_cover_class":10,"land_cover_name":"Tree cover","distance_to_industry_km":81.8137,"inside_industrial_polygon":0,"nearest_facility_type":"steel_smelter","nearest_facility_name":"Raigarh - Tamnar Industrial Zone","cluster_id":-1,"cluster_fire_count":1,"total_cluster_frp":3.27,"cluster_convex_hull_area_km2":0.0,"is_outbreak_front":false,"is_persistent_cluster":false}},{"type":"Feature","id":"69cbe16da8e01673","geometry":{"type":"Point","coordinates":[82.64735,21.33876]},"properties":{"hotspot_id":"69cbe16da8e01673","datetime_utc":"2024-12-28T07:38:00Z","satellite":"NOAA-20","daynight":"D","brightness":333.44,"frp":2.42,"confidence_numeric":60.0,"predicted_class":0,"predicted_label":"Wildfire","confidence_score":0.9999,"evidence_scores":{"land_cover_class":5.102,"distance_to_industry_km":0.2816,"doy_cos":-0.1562},"persistence_7d":0,"persistence_30d":0,"hotspot_density":1,"land_cover_class":10,"land_cover_name":"Tree cover","distance_to_industry_km":91.2445,"inside_industrial_polygon":0,"nearest_facility_type":"steel_smelter","nearest_facility_name":"Raigarh - Tamnar Industrial Zone","cluster_id":-1,"cluster_fire_count":1,"total_cluster_frp":2.42,"cluster_convex_hull_area_km2":0.0,"is_outbreak_front":false,"is_persistent_cluster":false}},{"type":"Feature","id":"000108fdf3393f27","geometry":{"type":"Point","coordinates":[75.52571,19.3553]},"properties":{"hotspot_id":"000108fdf3393f27","datetime_utc":"2024-12-28T07:38:00Z","satellite":"NOAA-20","daynight":"D","brightness":331.69,"frp":3.23,"confidence_numeric":60.0,"predicted_class":1,"predicted_label":"Agricultural burning","confidence_score":0.9998,"evidence_scores":{"land_cover_class":2.6864,"distance_to_industry_km":2.3636,"doy_cos":-0.361},"persistence_7d":0,"persistence_30d":0,"hotspot_density":0,"land_cover_class":30,"land_cover_name":"Grassland","distance_to_industry_km":266.8832,"inside_industrial_polygon":0,"nearest_facility_type":"steel_smelter","nearest_facility_name":"JSW Dolvi Works","cluster_id":-1,"cluster_fire_count":1,"total_cluster_frp":3.23,"cluster_convex_hull_area_km2":0.0,"is_outbreak_front":false,"is_persistent_cluster":false}},{"type":"Feature","id":"476558425054ce33","geometry":{"type":"Point","coordinates":[83.87996,21.32115]},"properties":{"hotspot_id":"476558425054ce33","datetime_utc":"2024-12-28T07:38:00Z","satellite":"NOAA-20","daynight":"D","brightness":335.42,"frp":4.46,"confidence_numeric":60.0,"predicted_class":1,"predicted_label":"Agricultural burning","confidence_score":0.9998,"evidence_scores":{"land_cover_class":2.7094,"distance_to_industry_km":2.1418,"track":-0.4402},"persistence_7d":0,"persistence_30d":0,"hotspot_density":0,"land_cover_class":30,"land_cover_name":"Grassland","distance_to_industry_km":41.0376,"inside_industrial_polygon":0,"nearest_facility_type":"steel_smelter","nearest_facility_name":"Odisha Steel Belt - Jharsuguda","cluster_id":-1,"cluster_fire_count":1,"total_cluster_frp":4.46,"cluster_convex_hull_area_km2":0.0,"is_outbreak_front":false,"is_persistent_cluster":false}},{"type":"Feature","id":"d28071df6eee2291","geometry":{"type":"Point","coordinates":[80.155,18.7542]},"properties":{"hotspot_id":"d28071df6eee2291","datetime_utc":"2024-12-28T07:38:00Z","satellite":"NOAA-20","daynight":"D","brightness":330.32,"frp":3.07,"confidence_numeric":60.0,"predicted_class":0,"predicted_label":"Wildfire","confidence_score":0.9999,"evidence_scores":{"land_cover_class":5.0626,"distance_to_industry_km":0.97,"scan":0.1836},"persistence_7d":0,"persistence_30d":0,"hotspot_density":0,"land_cover_class":10,"land_cover_name":"Tree cover","distance_to_industry_km":289.8476,"inside_industrial_polygon":0,"nearest_facility_type":"oil_gas_flare","nearest_facility_name":"KG Basin Onshore - Tatipaka / Narsapur","cluster_id":-1,"cluster_fire_count":1,"total_cluster_frp":3.07,"cluster_convex_hull_area_km2":0.0,"is_outbreak_front":false,"is_persistent_cluster":false}},{"type":"Feature","id":"05c1efd8da475bd6","geometry":{"type":"Point","coordinates":[82.04074,21.28602]},"properties":{"hotspot_id":"05c1efd8da475bd6","datetime_utc":"2024-12-28T07:38:00Z","satellite":"NOAA-20","daynight":"D","brightness":330.5,"frp":1.36,"confidence_numeric":60.0,"predicted_class":0,"predicted_label":"Wildfire","confidence_score":0.9999,"evidence_scores":{"land_cover_class":5.0562,"doy_cos":-0.1565,"track":0.1531},"persistence_7d":0,"persistence_30d":1,"hotspot_density":0,"land_cover_class":10,"land_cover_name":"Tree cover","distance_to_industry_km":31.7979,"inside_industrial_polygon":0,"nearest_facility_type":"steel_smelter","nearest_facility_name":"Raipur - Siltara Sponge Iron Cluster","cluster_id":-1,"cluster_fire_count":1,"total_cluster_frp":1.36,"cluster_convex_hull_area_km2":0.0,"is_outbreak_front":false,"is_persistent_cluster":false}},{"type":"Feature","id":"fe47a4d9cf4ec1b9","geometry":{"type":"Point","coordinates":[82.42987,20.94875]},"properties":{"hotspot_id":"fe47a4d9cf4ec1b9","datetime_utc":"2024-12-28T07:38:00Z","satellite":"NOAA-20","daynight":"D","brightness":336.72,"frp":3.6,"confidence_numeric":60.0,"predicted_class":0,"predicted_label":"Wildfire","confidence_score":0.9999,"evidence_scores":{"land_cover_class":5.0712,"distance_to_industry_km":0.2541,"doy_cos":-0.1562},"persistence_7d":0,"persistence_30d":0,"hotspot_density":0,"land_cover_class":10,"land_cover_name":"Tree cover","distance_to_industry_km":84.3547,"inside_industrial_polygon":0,"nearest_facility_type":"steel_smelter","nearest_facility_name":"Raipur - Siltara Sponge Iron Cluster","cluster_id":-1,"cluster_fire_count":1,"total_cluster_frp":3.6,"cluster_convex_hull_area_km2":0.0,"is_outbreak_front":false,"is_persistent_cluster":false}},{"type":"Feature","id":"9af581af70c5489b","geometry":{"type":"Point","coordinates":[82.95164,21.34348]},"properties":{"hotspot_id":"9af581af70c5489b","datetime_utc":"2024-12-28T07:38:00Z","satellite":"NOAA-20","daynight":"D","brightness":335.03,"frp":24.45,"confidence_numeric":60.0,"predicted_class":0,"predicted_label":"Wildfire","confidence_score":0.9997,"evidence_scores":{"land_cover_class":5.1092,"doy_cos":-0.1561,"track":0.1531},"persistence_7d":0,"persistence_30d":0,"hotspot_density":1,"land_cover_class":10,"land_cover_name":"Tree cover","distance_to_industry_km":68.8609,"inside_industrial_polygon":0,"nearest_facility_type":"steel_smelter","nearest_facility_name":"Raigarh - Tamnar Industrial Zone","cluster_id":-1,"cluster_fire_count":1,"total_cluster_frp":24.45,"cluster_convex_hull_area_km2":0.0,"is_outbreak_front":false,"is_persistent_cluster":false}},{"type":"Feature","id":"24865f25918db168","geometry":{"type":"Point","coordinates":[73.38182,18.967]},"properties":{"hotspot_id":"24865f25918db168","datetime_utc":"2024-12-28T07:38:00Z","satellite":"NOAA-20","daynight":"D","brightness":344.21,"frp":6.85,"confidence_numeric":60.0,"predicted_class":0,"predicted_label":"Wildfire","confidence_score":0.9998,"evidence_scores":{"land_cover_class":5.0533,"brightness_contrast":0.2047,"doy_cos":-0.156},"persistence_7d":0,"persistence_30d":0,"hotspot_density":0,"land_cover_class":10,"land_cover_name":"Tree cover","distance_to_industry_km":43.0905,"inside_industrial_polygon":0,"nearest_facility_type":"steel_smelter","nearest_facility_name":"JSW Dolvi Works","cluster_id":-1,"cluster_fire_count":1,"total_cluster_frp":6.85,"cluster_convex_hull_area_km2":0.0,"is_outbreak_front":false,"is_persistent_cluster":false}},{"type":"Feature","id":"a0c4b328cc74625f","geometry":{"type":"Point","coordinates":[77.54634,17.77234]},"properties":{"hotspot_id":"a0c4b328cc74625f","datetime_utc":"2024-12-28T07:38:00Z","satellite":"NOAA-20","daynight":"D","brightness":334.74,"frp":8.84,"confidence_numeric":60.0,"predicted_class":1,"predicted_label":"Agricultural burning","confidence_score":0.9999,"evidence_scores":{"land_cover_class":2.6827,"distance_to_industry_km":2.4027,"doy_cos":-0.3599},"persistence_7d":0,"persistence_30d":0,"hotspot_density":0,"land_cover_class":30,"land_cover_name":"Grassland","distance_to_industry_km":295.3502,"inside_industrial_polygon":0,"nearest_facility_type":"steel_smelter","nearest_facility_name":"JSW Vijayanagar (Toranagallu)","cluster_id":-1,"cluster_fire_count":1,"total_cluster_frp":8.84,"cluster_convex_hull_area_km2":0.0,"is_outbreak_front":false,"is_persistent_cluster":false}},{"type":"Feature","id":"a87adf52f6a24105","geometry":{"type":"Point","coordinates":[77.23193,17.86737]},"properties":{"hotspot_id":"a87adf52f6a24105","datetime_utc":"2024-12-28T07:38:00Z","satellite":"NOAA-20","daynight":"D","brightness":339.18,"frp":4.03,"confidence_numeric":60.0,"predicted_class":1,"predicted_label":"Agricultural burning","confidence_score":0.9998,"evidence_scores":{"land_cover_class":2.6886,"distance_to_industry_km":2.3611,"doy_cos":-0.3604},"persistence_7d":0,"persistence_30d":0,"hotspot_density":0,"land_cover_class":30,"land_cover_name":"Grassland","distance_to_industry_km":296.9774,"inside_industrial_polygon":0,"nearest_facility_type":"steel_smelter","nearest_facility_name":"JSW Vijayanagar (Toranagallu)","cluster_id":-1,"cluster_fire_count":1,"total_cluster_frp":4.03,"cluster_convex_hull_area_km2":0.0,"is_outbreak_front":false,"is_persistent_cluster":false}},{"type":"Feature","id":"17a4526a4b0b9fe8","geometry":{"type":"Point","coordinates":[82.93384,21.33743]},"properties":{"hotspot_id":"17a4526a4b0b9fe8","datetime_utc":"2024-12-28T07:38:00Z","satellite":"NOAA-20","daynight":"D","brightness":347.2,"frp":4.57,"confidence_numeric":60.0,"predicted_class":0,"predicted_label":"Wildfire","confidence_score":0.9999,"evidence_scores":{"land_cover_class":5.0531,"brightness_contrast":0.2043,"doy_cos":-0.1566},"persistence_7d":0,"persistence_30d":0,"hotspot_density":1,"land_cover_class":10,"land_cover_name":"Tree cover","distance_to_industry_km":70.5192,"inside_industrial_polygon":0,"nearest_facility_type":"steel_smelter","nearest_facility_name":"Raigarh - Tamnar Industrial Zone","cluster_id":-1,"cluster_fire_count":1,"total_cluster_frp":4.57,"cluster_convex_hull_area_km2":0.0,"is_outbreak_front":false,"is_persistent_cluster":false}},{"type":"Feature","id":"8a409f11b8cc0ff3","geometry":{"type":"Point","coordinates":[83.6931,21.42631]},"properties":{"hotspot_id":"8a409f11b8cc0ff3","datetime_utc":"2024-12-28T07:38:00Z","satellite":"NOAA-20","daynight":"D","brightness":334.31,"frp":2.83,"confidence_numeric":60.0,"predicted_class":1,"predicted_label":"Agricultural burning","confidence_score":0.9998,"evidence_scores":{"land_cover_class":2.6983,"distance_to_industry_km":2.0864,"track":-0.4315},"persistence_7d":0,"persistence_30d":0,"hotspot_density":1,"land_cover_class":30,"land_cover_name":"Grassland","distance_to_industry_km":39.8548,"inside_industrial_polygon":0,"nearest_facility_type":"steel_smelter","nearest_facility_name":"Odisha Steel Belt - Jharsuguda","cluster_id":-1,"cluster_fire_count":1,"total_cluster_frp":2.83,"cluster_convex_hull_area_km2":0.0,"is_outbreak_front":false,"is_persistent_cluster":false}},{"type":"Feature","id":"f70de82e7b037f5c","geometry":{"type":"Point","coordinates":[83.81384,21.25746]},"properties":{"hotspot_id":"f70de82e7b037f5c","datetime_utc":"2024-12-28T07:38:00Z","satellite":"NOAA-20","daynight":"D","brightness":341.34,"frp":2.74,"confidence_numeric":60.0,"predicted_class":1,"predicted_label":"Agricultural burning","confidence_score":0.9998,"evidence_scores":{"land_cover_class":2.7003,"distance_to_industry_km":2.3779,"track":-0.4402},"persistence_7d":0,"persistence_30d":0,"hotspot_density":0,"land_cover_class":30,"land_cover_name":"Grassland","distance_to_industry_km":49.8939,"inside_industrial_polygon":0,"nearest_facility_type":"steel_smelter","nearest_facility_name":"Odisha Steel Belt - Jharsuguda","cluster_id":-1,"cluster_fire_count":1,"total_cluster_frp":2.74,"cluster_convex_hull_area_km2":0.0,"is_outbreak_front":false,"is_persistent_cluster":false}},{"type":"Feature","id":"ed2006950594dff2","geometry":{"type":"Point","coordinates":[87.58323,21.75886]},"properties":{"hotspot_id":"ed2006950594dff2","datetime_utc":"2024-12-28T07:38:00Z","satellite":"NOAA-20","daynight":"D","brightness":331.2,"frp":4.27,"confidence_numeric":60.0,"predicted_class":1,"predicted_label":"Agricultural burning","confidence_score":0.9999,"evidence_scores":{"land_cover_class":2.7036,"distance_to_industry_km":2.4884,"doy_cos":-0.3718},"persistence_7d":0,"persistence_30d":0,"hotspot_density":0,"land_cover_class":30,"land_cover_name":"Grassland","distance_to_industry_km":56.373,"inside_industrial_polygon":0,"nearest_facility_type":"refinery_petrochemical","nearest_facility_name":"Haldia Refinery & Petrochemicals","cluster_id":-1,"cluster_fire_count":1,"total_cluster_frp":4.27,"cluster_convex_hull_area_km2":0.0,"is_outbreak_front":false,"is_persistent_cluster":false}},{"type":"Feature","id":"0253c1789857f601","geometry":{"type":"Point","coordinates":[83.67216,21.43686]},"properties":{"hotspot_id":"0253c1789857f601","datetime_utc":"2024-12-28T07:38:00Z","satellite":"NOAA-20","daynight":"D","brightness":339.83,"frp":3.66,"confidence_numeric":60.0,"predicted_class":1,"predicted_label":"Agricultural burning","confidence_score":0.9997,"evidence_scores":{"land_cover_class":2.6983,"distance_to_industry_km":2.0835,"track":-0.4402},"persistence_7d":0,"persistence_30d":0,"hotspot_density":1,"land_cover_class":30,"land_cover_name":"Grassland","distance_to_industry_km":40.4304,"inside_industrial_polygon":0,"nearest_facility_type":"steel_smelter","nearest_facility_name":"Odisha Steel Belt - Jharsuguda","cluster_id":-1,"cluster_fire_count":1,"total_cluster_frp":3.66,"cluster_convex_hull_area_km2":0.0,"is_outbreak_front":false,"is_persistent_cluster":false}},{"type":"Feature","id":"82d4a67359361fc8","geometry":{"type":"Point","coordinates":[82.51161,21.20924]},"properties":{"hotspot_id":"82d4a67359361fc8","datetime_utc":"2024-12-28T07:38:00Z","satellite":"NOAA-20","daynight":"D","brightness":334.94,"frp":2.54,"confidence_numeric":60.0,"predicted_class":0,"predicted_label":"Wildfire","confidence_score":0.9999,"evidence_scores":{"land_cover_class":5.0828,"distance_to_industry_km":0.2159,"doy_cos":-0.1562},"persistence_7d":0,"persistence_30d":0,"hotspot_density":0,"land_cover_class":10,"land_cover_name":"Tree cover","distance_to_industry_km":81.2249,"inside_industrial_polygon":0,"nearest_facility_type":"steel_smelter","nearest_facility_name":"Raipur - Siltara Sponge Iron Cluster","cluster_id":-1,"cluster_fire_count":1,"total_cluster_frp":2.54,"cluster_convex_hull_area_km2":0.0,"is_outbreak_front":false,"is_persistent_cluster":false}},{"type":"Feature","id":"f73e8d504304504a","geometry":{"type":"Point","coordinates":[79.9837,18.25029]},"properties":{"hotspot_id":"f73e8d504304504a","datetime_utc":"2024-12-28T07:38:00Z","satellite":"NOAA-20","daynight":"D","brightness":333.6,"frp":2.21,"confidence_numeric":60.0,"predicted_class":0,"predicted_label":"Wildfire","confidence_score":0.9999,"evidence_scores":{"land_cover_class":5.0544,"distance_to_industry_km":0.9703,"scan":0.1836},"persistence_7d":0,"persistence_30d":0,"hotspot_density":0,"land_cover_class":10,"land_cover_name":"Tree cover","distance_to_industry_km":259.7806,"inside_industrial_polygon":0,"nearest_facility_type":"oil_gas_flare","nearest_facility_name":"KG Basin Onshore - Tatipaka / Narsapur","cluster_id":-1,"cluster_fire_count":1,"total_cluster_frp":2.21,"cluster_convex_hull_area_km2":0.0,"is_outbreak_front":false,"is_persistent_cluster":false}},{"type":"Feature","id":"0a7b5729280021bc","geometry":{"type":"Point","coordinates":[81.32832,20.54097]},"properties":{"hotspot_id":"0a7b5729280021bc","datetime_utc":"2024-12-28T07:38:00Z","satellite":"NOAA-20","daynight":"D","brightness":334.05,"frp":3.0,"confidence_numeric":60.0,"predicted_class":0,"predicted_label":"Wildfire","confidence_score":0.9999,"evidence_scores":{"land_cover_class":5.0926,"doy_cos":-0.1566,"track":0.1531},"persistence_7d":0,"persistence_30d":0,"hotspot_density":0,"land_cover_class":10,"land_cover_name":"Tree cover","distance_to_industry_km":66.4529,"inside_industrial_polygon":0,"nearest_facility_type":"steel_smelter","nearest_facility_name":"Bhilai Steel Plant","cluster_id":-1,"cluster_fire_count":1,"total_cluster_frp":3.0,"cluster_convex_hull_area_km2":0.0,"is_outbreak_front":false,"is_persistent_cluster":false}},{"type":"Feature","id":"a5e3c5031ec4057e","geometry":{"type":"Point","coordinates":[82.40656,21.20664]},"properties":{"hotspot_id":"a5e3c5031ec4057e","datetime_utc":"2024-12-28T07:38:00Z","satellite":"NOAA-20","daynight":"D","brightness":337.71,"frp":5.98,"confidence_numeric":60.0,"predicted_class":0,"predicted_label":"Wildfire","confidence_score":0.9999,"evidence_scores":{"land_cover_class":5.0612,"brightness_contrast":0.1594,"doy_cos":-0.1566},"persistence_7d":0,"persistence_30d":0,"hotspot_density":0,"land_cover_class":10,"land_cover_name":"Tree cover","distance_to_industry_km":70.7036,"inside_industrial_polygon":0,"nearest_facility_type":"steel_smelter","nearest_facility_name":"Raipur - Siltara Sponge Iron Cluster","cluster_id":-1,"cluster_fire_count":1,"total_cluster_frp":5.98,"cluster_convex_hull_area_km2":0.0,"is_outbreak_front":false,"is_persistent_cluster":false}},{"type":"Feature","id":"db7abdb896b32680","geometry":{"type":"Point","coordinates":[82.48628,20.88592]},"properties":{"hotspot_id":"db7abdb896b32680","datetime_utc":"2024-12-28T07:38:00Z","satellite":"NOAA-20","daynight":"D","brightness":341.03,"frp":3.54,"confidence_numeric":60.0,"predicted_class":0,"predicted_label":"Wildfire","confidence_score":0.9999,"evidence_scores":{"land_cover_class":5.0459,"distance_to_industry_km":0.2817,"brightness_contrast":0.1676},"persistence_7d":0,"persistence_30d":0,"hotspot_density":0,"land_cover_class":10,"land_cover_name":"Tree cover","distance_to_industry_km":93.0567,"inside_industrial_polygon":0,"nearest_facility_type":"steel_smelter","nearest_facility_name":"Raipur - Siltara Sponge Iron Cluster","cluster_id":-1,"cluster_fire_count":1,"total_cluster_frp":3.54,"cluster_convex_hull_area_km2":0.0,"is_outbreak_front":false,"is_persistent_cluster":false}},{"type":"Feature","id":"5c7992b8d937cbce","geometry":{"type":"Point","coordinates":[81.88037,21.37313]},"properties":{"hotspot_id":"5c7992b8d937cbce","datetime_utc":"2024-12-28T07:38:00Z","satellite":"NOAA-20","daynight":"D","brightness":332.12,"frp":1.79,"confidence_numeric":60.0,"predicted_class":0,"predicted_label":"Wildfire","confidence_score":0.9999,"evidence_scores":{"land_cover_class":4.9609,"distance_to_industry_km":-0.2558,"bright_t31":-0.1802},"persistence_7d":0,"persistence_30d":0,"hotspot_density":0,"land_cover_class":10,"land_cover_name":"Tree cover","distance_to_industry_km":13.7615,"inside_industrial_polygon":0,"nearest_facility_type":"steel_smelter","nearest_facility_name":"Raipur - Siltara Sponge Iron Cluster","cluster_id":-1,"cluster_fire_count":1,"total_cluster_frp":1.79,"cluster_convex_hull_area_km2":0.0,"is_outbreak_front":false,"is_persistent_cluster":false}},{"type":"Feature","id":"f1d4dbc68f1b3131","geometry":{"type":"Point","coordinates":[79.00599,17.59573]},"properties":{"hotspot_id":"f1d4dbc68f1b3131","datetime_utc":"2024-12-28T07:38:00Z","satellite":"NOAA-20","daynight":"D","brightness":339.6,"frp":5.25,"confidence_numeric":60.0,"predicted_class":1,"predicted_label":"Agricultural burning","confidence_score":0.9998,"evidence_scores":{"land_cover_class":2.6807,"distance_to_industry_km":2.2988,"doy_cos":-0.3691},"persistence_7d":0,"persistence_30d":0,"hotspot_density":0,"land_cover_class":30,"land_cover_name":"Grassland","distance_to_industry_km":309.8886,"inside_industrial_polygon":0,"nearest_facility_type":"oil_gas_flare","nearest_facility_name":"KG Basin Onshore - Tatipaka / Narsapur","cluster_id":-1,"cluster_fire_count":1,"total_cluster_frp":5.25,"cluster_convex_hull_area_km2":0.0,"is_outbreak_front":false,"is_persistent_cluster":false}},{"type":"Feature","id":"a67a0cc29549071d","geometry":{"type":"Point","coordinates":[82.68855,21.3619]},"properties":{"hotspot_id":"a67a0cc29549071d","datetime_utc":"2024-12-28T07:38:00Z","satellite":"NOAA-20","daynight":"D","brightness":332.04,"frp":1.52,"confidence_numeric":60.0,"predicted_class":0,"predicted_label":"Wildfire","confidence_score":0.9999,"evidence_scores":{"land_cover_class":5.0739,"distance_to_industry_km":0.2532,"doy_cos":-0.1562},"persistence_7d":0,"persistence_30d":0,"hotspot_density":1,"land_cover_class":10,"land_cover_name":"Tree cover","distance_to_industry_km":86.3176,"inside_industrial_polygon":0,"nearest_facility_type":"steel_smelter","nearest_facility_name":"Raigarh - Tamnar Industrial Zone","cluster_id":-1,"cluster_fire_count":1,"total_cluster_frp":1.52,"cluster_convex_hull_area_km2":0.0,"is_outbreak_front":false,"is_persistent_cluster":false}},{"type":"Feature","id":"18ae947413092f8d","geometry":{"type":"Point","coordinates":[76.45239,19.03512]},"properties":{"hotspot_id":"18ae947413092f8d","datetime_utc":"2024-12-28T07:38:00Z","satellite":"NOAA-20","daynight":"D","brightness":333.77,"frp":2.71,"confidence_numeric":60.0,"predicted_class":1,"predicted_label":"Agricultural burning","confidence_score":0.9998,"evidence_scores":{"land_cover_class":2.6831,"distance_to_industry_km":2.3717,"doy_cos":-0.3611},"persistence_7d":0,"persistence_30d":0,"hotspot_density":0,"land_cover_class":30,"land_cover_name":"Grassland","distance_to_industry_km":356.2329,"inside_industrial_polygon":0,"nearest_facility_type":"steel_smelter","nearest_facility_name":"JSW Dolvi Works","cluster_id":-1,"cluster_fire_count":1,"total_cluster_frp":2.71,"cluster_convex_hull_area_km2":0.0,"is_outbreak_front":false,"is_persistent_cluster":false}},{"type":"Feature","id":"4f944ca4df2d946f","geometry":{"type":"Point","coordinates":[73.24671,18.28877]},"properties":{"hotspot_id":"4f944ca4df2d946f","datetime_utc":"2024-12-28T07:38:00Z","satellite":"NOAA-20","daynight":"D","brightness":333.32,"frp":3.71,"confidence_numeric":60.0,"predicted_class":0,"predicted_label":"Wildfire","confidence_score":0.9998,"evidence_scores":{"land_cover_class":5.0614,"brightness_contrast":0.1594,"doy_cos":-0.1564},"persistence_7d":0,"persistence_30d":0,"hotspot_density":0,"land_cover_class":10,"land_cover_name":"Tree cover","distance_to_industry_km":43.6591,"inside_industrial_polygon":0,"nearest_facility_type":"steel_smelter","nearest_facility_name":"JSW Dolvi Works","cluster_id":-1,"cluster_fire_count":1,"total_cluster_frp":3.71,"cluster_convex_hull_area_km2":0.0,"is_outbreak_front":false,"is_persistent_cluster":false}},{"type":"Feature","id":"5e42b32654ced0ee","geometry":{"type":"Point","coordinates":[87.15638,21.68141]},"properties":{"hotspot_id":"5e42b32654ced0ee","datetime_utc":"2024-12-28T07:38:00Z","satellite":"NOAA-20","daynight":"D","brightness":334.6,"frp":3.43,"confidence_numeric":60.0,"predicted_class":1,"predicted_label":"Agricultural burning","confidence_score":0.9999,"evidence_scores":{"land_cover_class":2.7098,"distance_to_industry_km":2.4614,"doy_cos":-0.3639},"persistence_7d":0,"persistence_30d":0,"hotspot_density":0,"land_cover_class":30,"land_cover_name":"Grassland","distance_to_industry_km":66.5706,"inside_industrial_polygon":0,"nearest_facility_type":"steel_smelter","nearest_facility_name":"Kharagpur Metallurgical Cluster","cluster_id":-1,"cluster_fire_count":1,"total_cluster_frp":3.43,"cluster_convex_hull_area_km2":0.0,"is_outbreak_front":false,"is_persistent_cluster":false}},{"type":"Feature","id":"1ac87b653e668008","geometry":{"type":"Point","coordinates":[78.66916,19.05905]},"properties":{"hotspot_id":"1ac87b653e668008","datetime_utc":"2024-12-28T07:38:00Z","satellite":"NOAA-20","daynight":"D","brightness":340.65,"frp":8.26,"confidence_numeric":60.0,"predicted_class":0,"predicted_label":"Wildfire","confidence_score":0.9999,"evidence_scores":{"land_cover_class":5.0218,"distance_to_industry_km":0.8821,"scan":0.1835},"persistence_7d":0,"persistence_30d":0,"hotspot_density":0,"land_cover_class":10,"land_cover_name":"Tree cover","distance_to_industry_km":363.9032,"inside_industrial_polygon":0,"nearest_facility_type":"steel_smelter","nearest_facility_name":"Bhilai Steel Plant","cluster_id":-1,"cluster_fire_count":1,"total_cluster_frp":8.26,"cluster_convex_hull_area_km2":0.0,"is_outbreak_front":false,"is_persistent_cluster":false}},{"type":"Feature","id":"3a6c705fb4f2161e","geometry":{"type":"Point","coordinates":[82.84573,21.28027]},"properties":{"hotspot_id":"3a6c705fb4f2161e","datetime_utc":"2024-12-28T07:38:00Z","satellite":"NOAA-20","daynight":"D","brightness":331.95,"frp":1.99,"confidence_numeric":60.0,"predicted_class":0,"predicted_label":"Wildfire","confidence_score":0.9999,"evidence_scores":{"land_cover_class":5.0914,"distance_to_industry_km":0.2159,"doy_cos":-0.1562},"persistence_7d":0,"persistence_30d":0,"hotspot_density":0,"land_cover_class":10,"land_cover_name":"Tree cover","distance_to_industry_km":81.2004,"inside_industrial_polygon":0,"nearest_facility_type":"steel_smelter","nearest_facility_name":"Raigarh - Tamnar Industrial Zone","cluster_id":-1,"cluster_fire_count":1,"total_cluster_frp":1.99,"cluster_convex_hull_area_km2":0.0,"is_outbreak_front":false,"is_persistent_cluster":false}},{"type":"Feature","id":"519ec9755e7edf9c","geometry":{"type":"Point","coordinates":[87.34508,23.1377]},"properties":{"hotspot_id":"519ec9755e7edf9c","datetime_utc":"2024-12-28T07:39:00Z","satellite":"NOAA-20","daynight":"D","brightness":332.16,"frp":3.48,"confidence_numeric":60.0,"predicted_class":1,"predicted_label":"Agricultural burning","confidence_score":0.9999,"evidence_scores":{"land_cover_class":2.7036,"distance_to_industry_km":2.1225,"doy_cos":-0.366},"persistence_7d":0,"persistence_30d":0,"hotspot_density":0,"land_cover_class":30,"land_cover_name":"Grassland","distance_to_industry_km":40.2139,"inside_industrial_polygon":0,"nearest_facility_type":"coal_mining_fire","nearest_facility_name":"Raniganj Coalfield / Durgapur","cluster_id":-1,"cluster_fire_count":1,"total_cluster_frp":3.48,"cluster_convex_hull_area_km2":0.0,"is_outbreak_front":false,"is_persistent_cluster":false}},{"type":"Feature","id":"13d7360c93821322","geometry":{"type":"Point","coordinates":[88.24577,22.85655]},"properties":{"hotspot_id":"13d7360c93821322","datetime_utc":"2024-12-28T07:39:00Z","satellite":"NOAA-20","daynight":"D","brightness":336.91,"frp":3.61,"confidence_numeric":60.0,"predicted_class":1,"predicted_label":"Agricultural burning","confidence_score":1.0,"evidence_scores":{"land_cover_class":2.7086,"distance_to_industry_km":2.5901,"doy_cos":-0.3558},"persistence_7d":0,"persistence_30d":0,"hotspot_density":0,"land_cover_class":30,"land_cover_name":"Grassland","distance_to_industry_km":84.9268,"inside_industrial_polygon":0,"nearest_facility_type":"refinery_petrochemical","nearest_facility_name":"Haldia Refinery & Petrochemicals","cluster_id":-1,"cluster_fire_count":1,"total_cluster_frp":3.61,"cluster_convex_hull_area_km2":0.0,"is_outbreak_front":false,"is_persistent_cluster":false}},{"type":"Feature","id":"c781259b69134656","geometry":{"type":"Point","coordinates":[82.74716,21.84608]},"properties":{"hotspot_id":"c781259b69134656","datetime_utc":"2024-12-28T07:39:00Z","satellite":"NOAA-20","daynight":"D","brightness":343.72,"frp":15.58,"confidence_numeric":60.0,"predicted_class":0,"predicted_label":"Wildfire","confidence_score":0.9998,"evidence_scores":{"land_cover_class":5.0374,"brightness_contrast":0.2146,"track":0.1537},"persistence_7d":0,"persistence_30d":0,"hotspot_density":2,"land_cover_class":10,"land_cover_name":"Tree cover","distance_to_industry_km":40.2437,"inside_industrial_polygon":0,"nearest_facility_type":"power_coal","nearest_facility_name":"Korba Coal & Power Complex","cluster_id":1882,"cluster_fire_count":3,"total_cluster_frp":32.45,"cluster_convex_hull_area_km2":0.0692,"is_outbreak_front":false,"is_persistent_cluster":false}},{"type":"Feature","id":"e4c118ad340693a1","geometry":{"type":"Point","coordinates":[83.20397,21.8568]},"properties":{"hotspot_id":"e4c118ad340693a1","datetime_utc":"2024-12-28T07:39:00Z","satellite":"NOAA-20","daynight":"D","brightness":331.06,"frp":2.03,"confidence_numeric":60.0,"predicted_class":0,"predicted_label":"Wildfire","confidence_score":0.9999,"evidence_scores":{"land_cover_class":5.0284,"distance_to_industry_km":-0.255,"doy_cos":-0.1564},"persistence_7d":0,"persistence_30d":0,"hotspot_density":1,"land_cover_class":10,"land_cover_name":"Tree cover","distance_to_industry_km":11.4166,"inside_industrial_polygon":0,"nearest_facility_type":"steel_smelter","nearest_facility_name":"Raigarh - Tamnar Industrial Zone","cluster_id":-1,"cluster_fire_count":1,"total_cluster_frp":2.03,"cluster_convex_hull_area_km2":0.0,"is_outbreak_front":false,"is_persistent_cluster":false}},{"type":"Feature","id":"75c92f63105b4d63","geometry":{"type":"Point","coordinates":[87.65517,23.64356]},"properties":{"hotspot_id":"75c92f63105b4d63","datetime_utc":"2024-12-28T07:39:00Z","satellite":"NOAA-20","daynight":"D","brightness":344.74,"frp":3.47,"confidence_numeric":60.0,"predicted_class":1,"predicted_label":"Agricultural burning","confidence_score":0.9999,"evidence_scores":{"land_cover_class":2.6963,"distance_to_industry_km":2.0201,"doy_cos":-0.3584},"persistence_7d":0,"persistence_30d":0,"hotspot_density":0,"land_cover_class":30,"land_cover_name":"Grassland","distance_to_industry_km":32.4765,"inside_industrial_polygon":0,"nearest_facility_type":"coal_mining_fire","nearest_facility_name":"Raniganj Coalfield / Durgapur","cluster_id":-1,"cluster_fire_count":1,"total_cluster_frp":3.47,"cluster_convex_hull_area_km2":0.0,"is_outbreak_front":false,"is_persistent_cluster":false}},{"type":"Feature","id":"7c547fdacd14999a","geometry":{"type":"Point","coordinates":[87.45819,23.68572]},"properties":{"hotspot_id":"7c547fdacd14999a","datetime_utc":"2024-12-28T07:39:00Z","satellite":"NOAA-20","daynight":"D","brightness":336.38,"frp":2.49,"confidence_numeric":60.0,"predicted_class":1,"predicted_label":"Agricultural burning","confidence_score":0.9999,"evidence_scores":{"land_cover_class":2.7086,"distance_to_industry_km":2.0051,"doy_cos":-0.3583},"persistence_7d":0,"persistence_30d":0,"hotspot_density":0,"land_cover_class":30,"land_cover_name":"Grassland","distance_to_industry_km":13.2619,"inside_industrial_polygon":0,"nearest_facility_type":"coal_mining_fire","nearest_facility_name":"Raniganj Coalfield / Durgapur","cluster_id":-1,"cluster_fire_count":1,"total_cluster_frp":2.49,"cluster_convex_hull_area_km2":0.0,"is_outbreak_front":false,"is_persistent_cluster":false}},{"type":"Feature","id":"38580fe9e7efe7ed","geometry":{"type":"Point","coordinates":[82.51256,21.8038]},"properties":{"hotspot_id":"38580fe9e7efe7ed","datetime_utc":"2024-12-28T07:39:00Z","satellite":"NOAA-20","daynight":"D","brightness":335.19,"frp":2.83,"confidence_numeric":60.0,"predicted_class":0,"predicted_label":"Wildfire","confidence_score":0.9999,"evidence_scores":{"land_cover_class":5.0828,"track":0.1536,"scan":-0.1477},"persistence_7d":0,"persistence_30d":0,"hotspot_density":0,"land_cover_class":10,"land_cover_name":"Tree cover","distance_to_industry_km":47.7318,"inside_industrial_polygon":0,"nearest_facility_type":"power_coal","nearest_facility_name":"Korba Coal & Power Complex","cluster_id":-1,"cluster_fire_count":1,"total_cluster_frp":2.83,"cluster_convex_hull_area_km2":0.0,"is_outbreak_front":false,"is_persistent_cluster":false}},{"type":"Feature","id":"ce99dd485cda2ec9","geometry":{"type":"Point","coordinates":[86.03006,25.06025]},"properties":{"hotspot_id":"ce99dd485cda2ec9","datetime_utc":"2024-12-28T07:39:00Z","satellite":"NOAA-20","daynight":"D","brightness":331.47,"frp":2.96,"confidence_numeric":60.0,"predicted_class":1,"predicted_label":"Agricultural burning","confidence_score":0.9999,"evidence_scores":{"land_cover_class":2.7136,"distance_to_industry_km":2.2235,"doy_cos":-0.3724},"persistence_7d":0,"persistence_30d":0,"hotspot_density":0,"land_cover_class":40,"land_cover_name":"Cropland","distance_to_industry_km":41.5622,"inside_industrial_polygon":0,"nearest_facility_type":"refinery_petrochemical","nearest_facility_name":"Barauni Refinery","cluster_id":-1,"cluster_fire_count":1,"total_cluster_frp":2.96,"cluster_convex_hull_area_km2":0.0,"is_outbreak_front":false,"is_persistent_cluster":false}},{"type":"Feature","id":"0dff6cc1c0e7d06a","geometry":{"type":"Point","coordinates":[82.9885,21.96044]},"properties":{"hotspot_id":"0dff6cc1c0e7d06a","datetime_utc":"2024-12-28T07:39:00Z","satellite":"NOAA-20","daynight":"D","brightness":340.35,"frp":5.15,"confidence_numeric":60.0,"predicted_class":0,"predicted_label":"Wildfire","confidence_score":0.9999,"evidence_scores":{"land_cover_class":5.0393,"brightness_contrast":0.1676,"doy_cos":-0.1564},"persistence_7d":0,"persistence_30d":0,"hotspot_density":0,"land_cover_class":10,"land_cover_name":"Tree cover","distance_to_industry_km":31.609,"inside_industrial_polygon":0,"nearest_facility_type":"steel_smelter","nearest_facility_name":"Raigarh - Tamnar Industrial Zone","cluster_id":-1,"cluster_fire_count":1,"total_cluster_frp":5.15,"cluster_convex_hull_area_km2":0.0,"is_outbreak_front":false,"is_persistent_cluster":false}},{"type":"Feature","id":"14ffd28a1ac6b059","geometry":{"type":"Point","coordinates":[83.23164,21.85073]},"properties":{"hotspot_id":"14ffd28a1ac6b059","datetime_utc":"2024-12-28T07:39:00Z","satellite":"NOAA-20","daynight":"D","brightness":330.5,"frp":2.97,"confidence_numeric":60.0,"predicted_class":0,"predicted_label":"Wildfire","confidence_score":0.9999,"evidence_scores":{"land_cover_class":5.0581,"distance_to_industry_km":-0.2547,"doy_cos":-0.1564},"persistence_7d":0,"persistence_30d":0,"hotspot_density":1,"land_cover_class":10,"land_cover_name":"Tree cover","distance_to_industry_km":9.0872,"inside_industrial_polygon":0,"nearest_facility_type":"steel_smelter","nearest_facility_name":"Raigarh - Tamnar Industrial Zone","cluster_id":-1,"cluster_fire_count":1,"total_cluster_frp":2.97,"cluster_convex_hull_area_km2":0.0,"is_outbreak_front":false,"is_persistent_cluster":false}},{"type":"Feature","id":"5e744903ceada7b7","geometry":{"type":"Point","coordinates":[82.90923,22.09114]},"properties":{"hotspot_id":"5e744903ceada7b7","datetime_utc":"2024-12-28T07:39:00Z","satellite":"NOAA-20","daynight":"D","brightness":333.85,"frp":2.6,"confidence_numeric":60.0,"predicted_class":0,"predicted_label":"Wildfire","confidence_score":0.9999,"evidence_scores":{"land_cover_class":5.0487,"distance_to_industry_km":-0.2886,"track":0.1535},"persistence_7d":0,"persistence_30d":0,"hotspot_density":0,"land_cover_class":10,"land_cover_name":"Tree cover","distance_to_industry_km":19.9497,"inside_industrial_polygon":0,"nearest_facility_type":"power_coal","nearest_facility_name":"Korba Coal & Power Complex","cluster_id":-1,"cluster_fire_count":1,"total_cluster_frp":2.6,"cluster_convex_hull_area_km2":0.0,"is_outbreak_front":false,"is_persistent_cluster":false}},{"type":"Feature","id":"bf347a6593043517","geometry":{"type":"Point","coordinates":[82.76476,21.83185]},"properties":{"hotspot_id":"bf347a6593043517","datetime_utc":"2024-12-28T07:39:00Z","satellite":"NOAA-20","daynight":"D","brightness":333.63,"frp":3.41,"confidence_numeric":60.0,"predicted_class":0,"predicted_label":"Wildfire","confidence_score":0.9999,"evidence_scores":{"land_cover_class":5.0578,"track":0.1536,"scan":-0.1477},"persistence_7d":0,"persistence_30d":0,"hotspot_density":2,"land_cover_class":10,"land_cover_name":"Tree cover","distance_to_industry_km":42.0008,"inside_industrial_polygon":0,"nearest_facility_type":"power_coal","nearest_facility_name":"Korba Coal & Power Complex","cluster_id":1882,"cluster_fire_count":3,"total_cluster_frp":32.45,"cluster_convex_hull_area_km2":0.0692,"is_outbreak_front":false,"is_persistent_cluster":false}},{"type":"Feature","id":"299a4bd36fe81867","geometry":{"type":"Point","coordinates":[88.04385,23.17235]},"properties":{"hotspot_id":"299a4bd36fe81867","datetime_utc":"2024-12-28T07:39:00Z","satellite":"NOAA-20","daynight":"D","brightness":331.76,"frp":4.07,"confidence_numeric":30.0,"predicted_class":1,"predicted_label":"Agricultural burning","confidence_score":1.0,"evidence_scores":{"land_cover_class":2.7031,"distance_to_industry_km":2.5404,"doy_cos":-0.3382},"persistence_7d":0,"persistence_30d":0,"hotspot_density":0,"land_cover_class":30,"land_cover_name":"Grassland","distance_to_industry_km":85.2398,"inside_industrial_polygon":0,"nearest_facility_type":"coal_mining_fire","nearest_facility_name":"Raniganj Coalfield / Durgapur","cluster_id":-1,"cluster_fire_count":1,"total_cluster_frp":4.07,"cluster_convex_hull_area_km2":0.0,"is_outbreak_front":false,"is_persistent_cluster":false}},{"type":"Feature","id":"506b55104e42831c","geometry":{"type":"Point","coordinates":[88.06986,23.77744]},"properties":{"hotspot_id":"506b55104e42831c","datetime_utc":"2024-12-28T07:39:00Z","satellite":"NOAA-20","daynight":"D","brightness":345.32,"frp":6.34,"confidence_numeric":60.0,"predicted_class":1,"predicted_label":"Agricultural burning","confidence_score":1.0,"evidence_scores":{"land_cover_class":2.6963,"distance_to_industry_km":2.5481,"doy_cos":-0.3561},"persistence_7d":0,"persistence_30d":0,"hotspot_density":0,"land_cover_class":30,"land_cover_name":"Grassland","distance_to_industry_km":76.2795,"inside_industrial_polygon":0,"nearest_facility_type":"coal_mining_fire","nearest_facility_name":"Raniganj Coalfield / Durgapur","cluster_id":-1,"cluster_fire_count":1,"total_cluster_frp":6.34,"cluster_convex_hull_area_km2":0.0,"is_outbreak_front":false,"is_persistent_cluster":false}},{"type":"Feature","id":"a5755d806e3e44bf","geometry":{"type":"Point","coordinates":[84.9082,21.8716]},"properties":{"hotspot_id":"a5755d806e3e44bf","datetime_utc":"2024-12-28T07:39:00Z","satellite":"NOAA-20","daynight":"D","brightness":332.87,"frp":6.19,"confidence_numeric":60.0,"predicted_class":1,"predicted_label":"Agricultural burning","confidence_score":0.9998,"evidence_scores":{"land_cover_class":2.7048,"distance_to_industry_km":1.9811,"track":-0.4315},"persistence_7d":0,"persistence_30d":0,"hotspot_density":0,"land_cover_class":30,"land_cover_name":"Grassland","distance_to_industry_km":33.0576,"inside_industrial_polygon":0,"nearest_facility_type":"steel_smelter","nearest_facility_name":"Rourkela Steel Plant","cluster_id":-1,"cluster_fire_count":1,"total_cluster_frp":6.19,"cluster_convex_hull_area_km2":0.0,"is_outbreak_front":false,"is_persistent_cluster":false}},{"type":"Feature","id":"00514a58a2b737d8","geometry":{"type":"Point","coordinates":[82.74651,21.65279]},"properties":{"hotspot_id":"00514a58a2b737d8","datetime_utc":"2024-12-28T07:39:00Z","satellite":"NOAA-20","daynight":"D","brightness":332.42,"frp":13.05,"confidence_numeric":60.0,"predicted_class":0,"predicted_label":"Wildfire","confidence_score":0.9998,"evidence_scores":{"land_cover_class":5.1092,"track":0.1536,"scan":-0.1477},"persistence_7d":0,"persistence_30d":0,"hotspot_density":0,"land_cover_class":10,"land_cover_name":"Tree cover","distance_to_industry_km":61.6745,"inside_industrial_polygon":0,"nearest_facility_type":"power_coal","nearest_facility_name":"Korba Coal & Power Complex","cluster_id":-1,"cluster_fire_count":1,"total_cluster_frp":13.05,"cluster_convex_hull_area_km2":0.0,"is_outbreak_front":false,"is_persistent_cluster":false}},{"type":"Feature","id":"5f4dc849de18d5ce","geometry":{"type":"Point","coordinates":[86.39136,23.78052]},"properties":{"hotspot_id":"5f4dc849de18d5ce","datetime_utc":"2024-12-28T07:39:00Z","satellite":"NOAA-20","daynight":"D","brightness":333.38,"frp":8.1,"confidence_numeric":30.0,"predicted_class":4,"predicted_label":"Persistent thermal source","confidence_score":0.9998,"evidence_scores":{"persistence_30d":4.374,"persistence_7d":1.0404,"prior_detections_7d":0.3884},"persistence_7d":3,"persistence_30d":10,"hotspot_density":0,"land_cover_class":50,"land_cover_name":"Built-up","distance_to_industry_km":0.0,"inside_industrial_polygon":1,"nearest_facility_type":"coal_mining_fire","nearest_facility_name":"Jharia Coalfield (Dhanbad)","cluster_id":-1,"cluster_fire_count":1,"total_cluster_frp":8.1,"cluster_convex_hull_area_km2":0.0,"is_outbreak_front":false,"is_persistent_cluster":false}},{"type":"Feature","id":"f27bde6b70cd3b49","geometry":{"type":"Point","coordinates":[87.18423,23.1616]},"properties":{"hotspot_id":"f27bde6b70cd3b49","datetime_utc":"2024-12-28T07:39:00Z","satellite":"NOAA-20","daynight":"D","brightness":332.12,"frp":3.2,"confidence_numeric":60.0,"predicted_class":1,"predicted_label":"Agricultural burning","confidence_score":0.9999,"evidence_scores":{"land_cover_class":2.7036,"distance_to_industry_km":2.0516,"doy_cos":-0.366},"persistence_7d":0,"persistence_30d":0,"hotspot_density":0,"land_cover_class":30,"land_cover_name":"Grassland","distance_to_industry_km":34.9737,"inside_industrial_polygon":0,"nearest_facility_type":"coal_mining_fire","nearest_facility_name":"Raniganj Coalfield / Durgapur","cluster_id":-1,"cluster_fire_count":1,"total_cluster_frp":3.2,"cluster_convex_hull_area_km2":0.0,"is_outbreak_front":false,"is_persistent_cluster":false}},{"type":"Feature","id":"cd423e66535949b7","geometry":{"type":"Point","coordinates":[82.78104,21.7154]},"properties":{"hotspot_id":"cd423e66535949b7","datetime_utc":"2024-12-28T07:39:00Z","satellite":"NOAA-20","daynight":"D","brightness":336.65,"frp":1.2,"confidence_numeric":60.0,"predicted_class":0,"predicted_label":"Wildfire","confidence_score":0.9999,"evidence_scores":{"land_cover_class":5.0509,"track":0.1536,"scan":-0.1477},"persistence_7d":0,"persistence_30d":0,"hotspot_density":0,"land_cover_class":10,"land_cover_name":"Tree cover","distance_to_industry_km":55.0571,"inside_industrial_polygon":0,"nearest_facility_type":"power_coal","nearest_facility_name":"Korba Coal & Power Complex","cluster_id":-1,"cluster_fire_count":1,"total_cluster_frp":1.2,"cluster_convex_hull_area_km2":0.0,"is_outbreak_front":false,"is_persistent_cluster":false}},{"type":"Feature","id":"35a80b3d78f314d8","geometry":{"type":"Point","coordinates":[82.29396,22.35201]},"properties":{"hotspot_id":"35a80b3d78f314d8","datetime_utc":"2024-12-28T07:39:00Z","satellite":"NOAA-20","daynight":"D","brightness":335.39,"frp":1.46,"confidence_numeric":60.0,"predicted_class":0,"predicted_label":"Wildfire","confidence_score":0.9998,"evidence_scores":{"land_cover_class":4.9778,"distance_to_industry_km":-0.2351,"brightness_contrast":0.2146},"persistence_7d":1,"persistence_30d":4,"hotspot_density":0,"land_cover_class":10,"land_cover_name":"Tree cover","distance_to_industry_km":25.7582,"inside_industrial_polygon":0,"nearest_facility_type":"power_coal","nearest_facility_name":"Korba Coal & Power Complex","cluster_id":-1,"cluster_fire_count":1,"total_cluster_frp":1.46,"cluster_convex_hull_area_km2":0.0,"is_outbreak_front":false,"is_persistent_cluster":false}},{"type":"Feature","id":"044f8d82879c6009","geometry":{"type":"Point","coordinates":[84.06776,24.72933]},"properties":{"hotspot_id":"044f8d82879c6009","datetime_utc":"2024-12-28T07:39:00Z","satellite":"NOAA-20","daynight":"D","brightness":332.14,"frp":2.11,"confidence_numeric":60.0,"predicted_class":1,"predicted_label":"Agricultural burning","confidence_score":0.9999,"evidence_scores":{"land_cover_class":2.7045,"distance_to_industry_km":2.5843,"track":-0.4477},"persistence_7d":0,"persistence_30d":0,"hotspot_density":0,"land_cover_class":30,"land_cover_name":"Grassland","distance_to_industry_km":142.263,"inside_industrial_polygon":0,"nearest_facility_type":"power_coal","nearest_facility_name":"Singrauli Energy & Coal Basin","cluster_id":-1,"cluster_fire_count":1,"total_cluster_frp":2.11,"cluster_convex_hull_area_km2":0.0,"is_outbreak_front":false,"is_persistent_cluster":false}},{"type":"Feature","id":"b13cf7feb5f288c1","geometry":{"type":"Point","coordinates":[82.74078,21.90307]},"properties":{"hotspot_id":"b13cf7feb5f288c1","datetime_utc":"2024-12-28T07:39:00Z","satellite":"NOAA-20","daynight":"D","brightness":337.3,"frp":3.92,"confidence_numeric":60.0,"predicted_class":0,"predicted_label":"Wildfire","confidence_score":0.9999,"evidence_scores":{"land_cover_class":5.0379,"brightness_contrast":0.1575,"track":0.1538},"persistence_7d":0,"persistence_30d":0,"hotspot_density":1,"land_cover_class":10,"land_cover_name":"Tree cover","distance_to_industry_km":33.8736,"inside_industrial_polygon":0,"nearest_facility_type":"power_coal","nearest_facility_name":"Korba Coal & Power Complex","cluster_id":-1,"cluster_fire_count":1,"total_cluster_frp":3.92,"cluster_convex_hull_area_km2":0.0,"is_outbreak_front":false,"is_persistent_cluster":false}},{"type":"Feature","id":"0da7b885685dc7e2","geometry":{"type":"Point","coordinates":[82.75142,21.84335]},"properties":{"hotspot_id":"0da7b885685dc7e2","datetime_utc":"2024-12-28T07:39:00Z","satellite":"NOAA-20","daynight":"D","brightness":355.02,"frp":13.46,"confidence_numeric":60.0,"predicted_class":0,"predicted_label":"Wildfire","confidence_score":0.9999,"evidence_scores":{"land_cover_class":5.0374,"brightness_contrast":0.2146,"track":0.1537},"persistence_7d":0,"persistence_30d":0,"hotspot_density":2,"land_cover_class":10,"land_cover_name":"Tree cover","distance_to_industry_km":40.5855,"inside_industrial_polygon":0,"nearest_facility_type":"power_coal","nearest_facility_name":"Korba Coal & Power Complex","cluster_id":1882,"cluster_fire_count":3,"total_cluster_frp":32.45,"cluster_convex_hull_area_km2":0.0692,"is_outbreak_front":false,"is_persistent_cluster":false}},{"type":"Feature","id":"65a882759dd25de9","geometry":{"type":"Point","coordinates":[87.41043,23.75509]},"properties":{"hotspot_id":"65a882759dd25de9","datetime_utc":"2024-12-28T07:39:00Z","satellite":"NOAA-20","daynight":"D","brightness":331.73,"frp":2.63,"confidence_numeric":60.0,"predicted_class":1,"predicted_label":"Agricultural burning","confidence_score":0.9999,"evidence_scores":{"land_cover_class":2.7031,"distance_to_industry_km":2.0051,"doy_cos":-0.3579},"persistence_7d":0,"persistence_30d":0,"hotspot_density":0,"land_cover_class":30,"land_cover_name":"Grassland","distance_to_industry_km":11.8603,"inside_industrial_polygon":0,"nearest_facility_type":"coal_mining_fire","nearest_facility_name":"Raniganj Coalfield / Durgapur","cluster_id":-1,"cluster_fire_count":1,"total_cluster_frp":2.63,"cluster_convex_hull_area_km2":0.0,"is_outbreak_front":false,"is_persistent_cluster":false}},{"type":"Feature","id":"c0608ff1dae539f0","geometry":{"type":"Point","coordinates":[87.62009,23.15923]},"properties":{"hotspot_id":"c0608ff1dae539f0","datetime_utc":"2024-12-28T07:39:00Z","satellite":"NOAA-20","daynight":"D","brightness":329.97,"frp":1.46,"confidence_numeric":30.0,"predicted_class":1,"predicted_label":"Agricultural burning","confidence_score":0.9999,"evidence_scores":{"land_cover_class":2.7045,"distance_to_industry_km":2.4352,"doy_cos":-0.3475},"persistence_7d":0,"persistence_30d":0,"hotspot_density":0,"land_cover_class":30,"land_cover_name":"Grassland","distance_to_industry_km":52.1349,"inside_industrial_polygon":0,"nearest_facility_type":"coal_mining_fire","nearest_facility_name":"Raniganj Coalfield / Durgapur","cluster_id":-1,"cluster_fire_count":1,"total_cluster_frp":1.46,"cluster_convex_hull_area_km2":0.0,"is_outbreak_front":false,"is_persistent_cluster":false}},{"type":"Feature","id":"a8bacfd67a214d8b","geometry":{"type":"Point","coordinates":[82.74193,21.89649]},"properties":{"hotspot_id":"a8bacfd67a214d8b","datetime_utc":"2024-12-28T07:39:00Z","satellite":"NOAA-20","daynight":"D","brightness":347.16,"frp":3.69,"confidence_numeric":60.0,"predicted_class":0,"predicted_label":"Wildfire","confidence_score":0.9999,"evidence_scores":{"land_cover_class":5.0298,"brightness_contrast":0.2146,"track":0.1537},"persistence_7d":0,"persistence_30d":0,"hotspot_density":1,"land_cover_class":10,"land_cover_name":"Tree cover","distance_to_industry_km":34.6127,"inside_industrial_polygon":0,"nearest_facility_type":"power_coal","nearest_facility_name":"Korba Coal & Power Complex","cluster_id":-1,"cluster_fire_count":1,"total_cluster_frp":3.69,"cluster_convex_hull_area_km2":0.0,"is_outbreak_front":false,"is_persistent_cluster":false}},{"type":"Feature","id":"4d46a530d6374848","geometry":{"type":"Point","coordinates":[87.1555,23.76049]},"properties":{"hotspot_id":"4d46a530d6374848","datetime_utc":"2024-12-28T07:39:00Z","satellite":"NOAA-20","daynight":"D","brightness":332.36,"frp":3.4,"confidence_numeric":60.0,"predicted_class":5,"predicted_label":"Unknown","confidence_score":0.3637,"evidence_scores":{"frp":-4.7166,"frp_density":-0.8213,"distance_to_industry_km":0.4155},"persistence_7d":0,"persistence_30d":0,"hotspot_density":0,"land_cover_class":50,"land_cover_name":"Built-up","distance_to_industry_km":0.0,"inside_industrial_polygon":1,"nearest_facility_type":"coal_mining_fire","nearest_facility_name":"Raniganj Coalfield / Durgapur","cluster_id":-1,"cluster_fire_count":1,"total_cluster_frp":3.4,"cluster_convex_hull_area_km2":0.0,"is_outbreak_front":false,"is_persistent_cluster":false}},{"type":"Feature","id":"91cfd9e671e6654d","geometry":{"type":"Point","coordinates":[83.29329,21.69341]},"properties":{"hotspot_id":"91cfd9e671e6654d","datetime_utc":"2024-12-28T07:39:00Z","satellite":"NOAA-20","daynight":"D","brightness":339.0,"frp":3.99,"confidence_numeric":60.0,"predicted_class":0,"predicted_label":"Wildfire","confidence_score":0.9999,"evidence_scores":{"land_cover_class":5.0092,"distance_to_industry_km":-0.2584,"brightness_contrast":0.2043},"persistence_7d":0,"persistence_30d":0,"hotspot_density":0,"land_cover_class":10,"land_cover_name":"Tree cover","distance_to_industry_km":16.7984,"inside_industrial_polygon":0,"nearest_facility_type":"steel_smelter","nearest_facility_name":"Raigarh - Tamnar Industrial Zone","cluster_id":-1,"cluster_fire_count":1,"total_cluster_frp":3.99,"cluster_convex_hull_area_km2":0.0,"is_outbreak_front":false,"is_persistent_cluster":false}},{"type":"Feature","id":"ef9e761b9f80d28c","geometry":{"type":"Point","coordinates":[82.7189,21.96392]},"properties":{"hotspot_id":"ef9e761b9f80d28c","datetime_utc":"2024-12-28T07:39:00Z","satellite":"NOAA-20","daynight":"D","brightness":346.48,"frp":5.24,"confidence_numeric":60.0,"predicted_class":0,"predicted_label":"Wildfire","confidence_score":0.9999,"evidence_scores":{"land_cover_class":5.0393,"brightness_contrast":0.2146,"distance_to_industry_km":-0.1659},"persistence_7d":0,"persistence_30d":0,"hotspot_density":0,"land_cover_class":10,"land_cover_name":"Tree cover","distance_to_industry_km":26.9743,"inside_industrial_polygon":0,"nearest_facility_type":"power_coal","nearest_facility_name":"Korba Coal & Power Complex","cluster_id":-1,"cluster_fire_count":1,"total_cluster_frp":5.24,"cluster_convex_hull_area_km2":0.0,"is_outbreak_front":false,"is_persistent_cluster":false}},{"type":"Feature","id":"41c6a349dc35ae7a","geometry":{"type":"Point","coordinates":[94.36631,27.08647]},"properties":{"hotspot_id":"41c6a349dc35ae7a","datetime_utc":"2024-12-28T07:40:00Z","satellite":"NOAA-20","daynight":"D","brightness":342.05,"frp":7.53,"confidence_numeric":60.0,"predicted_class":0,"predicted_label":"Wildfire","confidence_score":0.9998,"evidence_scores":{"land_cover_class":5.0167,"distance_to_industry_km":-0.3331,"brightness_contrast":0.215},"persistence_7d":0,"persistence_30d":0,"hotspot_density":0,"land_cover_class":10,"land_cover_name":"Tree cover","distance_to_industry_km":17.9375,"inside_industrial_polygon":0,"nearest_facility_type":"oil_gas_flare","nearest_facility_name":"Upper Assam Oil Fields - Lakwa / Geleki","cluster_id":-1,"cluster_fire_count":1,"total_cluster_frp":7.53,"cluster_convex_hull_area_km2":0.0,"is_outbreak_front":false,"is_persistent_cluster":false}},{"type":"Feature","id":"dbc65a1f37599f5e","geometry":{"type":"Point","coordinates":[92.29198,27.65806]},"properties":{"hotspot_id":"dbc65a1f37599f5e","datetime_utc":"2024-12-28T07:40:00Z","satellite":"NOAA-20","daynight":"D","brightness":355.74,"frp":37.38,"confidence_numeric":60.0,"predicted_class":0,"predicted_label":"Wildfire","confidence_score":0.9998,"evidence_scores":{"land_cover_class":5.0512,"distance_to_industry_km":0.7306,"brightness_contrast":0.2118},"persistence_7d":0,"persistence_30d":0,"hotspot_density":1,"land_cover_class":10,"land_cover_name":"Tree cover","distance_to_industry_km":171.0968,"inside_industrial_polygon":0,"nearest_facility_type":"refinery_petrochemical","nearest_facility_name":"Guwahati Refinery","cluster_id":-1,"cluster_fire_count":1,"total_cluster_frp":37.38,"cluster_convex_hull_area_km2":0.0,"is_outbreak_front":false,"is_persistent_cluster":false}},{"type":"Feature","id":"a9764c682726c2ee","geometry":{"type":"Point","coordinates":[92.29617,27.65835]},"properties":{"hotspot_id":"a9764c682726c2ee","datetime_utc":"2024-12-28T07:40:00Z","satellite":"NOAA-20","daynight":"D","brightness":343.69,"frp":12.69,"confidence_numeric":60.0,"predicted_class":0,"predicted_label":"Wildfire","confidence_score":0.9998,"evidence_scores":{"land_cover_class":5.0288,"distance_to_industry_km":0.7309,"brightness_contrast":0.2118},"persistence_7d":0,"persistence_30d":0,"hotspot_density":1,"land_cover_class":10,"land_cover_name":"Tree cover","distance_to_industry_km":171.24,"inside_industrial_polygon":0,"nearest_facility_type":"refinery_petrochemical","nearest_facility_name":"Guwahati Refinery","cluster_id":-1,"cluster_fire_count":1,"total_cluster_frp":12.69,"cluster_convex_hull_area_km2":0.0,"is_outbreak_front":false,"is_persistent_cluster":false}},{"type":"Feature","id":"aa8434ed5fd18e69","geometry":{"type":"Point","coordinates":[74.18613,26.27081]},"properties":{"hotspot_id":"aa8434ed5fd18e69","datetime_utc":"2024-12-28T20:06:00Z","satellite":"NOAA-20","daynight":"N","brightness":300.04,"frp":1.45,"confidence_numeric":60.0,"predicted_class":1,"predicted_label":"Agricultural burning","confidence_score":0.9991,"evidence_scores":{"land_cover_class":2.6207,"distance_to_industry_km":2.1447,"local_hour":-0.7942},"persistence_7d":0,"persistence_30d":0,"hotspot_density":0,"land_cover_class":30,"land_cover_name":"Grassland","distance_to_industry_km":257.5089,"inside_industrial_polygon":0,"nearest_facility_type":"oil_gas_flare","nearest_facility_name":"Barmer Oil & Gas Fields","cluster_id":-1,"cluster_fire_count":1,"total_cluster_frp":1.45,"cluster_convex_hull_area_km2":0.0,"is_outbreak_front":false,"is_persistent_cluster":false}},{"type":"Feature","id":"0775f1e0906a82c4","geometry":{"type":"Point","coordinates":[82.63125,24.16446]},"properties":{"hotspot_id":"0775f1e0906a82c4","datetime_utc":"2024-12-28T20:07:00Z","satellite":"NOAA-20","daynight":"N","brightness":326.61,"frp":1.8,"confidence_numeric":60.0,"predicted_class":5,"predicted_label":"Unknown","confidence_score":0.3837,"evidence_scores":{"frp":-4.6543,"frp_density":-0.8206,"distance_to_industry_km":0.4237},"persistence_7d":0,"persistence_30d":0,"hotspot_density":0,"land_cover_class":50,"land_cover_name":"Built-up","distance_to_industry_km":0.0,"inside_industrial_polygon":1,"nearest_facility_type":"power_coal","nearest_facility_name":"Singrauli Energy & Coal Basin","cluster_id":-1,"cluster_fire_count":1,"total_cluster_frp":1.8,"cluster_convex_hull_area_km2":0.0,"is_outbreak_front":false,"is_persistent_cluster":false}},{"type":"Feature","id":"d8a59378ef2e3b2a","geometry":{"type":"Point","coordinates":[82.33931,23.16598]},"properties":{"hotspot_id":"d8a59378ef2e3b2a","datetime_utc":"2024-12-28T20:07:00Z","satellite":"NOAA-20","daynight":"N","brightness":325.26,"frp":1.74,"confidence_numeric":60.0,"predicted_class":0,"predicted_label":"Wildfire","confidence_score":0.9999,"evidence_scores":{"land_cover_class":5.0101,"local_hour":0.3275,"distance_to_industry_km":0.3},"persistence_7d":0,"persistence_30d":4,"hotspot_density":0,"land_cover_class":10,"land_cover_name":"Tree cover","distance_to_industry_km":81.9811,"inside_industrial_polygon":0,"nearest_facility_type":"power_coal","nearest_facility_name":"Korba Coal & Power Complex","cluster_id":-1,"cluster_fire_count":1,"total_cluster_frp":1.74,"cluster_convex_hull_area_km2":0.0,"is_outbreak_front":false,"is_persistent_cluster":false}},{"type":"Feature","id":"bb85460bea3706cc","geometry":{"type":"Point","coordinates":[87.29908,22.36954]},"properties":{"hotspot_id":"bb85460bea3706cc","datetime_utc":"2024-12-28T20:07:00Z","satellite":"NOAA-20","daynight":"N","brightness":302.3,"frp":1.64,"confidence_numeric":60.0,"predicted_class":4,"predicted_label":"Persistent thermal source","confidence_score":0.7194,"evidence_scores":{"persistence_30d":4.374,"distance_to_industry_km":-0.8737,"persistence_7d":0.7619},"persistence_7d":3,"persistence_30d":7,"hotspot_density":0,"land_cover_class":30,"land_cover_name":"Grassland","distance_to_industry_km":5.3296,"inside_industrial_polygon":0,"nearest_facility_type":"steel_smelter","nearest_facility_name":"Kharagpur Metallurgical Cluster","cluster_id":-1,"cluster_fire_count":1,"total_cluster_frp":1.64,"cluster_convex_hull_area_km2":0.0,"is_outbreak_front":false,"is_persistent_cluster":false}},{"type":"Feature","id":"e4cd8481c793677f","geometry":{"type":"Point","coordinates":[83.23126,21.98375]},"properties":{"hotspot_id":"e4cd8481c793677f","datetime_utc":"2024-12-28T20:07:00Z","satellite":"NOAA-20","daynight":"N","brightness":310.97,"frp":1.52,"confidence_numeric":60.0,"predicted_class":0,"predicted_label":"Wildfire","confidence_score":0.9999,"evidence_scores":{"land_cover_class":4.9621,"distance_to_industry_km":-0.2549,"local_hour":0.2515},"persistence_7d":0,"persistence_30d":1,"hotspot_density":0,"land_cover_class":10,"land_cover_name":"Tree cover","distance_to_industry_km":6.867,"inside_industrial_polygon":0,"nearest_facility_type":"steel_smelter","nearest_facility_name":"Raigarh - Tamnar Industrial Zone","cluster_id":-1,"cluster_fire_count":1,"total_cluster_frp":1.52,"cluster_convex_hull_area_km2":0.0,"is_outbreak_front":false,"is_persistent_cluster":false}},{"type":"Feature","id":"860dc7afcef0795c","geometry":{"type":"Point","coordinates":[72.6329,21.11414]},"properties":{"hotspot_id":"860dc7afcef0795c","datetime_utc":"2024-12-28T20:08:00Z","satellite":"NOAA-20","daynight":"N","brightness":309.03,"frp":1.54,"confidence_numeric":60.0,"predicted_class":5,"predicted_label":"Unknown","confidence_score":0.3773,"evidence_scores":{"frp":-4.6844,"frp_density":-0.8223,"distance_to_industry_km":0.416},"persistence_7d":0,"persistence_30d":4,"hotspot_density":0,"land_cover_class":50,"land_cover_name":"Built-up","distance_to_industry_km":0.0,"inside_industrial_polygon":1,"nearest_facility_type":"refinery_steel","nearest_facility_name":"Hazira Industrial Belt","cluster_id":-1,"cluster_fire_count":1,"total_cluster_frp":1.54,"cluster_convex_hull_area_km2":0.0,"is_outbreak_front":false,"is_persistent_cluster":false}},{"type":"Feature","id":"1e2489011257f778","geometry":{"type":"Point","coordinates":[81.65092,21.37592]},"properties":{"hotspot_id":"1e2489011257f778","datetime_utc":"2024-12-28T20:08:00Z","satellite":"NOAA-20","daynight":"N","brightness":298.91,"frp":0.5,"confidence_numeric":60.0,"predicted_class":4,"predicted_label":"Persistent thermal source","confidence_score":0.8608,"evidence_scores":{"persistence_30d":-3.5569,"persistence_7d":0.9226,"prior_detections_7d":0.3612},"persistence_7d":1,"persistence_30d":3,"hotspot_density":0,"land_cover_class":50,"land_cover_name":"Built-up","distance_to_industry_km":0.0,"inside_industrial_polygon":1,"nearest_facility_type":"steel_smelter","nearest_facility_name":"Raipur - Siltara Sponge Iron Cluster","cluster_id":-1,"cluster_fire_count":1,"total_cluster_frp":0.5,"cluster_convex_hull_area_km2":0.0,"is_outbreak_front":false,"is_persistent_cluster":false}},{"type":"Feature","id":"bacb3b3d6eb961c3","geometry":{"type":"Point","coordinates":[79.18012,21.26355]},"properties":{"hotspot_id":"bacb3b3d6eb961c3","datetime_utc":"2024-12-28T20:08:00Z","satellite":"NOAA-20","daynight":"N","brightness":299.92,"frp":1.01,"confidence_numeric":60.0,"predicted_class":0,"predicted_label":"Wildfire","confidence_score":1.0,"evidence_scores":{"land_cover_class":4.9369,"distance_to_industry_km":0.9607,"local_hour":0.2544},"persistence_7d":0,"persistence_30d":1,"hotspot_density":0,"land_cover_class":10,"land_cover_name":"Tree cover","distance_to_industry_km":223.2004,"inside_industrial_polygon":0,"nearest_facility_type":"steel_smelter","nearest_facility_name":"Bhilai Steel Plant","cluster_id":-1,"cluster_fire_count":1,"total_cluster_frp":1.01,"cluster_convex_hull_area_km2":0.0,"is_outbreak_front":false,"is_persistent_cluster":false}},{"type":"Feature","id":"87196b1d47064d6a","geometry":{"type":"Point","coordinates":[79.18365,20.0073]},"properties":{"hotspot_id":"87196b1d47064d6a","datetime_utc":"2024-12-28T20:08:00Z","satellite":"NOAA-20","daynight":"N","brightness":304.65,"frp":0.79,"confidence_numeric":60.0,"predicted_class":0,"predicted_label":"Wildfire","confidence_score":1.0,"evidence_scores":{"land_cover_class":4.9547,"distance_to_industry_km":1.0278,"local_hour":0.2698},"persistence_7d":0,"persistence_30d":0,"hotspot_density":0,"land_cover_class":10,"land_cover_name":"Tree cover","distance_to_industry_km":258.6334,"inside_industrial_polygon":0,"nearest_facility_type":"steel_smelter","nearest_facility_name":"Bhilai Steel Plant","cluster_id":-1,"cluster_fire_count":1,"total_cluster_frp":0.79,"cluster_convex_hull_area_km2":0.0,"is_outbreak_front":false,"is_persistent_cluster":false}},{"type":"Feature","id":"ba1feb52d201f974","geometry":{"type":"Point","coordinates":[82.00482,16.91028]},"properties":{"hotspot_id":"ba1feb52d201f974","datetime_utc":"2024-12-28T20:09:00Z","satellite":"NOAA-20","daynight":"N","brightness":302.55,"frp":0.29,"confidence_numeric":60.0,"predicted_class":1,"predicted_label":"Agricultural burning","confidence_score":0.9988,"evidence_scores":{"land_cover_class":2.6479,"distance_to_industry_km":1.8824,"local_hour":-0.7434},"persistence_7d":0,"persistence_30d":0,"hotspot_density":0,"land_cover_class":40,"land_cover_name":"Cropland","distance_to_industry_km":29.3211,"inside_industrial_polygon":0,"nearest_facility_type":"oil_gas_flare","nearest_facility_name":"KG Basin Onshore - Tatipaka / Narsapur","cluster_id":-1,"cluster_fire_count":1,"total_cluster_frp":0.29,"cluster_convex_hull_area_km2":0.0,"is_outbreak_front":false,"is_persistent_cluster":false}},{"type":"Feature","id":"badf1267cb4dab1f","geometry":{"type":"Point","coordinates":[82.42538,16.66893]},"properties":{"hotspot_id":"badf1267cb4dab1f","datetime_utc":"2024-12-28T20:09:00Z","satellite":"NOAA-20","daynight":"N","brightness":306.47,"frp":0.81,"confidence_numeric":60.0,"predicted_class":1,"predicted_label":"Agricultural burning","confidence_score":0.9991,"evidence_scores":{"land_cover_class":2.6388,"distance_to_industry_km":2.2574,"local_hour":-0.7383},"persistence_7d":0,"persistence_30d":0,"hotspot_density":0,"land_cover_class":30,"land_cover_name":"Grassland","distance_to_industry_km":48.7199,"inside_industrial_polygon":0,"nearest_facility_type":"oil_gas_flare","nearest_facility_name":"KG Basin Onshore - Tatipaka / Narsapur","cluster_id":-1,"cluster_fire_count":1,"total_cluster_frp":0.81,"cluster_convex_hull_area_km2":0.0,"is_outbreak_front":false,"is_persistent_cluster":false}},{"type":"Feature","id":"2220c60c801db763","geometry":{"type":"Point","coordinates":[76.17274,16.33561]},"properties":{"hotspot_id":"2220c60c801db763","datetime_utc":"2024-12-28T20:09:00Z","satellite":"NOAA-20","daynight":"N","brightness":314.38,"frp":2.06,"confidence_numeric":60.0,"predicted_class":1,"predicted_label":"Agricultural burning","confidence_score":0.999,"evidence_scores":{"land_cover_class":2.6385,"distance_to_industry_km":2.3929,"local_hour":-0.7567},"persistence_7d":0,"persistence_30d":0,"hotspot_density":0,"land_cover_class":30,"land_cover_name":"Grassland","distance_to_industry_km":130.6749,"inside_industrial_polygon":0,"nearest_facility_type":"steel_smelter","nearest_facility_name":"JSW Vijayanagar (Toranagallu)","cluster_id":-1,"cluster_fire_count":1,"total_cluster_frp":2.06,"cluster_convex_hull_area_km2":0.0,"is_outbreak_front":false,"is_persistent_cluster":false}},{"type":"Feature","id":"c514b24bacdc121b","geometry":{"type":"Point","coordinates":[68.71081,23.43196]},"properties":{"hotspot_id":"c514b24bacdc121b","datetime_utc":"2024-12-28T21:48:00Z","satellite":"NOAA-20","daynight":"N","brightness":300.08,"frp":0.87,"confidence_numeric":60.0,"predicted_class":1,"predicted_label":"Agricultural burning","confidence_score":0.9988,"evidence_scores":{"land_cover_class":2.6407,"distance_to_industry_km":2.3736,"local_hour":-0.8423},"persistence_7d":1,"persistence_30d":1,"hotspot_density":0,"land_cover_class":30,"land_cover_name":"Grassland","distance_to_industry_km":102.92,"inside_industrial_polygon":0,"nearest_facility_type":"power_coal","nearest_facility_name":"Mundra Port & Power Complex","cluster_id":-1,"cluster_fire_count":1,"total_cluster_frp":0.87,"cluster_convex_hull_area_km2":0.0,"is_outbreak_front":false,"is_persistent_cluster":false}},{"type":"Feature","id":"ab0f644f822bb174","geometry":{"type":"Point","coordinates":[80.43987,16.16008]},"properties":{"hotspot_id":"ab0f644f822bb174","datetime_utc":"2024-12-29T07:18:00Z","satellite":"NOAA-20","daynight":"D","brightness":336.92,"frp":5.49,"confidence_numeric":60.0,"predicted_class":1,"predicted_label":"Agricultural burning","confidence_score":0.9999,"evidence_scores":{"land_cover_class":2.718,"distance_to_industry_km":2.6259,"doy_cos":-0.3687},"persistence_7d":0,"persistence_30d":0,"hotspot_density":0,"land_cover_class":40,"land_cover_name":"Cropland","distance_to_industry_km":142.5767,"inside_industrial_polygon":0,"nearest_facility_type":"oil_gas_flare","nearest_facility_name":"KG Basin Onshore - Tatipaka / Narsapur","cluster_id":-1,"cluster_fire_count":1,"total_cluster_frp":5.49,"cluster_convex_hull_area_km2":0.0,"is_outbreak_front":false,"is_persistent_cluster":false}},{"type":"Feature","id":"ead3b16fe072bac8","geometry":{"type":"Point","coordinates":[77.78409,15.64598]},"properties":{"hotspot_id":"ead3b16fe072bac8","datetime_utc":"2024-12-29T07:18:00Z","satellite":"NOAA-20","daynight":"D","brightness":338.74,"frp":2.4,"confidence_numeric":60.0,"predicted_class":1,"predicted_label":"Agricultural burning","confidence_score":0.9999,"evidence_scores":{"land_cover_class":2.7114,"distance_to_industry_km":2.5649,"doy_cos":-0.3599},"persistence_7d":0,"persistence_30d":0,"hotspot_density":0,"land_cover_class":30,"land_cover_name":"Grassland","distance_to_industry_km":123.1655,"inside_industrial_polygon":0,"nearest_facility_type":"steel_smelter","nearest_facility_name":"JSW Vijayanagar (Toranagallu)","cluster_id":-1,"cluster_fire_count":1,"total_cluster_frp":2.4,"cluster_convex_hull_area_km2":0.0,"is_outbreak_front":false,"is_persistent_cluster":false}},{"type":"Feature","id":"2021097c995bb2c8","geometry":{"type":"Point","coordinates":[77.49505,16.47774]},"properties":{"hotspot_id":"2021097c995bb2c8","datetime_utc":"2024-12-29T07:19:00Z","satellite":"NOAA-20","daynight":"D","brightness":335.68,"frp":2.63,"confidence_numeric":60.0,"predicted_class":1,"predicted_label":"Agricultural burning","confidence_score":0.9999,"evidence_scores":{"land_cover_class":2.7114,"distance_to_industry_km":2.5316,"doy_cos":-0.3531},"persistence_7d":0,"persistence_30d":0,"hotspot_density":0,"land_cover_class":30,"land_cover_name":"Grassland","distance_to_industry_km":161.7145,"inside_industrial_polygon":0,"nearest_facility_type":"steel_smelter","nearest_facility_name":"JSW Vijayanagar (Toranagallu)","cluster_id":-1,"cluster_fire_count":1,"total_cluster_frp":2.63,"cluster_convex_hull_area_km2":0.0,"is_outbreak_front":false,"is_persistent_cluster":false}},{"type":"Feature","id":"b93497f7313c9f3a","geometry":{"type":"Point","coordinates":[87.98766,23.26653]},"properties":{"hotspot_id":"b93497f7313c9f3a","datetime_utc":"2024-12-29T07:20:00Z","satellite":"NOAA-20","daynight":"D","brightness":336.18,"frp":6.84,"confidence_numeric":60.0,"predicted_class":1,"predicted_label":"Agricultural burning","confidence_score":0.9999,"evidence_scores":{"land_cover_class":2.6983,"distance_to_industry_km":2.5456,"track":-0.4484},"persistence_7d":0,"persistence_30d":0,"hotspot_density":1,"land_cover_class":30,"land_cover_name":"Grassland","distance_to_industry_km":75.2887,"inside_industrial_polygon":0,"nearest_facility_type":"coal_mining_fire","nearest_facility_name":"Raniganj Coalfield / Durgapur","cluster_id":-1,"cluster_fire_count":1,"total_cluster_frp":6.84,"cluster_convex_hull_area_km2":0.0,"is_outbreak_front":false,"is_persistent_cluster":false}},{"type":"Feature","id":"bbf4d450c5eaecb3","geometry":{"type":"Point","coordinates":[87.672,23.32582]},"properties":{"hotspot_id":"bbf4d450c5eaecb3","datetime_utc":"2024-12-29T07:20:00Z","satellite":"NOAA-20","daynight":"D","brightness":334.43,"frp":3.93,"confidence_numeric":60.0,"predicted_class":1,"predicted_label":"Agricultural burning","confidence_score":0.9999,"evidence_scores":{"land_cover_class":2.7045,"distance_to_industry_km":2.2709,"track":-0.4319},"persistence_7d":0,"persistence_30d":0,"hotspot_density":0,"land_cover_class":30,"land_cover_name":"Grassland","distance_to_industry_km":43.9011,"inside_industrial_polygon":0,"nearest_facility_type":"coal_mining_fire","nearest_facility_name":"Raniganj Coalfield / Durgapur","cluster_id":-1,"cluster_fire_count":1,"total_cluster_frp":3.93,"cluster_convex_hull_area_km2":0.0,"is_outbreak_front":false,"is_persistent_cluster":false}},{"type":"Feature","id":"0d6bee561491f5a9","geometry":{"type":"Point","coordinates":[87.11346,21.62857]},"properties":{"hotspot_id":"0d6bee561491f5a9","datetime_utc":"2024-12-29T07:20:00Z","satellite":"NOAA-20","daynight":"D","brightness":332.53,"frp":2.86,"confidence_numeric":60.0,"predicted_class":1,"predicted_label":"Agricultural burning","confidence_score":0.9998,"evidence_scores":{"land_cover_class":2.7045,"distance_to_industry_km":2.447,"track":-0.4484},"persistence_7d":0,"persistence_30d":0,"hotspot_density":0,"land_cover_class":30,"land_cover_name":"Grassland","distance_to_industry_km":72.5294,"inside_industrial_polygon":0,"nearest_facility_type":"steel_smelter","nearest_facility_name":"Kharagpur Metallurgical Cluster","cluster_id":-1,"cluster_fire_count":1,"total_cluster_frp":2.86,"cluster_convex_hull_area_km2":0.0,"is_outbreak_front":false,"is_persistent_cluster":false}},{"type":"Feature","id":"e2d1c8c63bb0116a","geometry":{"type":"Point","coordinates":[86.88094,22.48326]},"properties":{"hotspot_id":"e2d1c8c63bb0116a","datetime_utc":"2024-12-29T07:20:00Z","satellite":"NOAA-20","daynight":"D","brightness":332.13,"frp":4.29,"confidence_numeric":60.0,"predicted_class":1,"predicted_label":"Agricultural burning","confidence_score":0.9998,"evidence_scores":{"land_cover_class":2.7045,"distance_to_industry_km":1.9848,"track":-0.4318},"persistence_7d":0,"persistence_30d":0,"hotspot_density":0,"land_cover_class":30,"land_cover_name":"Grassland","distance_to_industry_km":20.388,"inside_industrial_polygon":0,"nearest_facility_type":"steel_smelter","nearest_facility_name":"Kharagpur Metallurgical Cluster","cluster_id":-1,"cluster_fire_count":1,"total_cluster_frp":4.29,"cluster_convex_hull_area_km2":0.0,"is_outbreak_front":false,"is_persistent_cluster":false}},{"type":"Feature","id":"9982f1e3e1a70ff9","geometry":{"type":"Point","coordinates":[87.81043,24.05179]},"properties":{"hotspot_id":"9982f1e3e1a70ff9","datetime_utc":"2024-12-29T07:20:00Z","satellite":"NOAA-20","daynight":"D","brightness":351.79,"frp":4.68,"confidence_numeric":60.0,"predicted_class":1,"predicted_label":"Agricultural burning","confidence_score":0.9997,"evidence_scores":{"land_cover_class":2.6696,"distance_to_industry_km":2.517,"brightness":-0.5035},"persistence_7d":0,"persistence_30d":0,"hotspot_density":0,"land_cover_class":30,"land_cover_name":"Grassland","distance_to_industry_km":64.1048,"inside_industrial_polygon":0,"nearest_facility_type":"coal_mining_fire","nearest_facility_name":"Raniganj Coalfield / Durgapur","cluster_id":-1,"cluster_fire_count":1,"total_cluster_frp":4.68,"cluster_convex_hull_area_km2":0.0,"is_outbreak_front":false,"is_persistent_cluster":false}},{"type":"Feature","id":"f188acf15a9c2432","geometry":{"type":"Point","coordinates":[85.89507,22.57393]},"properties":{"hotspot_id":"f188acf15a9c2432","datetime_utc":"2024-12-29T07:20:00Z","satellite":"NOAA-20","daynight":"D","brightness":334.13,"frp":4.36,"confidence_numeric":60.0,"predicted_class":1,"predicted_label":"Agricultural burning","confidence_score":0.9998,"evidence_scores":{"land_cover_class":2.7045,"distance_to_industry_km":1.9899,"track":-0.4319},"persistence_7d":0,"persistence_30d":3,"hotspot_density":0,"land_cover_class":30,"land_cover_name":"Grassland","distance_to_industry_km":31.4456,"inside_industrial_polygon":0,"nearest_facility_type":"steel_smelter","nearest_facility_name":"Jamshedpur Steel Works","cluster_id":-1,"cluster_fire_count":1,"total_cluster_frp":4.36,"cluster_convex_hull_area_km2":0.0,"is_outbreak_front":false,"is_persistent_cluster":false}},{"type":"Feature","id":"9377f4ad1952ccf4","geometry":{"type":"Point","coordinates":[87.90202,23.38315]},"properties":{"hotspot_id":"9377f4ad1952ccf4","datetime_utc":"2024-12-29T07:20:00Z","satellite":"NOAA-20","daynight":"D","brightness":334.46,"frp":13.85,"confidence_numeric":30.0,"predicted_class":1,"predicted_label":"Agricultural burning","confidence_score":0.9999,"evidence_scores":{"land_cover_class":2.6747,"distance_to_industry_km":2.5357,"track":-0.4004},"persistence_7d":0,"persistence_30d":0,"hotspot_density":0,"land_cover_class":30,"land_cover_name":"Grassland","distance_to_industry_km":62.1939,"inside_industrial_polygon":0,"nearest_facility_type":"coal_mining_fire","nearest_facility_name":"Raniganj Coalfield / Durgapur","cluster_id":-1,"cluster_fire_count":1,"total_cluster_frp":13.85,"cluster_convex_hull_area_km2":0.0,"is_outbreak_front":false,"is_persistent_cluster":false}},{"type":"Feature","id":"2d0050f0d719a90a","geometry":{"type":"Point","coordinates":[88.09762,23.88989]},"properties":{"hotspot_id":"2d0050f0d719a90a","datetime_utc":"2024-12-29T07:20:00Z","satellite":"NOAA-20","daynight":"D","brightness":333.89,"frp":4.68,"confidence_numeric":60.0,"predicted_class":1,"predicted_label":"Agricultural burning","confidence_score":0.9999,"evidence_scores":{"land_cover_class":2.7045,"distance_to_industry_km":2.5449,"track":-0.4484},"persistence_7d":0,"persistence_30d":0,"hotspot_density":0,"land_cover_class":30,"land_cover_name":"Grassland","distance_to_industry_km":82.0932,"inside_industrial_polygon":0,"nearest_facility_type":"coal_mining_fire","nearest_facility_name":"Raniganj Coalfield / Durgapur","cluster_id":-1,"cluster_fire_count":1,"total_cluster_frp":4.68,"cluster_convex_hull_area_km2":0.0,"is_outbreak_front":false,"is_persistent_cluster":false}},{"type":"Feature","id":"41428bee3750c14d","geometry":{"type":"Point","coordinates":[87.01261,21.59953]},"properties":{"hotspot_id":"41428bee3750c14d","datetime_utc":"2024-12-29T07:20:00Z","satellite":"NOAA-20","daynight":"D","brightness":335.47,"frp":4.22,"confidence_numeric":60.0,"predicted_class":1,"predicted_label":"Agricultural burning","confidence_score":0.9998,"evidence_scores":{"land_cover_class":2.7094,"distance_to_industry_km":2.4576,"track":-0.4572},"persistence_7d":0,"persistence_30d":0,"hotspot_density":0,"land_cover_class":30,"land_cover_name":"Grassland","distance_to_industry_km":76.8358,"inside_industrial_polygon":0,"nearest_facility_type":"steel_smelter","nearest_facility_name":"Kharagpur Metallurgical Cluster","cluster_id":-1,"cluster_fire_count":1,"total_cluster_frp":4.22,"cluster_convex_hull_area_km2":0.0,"is_outbreak_front":false,"is_persistent_cluster":false}},{"type":"Feature","id":"be1dcab40a243187","geometry":{"type":"Point","coordinates":[87.14937,21.72264]},"properties":{"hotspot_id":"be1dcab40a243187","datetime_utc":"2024-12-29T07:20:00Z","satellite":"NOAA-20","daynight":"D","brightness":342.19,"frp":4.69,"confidence_numeric":60.0,"predicted_class":1,"predicted_label":"Agricultural burning","confidence_score":0.9998,"evidence_scores":{"land_cover_class":2.6971,"distance_to_industry_km":2.462,"track":-0.4492},"persistence_7d":0,"persistence_30d":1,"hotspot_density":0,"land_cover_class":30,"land_cover_name":"Grassland","distance_to_industry_km":61.9833,"inside_industrial_polygon":0,"nearest_facility_type":"steel_smelter","nearest_facility_name":"Kharagpur Metallurgical Cluster","cluster_id":-1,"cluster_fire_count":1,"total_cluster_frp":4.69,"cluster_convex_hull_area_km2":0.0,"is_outbreak_front":false,"is_persistent_cluster":false}},{"type":"Feature","id":"f65b8a1cbca70a90","geometry":{"type":"Point","coordinates":[87.56617,23.93456]},"properties":{"hotspot_id":"f65b8a1cbca70a90","datetime_utc":"2024-12-29T07:20:00Z","satellite":"NOAA-20","daynight":"D","brightness":331.08,"frp":2.22,"confidence_numeric":60.0,"predicted_class":1,"predicted_label":"Agricultural burning","confidence_score":0.9999,"evidence_scores":{"land_cover_class":2.7048,"distance_to_industry_km":2.0778,"track":-0.4318},"persistence_7d":0,"persistence_30d":0,"hotspot_density":0,"land_cover_class":30,"land_cover_name":"Grassland","distance_to_industry_km":36.6075,"inside_industrial_polygon":0,"nearest_facility_type":"coal_mining_fire","nearest_facility_name":"Raniganj Coalfield / Durgapur","cluster_id":-1,"cluster_fire_count":1,"total_cluster_frp":2.22,"cluster_convex_hull_area_km2":0.0,"is_outbreak_front":false,"is_persistent_cluster":false}},{"type":"Feature","id":"d40eeff26d2488e3","geometry":{"type":"Point","coordinates":[80.33417,20.59375]},"properties":{"hotspot_id":"d40eeff26d2488e3","datetime_utc":"2024-12-29T07:20:00Z","satellite":"NOAA-20","daynight":"D","brightness":345.49,"frp":9.39,"confidence_numeric":60.0,"predicted_class":0,"predicted_label":"Wildfire","confidence_score":0.9999,"evidence_scores":{"land_cover_class":5.0709,"distance_to_industry_km":0.4357,"brightness_contrast":0.2043},"persistence_7d":0,"persistence_30d":0,"hotspot_density":0,"land_cover_class":10,"land_cover_name":"Tree cover","distance_to_industry_km":122.1646,"inside_industrial_polygon":0,"nearest_facility_type":"steel_smelter","nearest_facility_name":"Bhilai Steel Plant","cluster_id":-1,"cluster_fire_count":1,"total_cluster_frp":9.39,"cluster_convex_hull_area_km2":0.0,"is_outbreak_front":false,"is_persistent_cluster":false}},{"type":"Feature","id":"a767ee7456093996","geometry":{"type":"Point","coordinates":[87.96983,23.25715]},"properties":{"hotspot_id":"a767ee7456093996","datetime_utc":"2024-12-29T07:20:00Z","satellite":"NOAA-20","daynight":"D","brightness":346.65,"frp":6.82,"confidence_numeric":60.0,"predicted_class":1,"predicted_label":"Agricultural burning","confidence_score":0.9999,"evidence_scores":{"land_cover_class":2.6909,"distance_to_industry_km":2.5307,"track":-0.4572},"persistence_7d":0,"persistence_30d":0,"hotspot_density":1,"land_cover_class":30,"land_cover_name":"Grassland","distance_to_industry_km":74.1151,"inside_industrial_polygon":0,"nearest_facility_type":"coal_mining_fire","nearest_facility_name":"Raniganj Coalfield / Durgapur","cluster_id":-1,"cluster_fire_count":1,"total_cluster_frp":6.82,"cluster_convex_hull_area_km2":0.0,"is_outbreak_front":false,"is_persistent_cluster":false}},{"type":"Feature","id":"cf81211f6e029fc7","geometry":{"type":"Point","coordinates":[82.92184,21.11808]},"properties":{"hotspot_id":"cf81211f6e029fc7","datetime_utc":"2024-12-29T07:20:00Z","satellite":"NOAA-20","daynight":"D","brightness":329.44,"frp":3.44,"confidence_numeric":60.0,"predicted_class":0,"predicted_label":"Wildfire","confidence_score":0.9999,"evidence_scores":{"land_cover_class":5.1198,"distance_to_industry_km":0.2758,"scan":0.1835},"persistence_7d":0,"persistence_30d":0,"hotspot_density":0,"land_cover_class":10,"land_cover_name":"Tree cover","distance_to_industry_km":91.4316,"inside_industrial_polygon":0,"nearest_facility_type":"steel_smelter","nearest_facility_name":"Raigarh - Tamnar Industrial Zone","cluster_id":-1,"cluster_fire_count":1,"total_cluster_frp":3.44,"cluster_convex_hull_area_km2":0.0,"is_outbreak_front":false,"is_persistent_cluster":false}},{"type":"Feature","id":"1286a3e2683978b2","geometry":{"type":"Point","coordinates":[84.29086,26.73109]},"properties":{"hotspot_id":"1286a3e2683978b2","datetime_utc":"2024-12-29T07:21:00Z","satellite":"NOAA-20","daynight":"D","brightness":330.74,"frp":2.32,"confidence_numeric":60.0,"predicted_class":1,"predicted_label":"Agricultural burning","confidence_score":0.9998,"evidence_scores":{"land_cover_class":2.7109,"distance_to_industry_km":2.3773,"track":-0.4581},"persistence_7d":0,"persistence_30d":0,"hotspot_density":0,"land_cover_class":40,"land_cover_name":"Cropland","distance_to_industry_km":219.2039,"inside_industrial_polygon":0,"nearest_facility_type":"refinery_petrochemical","nearest_facility_name":"Barauni Refinery","cluster_id":-1,"cluster_fire_count":1,"total_cluster_frp":2.32,"cluster_convex_hull_area_km2":0.0,"is_outbreak_front":false,"is_persistent_cluster":false}},{"type":"Feature","id":"7fde38f250c42e50","geometry":{"type":"Point","coordinates":[84.04481,27.20794]},"properties":{"hotspot_id":"7fde38f250c42e50","datetime_utc":"2024-12-29T07:21:00Z","satellite":"NOAA-20","daynight":"D","brightness":330.95,"frp":1.96,"confidence_numeric":60.0,"predicted_class":1,"predicted_label":"Agricultural burning","confidence_score":0.9997,"evidence_scores":{"land_cover_class":2.6936,"distance_to_industry_km":2.2454,"track":-0.4493},"persistence_7d":0,"persistence_30d":0,"hotspot_density":0,"land_cover_class":40,"land_cover_name":"Cropland","distance_to_industry_km":272.5415,"inside_industrial_polygon":0,"nearest_facility_type":"refinery_petrochemical","nearest_facility_name":"Barauni Refinery","cluster_id":-1,"cluster_fire_count":1,"total_cluster_frp":1.96,"cluster_convex_hull_area_km2":0.0,"is_outbreak_front":false,"is_persistent_cluster":false}},{"type":"Feature","id":"ba4fb7212d99ed2a","geometry":{"type":"Point","coordinates":[80.96158,27.6042]},"properties":{"hotspot_id":"ba4fb7212d99ed2a","datetime_utc":"2024-12-29T07:21:00Z","satellite":"NOAA-20","daynight":"D","brightness":330.81,"frp":3.27,"confidence_numeric":60.0,"predicted_class":1,"predicted_label":"Agricultural burning","confidence_score":0.9997,"evidence_scores":{"land_cover_class":2.6965,"distance_to_industry_km":2.2543,"doy_cos":-0.3713},"persistence_7d":0,"persistence_30d":0,"hotspot_density":0,"land_cover_class":40,"land_cover_name":"Cropland","distance_to_industry_km":316.332,"inside_industrial_polygon":0,"nearest_facility_type":"refinery_petrochemical","nearest_facility_name":"Mathura Refinery","cluster_id":-1,"cluster_fire_count":1,"total_cluster_frp":3.27,"cluster_convex_hull_area_km2":0.0,"is_outbreak_front":false,"is_persistent_cluster":false}},{"type":"Feature","id":"b2a0b0522bea6724","geometry":{"type":"Point","coordinates":[80.96133,27.65178]},"properties":{"hotspot_id":"b2a0b0522bea6724","datetime_utc":"2024-12-29T07:21:00Z","satellite":"NOAA-20","daynight":"D","brightness":330.65,"frp":2.69,"confidence_numeric":60.0,"predicted_class":1,"predicted_label":"Agricultural burning","confidence_score":0.9997,"evidence_scores":{"land_cover_class":2.6965,"distance_to_industry_km":2.2543,"doy_cos":-0.3713},"persistence_7d":0,"persistence_30d":0,"hotspot_density":0,"land_cover_class":40,"land_cover_name":"Cropland","distance_to_industry_km":316.6201,"inside_industrial_polygon":0,"nearest_facility_type":"refinery_petrochemical","nearest_facility_name":"Mathura Refinery","cluster_id":-1,"cluster_fire_count":1,"total_cluster_frp":2.69,"cluster_convex_hull_area_km2":0.0,"is_outbreak_front":false,"is_persistent_cluster":false}},{"type":"Feature","id":"5a448c3bdac15957","geometry":{"type":"Point","coordinates":[84.64032,25.31712]},"properties":{"hotspot_id":"5a448c3bdac15957","datetime_utc":"2024-12-29T07:21:00Z","satellite":"NOAA-20","daynight":"D","brightness":332.23,"frp":2.56,"confidence_numeric":60.0,"predicted_class":1,"predicted_label":"Agricultural burning","confidence_score":0.9999,"evidence_scores":{"land_cover_class":2.7166,"distance_to_industry_km":2.5534,"track":-0.458},"persistence_7d":0,"persistence_30d":0,"hotspot_density":0,"land_cover_class":40,"land_cover_name":"Cropland","distance_to_industry_km":136.6264,"inside_industrial_polygon":0,"nearest_facility_type":"refinery_petrochemical","nearest_facility_name":"Barauni Refinery","cluster_id":-1,"cluster_fire_count":1,"total_cluster_frp":2.56,"cluster_convex_hull_area_km2":0.0,"is_outbreak_front":false,"is_persistent_cluster":false}},{"type":"Feature","id":"c8d2ab91bd0d20f1","geometry":{"type":"Point","coordinates":[84.51791,25.35375]},"properties":{"hotspot_id":"c8d2ab91bd0d20f1","datetime_utc":"2024-12-29T07:21:00Z","satellite":"NOAA-20","daynight":"D","brightness":330.71,"frp":1.42,"confidence_numeric":60.0,"predicted_class":1,"predicted_label":"Agricultural burning","confidence_score":0.9999,"evidence_scores":{"land_cover_class":2.7136,"distance_to_industry_km":2.5511,"track":-0.4491},"persistence_7d":0,"persistence_30d":0,"hotspot_density":0,"land_cover_class":40,"land_cover_name":"Cropland","distance_to_industry_km":148.4174,"inside_industrial_polygon":0,"nearest_facility_type":"refinery_petrochemical","nearest_facility_name":"Barauni Refinery","cluster_id":-1,"cluster_fire_count":1,"total_cluster_frp":1.42,"cluster_convex_hull_area_km2":0.0,"is_outbreak_front":false,"is_persistent_cluster":false}},{"type":"Feature","id":"2e8be72ec330715d","geometry":{"type":"Point","coordinates":[79.1168,28.41232]},"properties":{"hotspot_id":"2e8be72ec330715d","datetime_utc":"2024-12-29T07:22:00Z","satellite":"NOAA-20","daynight":"D","brightness":326.5,"frp":2.57,"confidence_numeric":60.0,"predicted_class":1,"predicted_label":"Agricultural burning","confidence_score":0.9999,"evidence_scores":{"land_cover_class":2.7158,"distance_to_industry_km":2.5582,"doy_cos":-0.3616},"persistence_7d":0,"persistence_30d":0,"hotspot_density":0,"land_cover_class":40,"land_cover_name":"Cropland","distance_to_industry_km":172.0962,"inside_industrial_polygon":0,"nearest_facility_type":"refinery_petrochemical","nearest_facility_name":"Mathura Refinery","cluster_id":-1,"cluster_fire_count":1,"total_cluster_frp":2.57,"cluster_convex_hull_area_km2":0.0,"is_outbreak_front":false,"is_persistent_cluster":false}},{"type":"Feature","id":"c31d8210cdae1c26","geometry":{"type":"Point","coordinates":[81.08932,27.96087]},"properties":{"hotspot_id":"c31d8210cdae1c26","datetime_utc":"2024-12-29T07:22:00Z","satellite":"NOAA-20","daynight":"D","brightness":326.78,"frp":3.24,"confidence_numeric":60.0,"predicted_class":1,"predicted_label":"Agricultural burning","confidence_score":0.9998,"evidence_scores":{"land_cover_class":2.6936,"distance_to_industry_km":2.2544,"doy_cos":-0.3709},"persistence_7d":0,"persistence_30d":0,"hotspot_density":0,"land_cover_class":40,"land_cover_name":"Cropland","distance_to_industry_km":333.1385,"inside_industrial_polygon":0,"nearest_facility_type":"refinery_petrochemical","nearest_facility_name":"Mathura Refinery","cluster_id":-1,"cluster_fire_count":1,"total_cluster_frp":3.24,"cluster_convex_hull_area_km2":0.0,"is_outbreak_front":false,"is_persistent_cluster":false}},{"type":"Feature","id":"ae0c11be4c2c86b5","geometry":{"type":"Point","coordinates":[86.20451,23.77892]},"properties":{"hotspot_id":"ae0c11be4c2c86b5","datetime_utc":"2024-12-29T19:48:00Z","satellite":"NOAA-20","daynight":"N","brightness":304.69,"frp":1.52,"confidence_numeric":60.0,"predicted_class":0,"predicted_label":"Wildfire","confidence_score":0.9994,"evidence_scores":{"land_cover_class":4.9842,"distance_to_industry_km":-1.5152,"facility_type_code":-0.1525},"persistence_7d":0,"persistence_30d":6,"hotspot_density":0,"land_cover_class":10,"land_cover_name":"Tree cover","distance_to_industry_km":2.1463,"inside_industrial_polygon":0,"nearest_facility_type":"coal_mining_fire","nearest_facility_name":"Jharia Coalfield (Dhanbad)","cluster_id":-1,"cluster_fire_count":1,"total_cluster_frp":1.52,"cluster_convex_hull_area_km2":0.0,"is_outbreak_front":false,"is_persistent_cluster":false}},{"type":"Feature","id":"5ee9b20e6fbf69d6","geometry":{"type":"Point","coordinates":[86.39638,23.67836]},"properties":{"hotspot_id":"5ee9b20e6fbf69d6","datetime_utc":"2024-12-29T19:48:00Z","satellite":"NOAA-20","daynight":"N","brightness":308.3,"frp":2.2,"confidence_numeric":60.0,"predicted_class":4,"predicted_label":"Persistent thermal source","confidence_score":0.9999,"evidence_scores":{"persistence_30d":4.374,"persistence_7d":0.9226,"prior_detections_7d":0.3612},"persistence_7d":2,"persistence_30d":9,"hotspot_density":1,"land_cover_class":50,"land_cover_name":"Built-up","distance_to_industry_km":0.0,"inside_industrial_polygon":1,"nearest_facility_type":"coal_mining_fire","nearest_facility_name":"Jharia Coalfield (Dhanbad)","cluster_id":-1,"cluster_fire_count":1,"total_cluster_frp":2.2,"cluster_convex_hull_area_km2":0.0,"is_outbreak_front":false,"is_persistent_cluster":false}},{"type":"Feature","id":"dd2ffcdc59f4560b","geometry":{"type":"Point","coordinates":[87.12078,23.69093]},"properties":{"hotspot_id":"dd2ffcdc59f4560b","datetime_utc":"2024-12-29T19:48:00Z","satellite":"NOAA-20","daynight":"N","brightness":308.64,"frp":1.24,"confidence_numeric":60.0,"predicted_class":4,"predicted_label":"Persistent thermal source","confidence_score":0.8639,"evidence_scores":{"persistence_30d":-3.5569,"persistence_7d":0.9226,"prior_detections_7d":0.3612},"persistence_7d":1,"persistence_30d":6,"hotspot_density":1,"land_cover_class":50,"land_cover_name":"Built-up","distance_to_industry_km":0.0,"inside_industrial_polygon":1,"nearest_facility_type":"coal_mining_fire","nearest_facility_name":"Raniganj Coalfield / Durgapur","cluster_id":-1,"cluster_fire_count":1,"total_cluster_frp":1.24,"cluster_convex_hull_area_km2":0.0,"is_outbreak_front":false,"is_persistent_cluster":false}},{"type":"Feature","id":"a74970e3fd48d428","geometry":{"type":"Point","coordinates":[87.31136,23.50535]},"properties":{"hotspot_id":"a74970e3fd48d428","datetime_utc":"2024-12-29T19:48:00Z","satellite":"NOAA-20","daynight":"N","brightness":300.76,"frp":0.45,"confidence_numeric":60.0,"predicted_class":1,"predicted_label":"Agricultural burning","confidence_score":0.9988,"evidence_scores":{"land_cover_class":2.6388,"distance_to_industry_km":1.8675,"local_hour":-0.7932},"persistence_7d":0,"persistence_30d":1,"hotspot_density":0,"land_cover_class":30,"land_cover_name":"Grassland","distance_to_industry_km":2.4874,"inside_industrial_polygon":0,"nearest_facility_type":"coal_mining_fire","nearest_facility_name":"Raniganj Coalfield / Durgapur","cluster_id":-1,"cluster_fire_count":1,"total_cluster_frp":0.45,"cluster_convex_hull_area_km2":0.0,"is_outbreak_front":false,"is_persistent_cluster":false}},{"type":"Feature","id":"c36979f94220af5f","geometry":{"type":"Point","coordinates":[86.33019,23.80355]},"properties":{"hotspot_id":"c36979f94220af5f","datetime_utc":"2024-12-29T19:48:00Z","satellite":"NOAA-20","daynight":"N","brightness":312.73,"frp":1.62,"confidence_numeric":60.0,"predicted_class":5,"predicted_label":"Unknown","confidence_score":0.3743,"evidence_scores":{"frp":-4.7359,"frp_density":-0.8212,"distance_to_industry_km":0.399},"persistence_7d":0,"persistence_30d":5,"hotspot_density":0,"land_cover_class":50,"land_cover_name":"Built-up","distance_to_industry_km":0.0,"inside_industrial_polygon":1,"nearest_facility_type":"coal_mining_fire","nearest_facility_name":"Jharia Coalfield (Dhanbad)","cluster_id":-1,"cluster_fire_count":1,"total_cluster_frp":1.62,"cluster_convex_hull_area_km2":0.0,"is_outbreak_front":false,"is_persistent_cluster":false}},{"type":"Feature","id":"cafae89ada464fcb","geometry":{"type":"Point","coordinates":[86.09057,23.66998]},"properties":{"hotspot_id":"cafae89ada464fcb","datetime_utc":"2024-12-29T19:48:00Z","satellite":"NOAA-20","daynight":"N","brightness":304.92,"frp":0.99,"confidence_numeric":60.0,"predicted_class":5,"predicted_label":"Unknown","confidence_score":0.3981,"evidence_scores":{"frp":-4.7359,"frp_density":-0.8212,"distance_to_industry_km":0.4155},"persistence_7d":0,"persistence_30d":1,"hotspot_density":0,"land_cover_class":50,"land_cover_name":"Built-up","distance_to_industry_km":0.0,"inside_industrial_polygon":1,"nearest_facility_type":"steel_smelter","nearest_facility_name":"Bokaro Steel City / Bermo Coalfield","cluster_id":-1,"cluster_fire_count":1,"total_cluster_frp":0.99,"cluster_convex_hull_area_km2":0.0,"is_outbreak_front":false,"is_persistent_cluster":false}},{"type":"Feature","id":"27b6aa38f5c7c764","geometry":{"type":"Point","coordinates":[84.86168,22.20793]},"properties":{"hotspot_id":"27b6aa38f5c7c764","datetime_utc":"2024-12-29T19:48:00Z","satellite":"NOAA-20","daynight":"N","brightness":303.89,"frp":1.34,"confidence_numeric":60.0,"predicted_class":4,"predicted_label":"Persistent thermal source","confidence_score":0.8615,"evidence_scores":{"persistence_30d":-3.5569,"persistence_7d":0.9226,"prior_detections_7d":0.3612},"persistence_7d":1,"persistence_30d":4,"hotspot_density":0,"land_cover_class":50,"land_cover_name":"Built-up","distance_to_industry_km":0.0,"inside_industrial_polygon":1,"nearest_facility_type":"steel_smelter","nearest_facility_name":"Rourkela Steel Plant","cluster_id":-1,"cluster_fire_count":1,"total_cluster_frp":1.34,"cluster_convex_hull_area_km2":0.0,"is_outbreak_front":false,"is_persistent_cluster":false}},{"type":"Feature","id":"97a2fe90207ff39a","geometry":{"type":"Point","coordinates":[87.12138,23.69423]},"properties":{"hotspot_id":"97a2fe90207ff39a","datetime_utc":"2024-12-29T19:48:00Z","satellite":"NOAA-20","daynight":"N","brightness":318.53,"frp":1.24,"confidence_numeric":60.0,"predicted_class":4,"predicted_label":"Persistent thermal source","confidence_score":0.8625,"evidence_scores":{"persistence_30d":-3.5569,"persistence_7d":0.9226,"prior_detections_7d":0.3612},"persistence_7d":1,"persistence_30d":6,"hotspot_density":1,"land_cover_class":50,"land_cover_name":"Built-up","distance_to_industry_km":0.0,"inside_industrial_polygon":1,"nearest_facility_type":"coal_mining_fire","nearest_facility_name":"Raniganj Coalfield / Durgapur","cluster_id":-1,"cluster_fire_count":1,"total_cluster_frp":1.24,"cluster_convex_hull_area_km2":0.0,"is_outbreak_front":false,"is_persistent_cluster":false}},{"type":"Feature","id":"57c0eea8c8fa9640","geometry":{"type":"Point","coordinates":[87.38867,22.24505]},"properties":{"hotspot_id":"57c0eea8c8fa9640","datetime_utc":"2024-12-29T19:48:00Z","satellite":"NOAA-20","daynight":"N","brightness":320.39,"frp":1.81,"confidence_numeric":60.0,"predicted_class":1,"predicted_label":"Agricultural burning","confidence_score":0.9988,"evidence_scores":{"land_cover_class":2.7048,"distance_to_industry_km":1.8857,"local_hour":-0.7123},"persistence_7d":1,"persistence_30d":1,"hotspot_density":0,"land_cover_class":30,"land_cover_name":"Grassland","distance_to_industry_km":18.2113,"inside_industrial_polygon":0,"nearest_facility_type":"steel_smelter","nearest_facility_name":"Kharagpur Metallurgical Cluster","cluster_id":-1,"cluster_fire_count":1,"total_cluster_frp":1.81,"cluster_convex_hull_area_km2":0.0,"is_outbreak_front":false,"is_persistent_cluster":false}},{"type":"Feature","id":"3829981f4ab79238","geometry":{"type":"Point","coordinates":[85.56644,23.78188]},"properties":{"hotspot_id":"3829981f4ab79238","datetime_utc":"2024-12-29T19:48:00Z","satellite":"NOAA-20","daynight":"N","brightness":302.73,"frp":1.14,"confidence_numeric":60.0,"predicted_class":0,"predicted_label":"Wildfire","confidence_score":0.9999,"evidence_scores":{"land_cover_class":4.9608,"local_hour":0.2515,"distance_to_industry_km":-0.1841},"persistence_7d":1,"persistence_30d":1,"hotspot_density":0,"land_cover_class":10,"land_cover_name":"Tree cover","distance_to_industry_km":9.8376,"inside_industrial_polygon":0,"nearest_facility_type":"steel_smelter","nearest_facility_name":"Ramgarh - Hazaribagh Sponge Iron Belt","cluster_id":-1,"cluster_fire_count":1,"total_cluster_frp":1.14,"cluster_convex_hull_area_km2":0.0,"is_outbreak_front":false,"is_persistent_cluster":false}},{"type":"Feature","id":"300594af578dff79","geometry":{"type":"Point","coordinates":[86.38603,23.68675]},"properties":{"hotspot_id":"300594af578dff79","datetime_utc":"2024-12-29T19:48:00Z","satellite":"NOAA-20","daynight":"N","brightness":302.34,"frp":0.85,"confidence_numeric":60.0,"predicted_class":4,"predicted_label":"Persistent thermal source","confidence_score":0.9999,"evidence_scores":{"persistence_30d":4.374,"persistence_7d":0.9226,"prior_detections_7d":0.3612},"persistence_7d":2,"persistence_30d":11,"hotspot_density":1,"land_cover_class":50,"land_cover_name":"Built-up","distance_to_industry_km":0.0,"inside_industrial_polygon":1,"nearest_facility_type":"coal_mining_fire","nearest_facility_name":"Jharia Coalfield (Dhanbad)","cluster_id":-1,"cluster_fire_count":1,"total_cluster_frp":0.85,"cluster_convex_hull_area_km2":0.0,"is_outbreak_front":false,"is_persistent_cluster":false}},{"type":"Feature","id":"4aac221c75d0178c","geometry":{"type":"Point","coordinates":[85.01392,23.73674]},"properties":{"hotspot_id":"4aac221c75d0178c","datetime_utc":"2024-12-29T19:48:00Z","satellite":"NOAA-20","daynight":"N","brightness":303.61,"frp":1.92,"confidence_numeric":60.0,"predicted_class":0,"predicted_label":"Wildfire","confidence_score":0.9998,"evidence_scores":{"land_cover_class":4.9596,"local_hour":0.2515,"brightness_contrast":-0.2425},"persistence_7d":2,"persistence_30d":4,"hotspot_density":0,"land_cover_class":10,"land_cover_name":"Tree cover","distance_to_industry_km":20.4569,"inside_industrial_polygon":0,"nearest_facility_type":"steel_smelter","nearest_facility_name":"Ramgarh - Hazaribagh Sponge Iron Belt","cluster_id":-1,"cluster_fire_count":1,"total_cluster_frp":1.92,"cluster_convex_hull_area_km2":0.0,"is_outbreak_front":false,"is_persistent_cluster":false}},{"type":"Feature","id":"1461c8ece6a218cb","geometry":{"type":"Point","coordinates":[86.39268,23.77715]},"properties":{"hotspot_id":"1461c8ece6a218cb","datetime_utc":"2024-12-29T19:48:00Z","satellite":"NOAA-20","daynight":"N","brightness":299.69,"frp":1.36,"confidence_numeric":60.0,"predicted_class":4,"predicted_label":"Persistent thermal source","confidence_score":1.0,"evidence_scores":{"persistence_30d":4.374,"persistence_7d":1.0851,"prior_detections_7d":0.3884},"persistence_7d":5,"persistence_30d":13,"hotspot_density":0,"land_cover_class":50,"land_cover_name":"Built-up","distance_to_industry_km":0.0,"inside_industrial_polygon":1,"nearest_facility_type":"coal_mining_fire","nearest_facility_name":"Jharia Coalfield (Dhanbad)","cluster_id":-1,"cluster_fire_count":1,"total_cluster_frp":1.36,"cluster_convex_hull_area_km2":0.0,"is_outbreak_front":false,"is_persistent_cluster":false}},{"type":"Feature","id":"2e3fe0eb98f29826","geometry":{"type":"Point","coordinates":[82.60349,22.33223]},"properties":{"hotspot_id":"2e3fe0eb98f29826","datetime_utc":"2024-12-29T19:48:00Z","satellite":"NOAA-20","daynight":"N","brightness":307.94,"frp":1.46,"confidence_numeric":60.0,"predicted_class":5,"predicted_label":"Unknown","confidence_score":0.3896,"evidence_scores":{"frp":-4.7359,"frp_density":-0.8212,"distance_to_industry_km":0.4234},"persistence_7d":0,"persistence_30d":1,"hotspot_density":0,"land_cover_class":50,"land_cover_name":"Built-up","distance_to_industry_km":0.0,"inside_industrial_polygon":1,"nearest_facility_type":"power_coal","nearest_facility_name":"Korba Coal & Power Complex","cluster_id":-1,"cluster_fire_count":1,"total_cluster_frp":1.46,"cluster_convex_hull_area_km2":0.0,"is_outbreak_front":false,"is_persistent_cluster":false}},{"type":"Feature","id":"ec8eedb97eb082a2","geometry":{"type":"Point","coordinates":[82.67312,24.15834]},"properties":{"hotspot_id":"ec8eedb97eb082a2","datetime_utc":"2024-12-29T19:48:00Z","satellite":"NOAA-20","daynight":"N","brightness":315.56,"frp":1.21,"confidence_numeric":60.0,"predicted_class":5,"predicted_label":"Unknown","confidence_score":0.3614,"evidence_scores":{"frp":-4.7335,"frp_density":-0.8212,"distance_to_industry_km":0.4068},"persistence_7d":0,"persistence_30d":3,"hotspot_density":0,"land_cover_class":50,"land_cover_name":"Built-up","distance_to_industry_km":0.0,"inside_industrial_polygon":1,"nearest_facility_type":"power_coal","nearest_facility_name":"Singrauli Energy & Coal Basin","cluster_id":-1,"cluster_fire_count":1,"total_cluster_frp":1.21,"cluster_convex_hull_area_km2":0.0,"is_outbreak_front":false,"is_persistent_cluster":false}},{"type":"Feature","id":"45712ff4ec37198f","geometry":{"type":"Point","coordinates":[85.22046,21.92881]},"properties":{"hotspot_id":"45712ff4ec37198f","datetime_utc":"2024-12-29T19:48:00Z","satellite":"NOAA-20","daynight":"N","brightness":298.49,"frp":0.44,"confidence_numeric":60.0,"predicted_class":1,"predicted_label":"Agricultural burning","confidence_score":0.9989,"evidence_scores":{"land_cover_class":2.6388,"distance_to_industry_km":2.096,"local_hour":-0.7033},"persistence_7d":0,"persistence_30d":1,"hotspot_density":0,"land_cover_class":30,"land_cover_name":"Grassland","distance_to_industry_km":43.2748,"inside_industrial_polygon":0,"nearest_facility_type":"steel_smelter","nearest_facility_name":"Rourkela Steel Plant","cluster_id":-1,"cluster_fire_count":1,"total_cluster_frp":0.44,"cluster_convex_hull_area_km2":0.0,"is_outbreak_front":false,"is_persistent_cluster":false}},{"type":"Feature","id":"69f3818d179f798e","geometry":{"type":"Point","coordinates":[83.34427,21.92543]},"properties":{"hotspot_id":"69f3818d179f798e","datetime_utc":"2024-12-29T19:49:00Z","satellite":"NOAA-20","daynight":"N","brightness":316.0,"frp":1.97,"confidence_numeric":60.0,"predicted_class":4,"predicted_label":"Persistent thermal source","confidence_score":0.9999,"evidence_scores":{"persistence_30d":4.374,"persistence_7d":0.9226,"prior_detections_7d":0.3612},"persistence_7d":2,"persistence_30d":8,"hotspot_density":0,"land_cover_class":50,"land_cover_name":"Built-up","distance_to_industry_km":0.0,"inside_industrial_polygon":1,"nearest_facility_type":"steel_smelter","nearest_facility_name":"Raigarh - Tamnar Industrial Zone","cluster_id":-1,"cluster_fire_count":1,"total_cluster_frp":1.97,"cluster_convex_hull_area_km2":0.0,"is_outbreak_front":false,"is_persistent_cluster":false}},{"type":"Feature","id":"ab94d46283a25ddf","geometry":{"type":"Point","coordinates":[81.39004,21.19009]},"properties":{"hotspot_id":"ab94d46283a25ddf","datetime_utc":"2024-12-29T19:49:00Z","satellite":"NOAA-20","daynight":"N","brightness":304.79,"frp":2.63,"confidence_numeric":60.0,"predicted_class":4,"predicted_label":"Persistent thermal source","confidence_score":0.8363,"evidence_scores":{"persistence_30d":-3.5569,"persistence_7d":0.9226,"prior_detections_7d":0.3612},"persistence_7d":1,"persistence_30d":4,"hotspot_density":0,"land_cover_class":50,"land_cover_name":"Built-up","distance_to_industry_km":0.0,"inside_industrial_polygon":1,"nearest_facility_type":"steel_smelter","nearest_facility_name":"Bhilai Steel Plant","cluster_id":-1,"cluster_fire_count":1,"total_cluster_frp":2.63,"cluster_convex_hull_area_km2":0.0,"is_outbreak_front":false,"is_persistent_cluster":false}},{"type":"Feature","id":"3257483d81387252","geometry":{"type":"Point","coordinates":[85.1665,20.96373]},"properties":{"hotspot_id":"3257483d81387252","datetime_utc":"2024-12-29T19:49:00Z","satellite":"NOAA-20","daynight":"N","brightness":318.82,"frp":1.98,"confidence_numeric":60.0,"predicted_class":4,"predicted_label":"Persistent thermal source","confidence_score":1.0,"evidence_scores":{"persistence_30d":4.374,"persistence_7d":1.0565,"prior_detections_7d":0.3884},"persistence_7d":3,"persistence_30d":9,"hotspot_density":0,"land_cover_class":50,"land_cover_name":"Built-up","distance_to_industry_km":0.0,"inside_industrial_polygon":1,"nearest_facility_type":"steel_smelter","nearest_facility_name":"Odisha Steel Belt - Angul / Talcher","cluster_id":-1,"cluster_fire_count":1,"total_cluster_frp":1.98,"cluster_convex_hull_area_km2":0.0,"is_outbreak_front":false,"is_persistent_cluster":false}},{"type":"Feature","id":"17b0743e70a54b1b","geometry":{"type":"Point","coordinates":[86.59679,20.24445]},"properties":{"hotspot_id":"17b0743e70a54b1b","datetime_utc":"2024-12-29T19:49:00Z","satellite":"NOAA-20","daynight":"N","brightness":304.57,"frp":1.55,"confidence_numeric":60.0,"predicted_class":5,"predicted_label":"Unknown","confidence_score":0.4476,"evidence_scores":{"frp":-4.6703,"frp_density":-0.8223,"distance_to_industry_km":0.4326},"persistence_7d":0,"persistence_30d":0,"hotspot_density":0,"land_cover_class":50,"land_cover_name":"Built-up","distance_to_industry_km":0.0,"inside_industrial_polygon":1,"nearest_facility_type":"refinery_petrochemical","nearest_facility_name":"Paradip Refinery","cluster_id":-1,"cluster_fire_count":1,"total_cluster_frp":1.55,"cluster_convex_hull_area_km2":0.0,"is_outbreak_front":false,"is_persistent_cluster":false}},{"type":"Feature","id":"1f31ec6d0b3abd81","geometry":{"type":"Point","coordinates":[81.64041,21.37825]},"properties":{"hotspot_id":"1f31ec6d0b3abd81","datetime_utc":"2024-12-29T19:49:00Z","satellite":"NOAA-20","daynight":"N","brightness":305.4,"frp":1.21,"confidence_numeric":60.0,"predicted_class":5,"predicted_label":"Unknown","confidence_score":0.3472,"evidence_scores":{"frp":-4.7382,"frp_density":-0.8223,"distance_to_industry_km":0.4159},"persistence_7d":0,"persistence_30d":2,"hotspot_density":0,"land_cover_class":50,"land_cover_name":"Built-up","distance_to_industry_km":0.0,"inside_industrial_polygon":1,"nearest_facility_type":"steel_smelter","nearest_facility_name":"Raipur - Siltara Sponge Iron Cluster","cluster_id":-1,"cluster_fire_count":1,"total_cluster_frp":1.21,"cluster_convex_hull_area_km2":0.0,"is_outbreak_front":false,"is_persistent_cluster":false}},{"type":"Feature","id":"a74e97c19971be67","geometry":{"type":"Point","coordinates":[81.98053,16.86086]},"properties":{"hotspot_id":"a74e97c19971be67","datetime_utc":"2024-12-29T19:50:00Z","satellite":"NOAA-20","daynight":"N","brightness":303.52,"frp":0.66,"confidence_numeric":60.0,"predicted_class":1,"predicted_label":"Agricultural burning","confidence_score":0.999,"evidence_scores":{"land_cover_class":2.648,"distance_to_industry_km":1.8927,"local_hour":-0.7649},"persistence_7d":0,"persistence_30d":0,"hotspot_density":0,"land_cover_class":40,"land_cover_name":"Cropland","distance_to_industry_km":23.2568,"inside_industrial_polygon":0,"nearest_facility_type":"oil_gas_flare","nearest_facility_name":"KG Basin Onshore - Tatipaka / Narsapur","cluster_id":-1,"cluster_fire_count":1,"total_cluster_frp":0.66,"cluster_convex_hull_area_km2":0.0,"is_outbreak_front":false,"is_persistent_cluster":false}},{"type":"Feature","id":"3d3b5a5d69805622","geometry":{"type":"Point","coordinates":[83.15925,17.96524]},"properties":{"hotspot_id":"3d3b5a5d69805622","datetime_utc":"2024-12-29T19:50:00Z","satellite":"NOAA-20","daynight":"N","brightness":301.79,"frp":0.51,"confidence_numeric":60.0,"predicted_class":1,"predicted_label":"Agricultural burning","confidence_score":0.9986,"evidence_scores":{"land_cover_class":2.6388,"distance_to_industry_km":1.8936,"local_hour":-0.7594},"persistence_7d":0,"persistence_30d":0,"hotspot_density":0,"land_cover_class":30,"land_cover_name":"Grassland","distance_to_industry_km":26.3176,"inside_industrial_polygon":0,"nearest_facility_type":"refinery_steel","nearest_facility_name":"Visakhapatnam Refinery & Steel","cluster_id":-1,"cluster_fire_count":1,"total_cluster_frp":0.51,"cluster_convex_hull_area_km2":0.0,"is_outbreak_front":false,"is_persistent_cluster":false}},{"type":"Feature","id":"b5425efe249712f3","geometry":{"type":"Point","coordinates":[76.37553,15.17171]},"properties":{"hotspot_id":"b5425efe249712f3","datetime_utc":"2024-12-29T19:51:00Z","satellite":"NOAA-20","daynight":"N","brightness":304.2,"frp":1.52,"confidence_numeric":60.0,"predicted_class":1,"predicted_label":"Agricultural burning","confidence_score":0.9995,"evidence_scores":{"land_cover_class":2.6407,"distance_to_industry_km":1.8769,"local_hour":-0.7311},"persistence_7d":0,"persistence_30d":1,"hotspot_density":0,"land_cover_class":30,"land_cover_name":"Grassland","distance_to_industry_km":22.5425,"inside_industrial_polygon":0,"nearest_facility_type":"steel_smelter","nearest_facility_name":"JSW Vijayanagar (Toranagallu)","cluster_id":-1,"cluster_fire_count":1,"total_cluster_frp":1.52,"cluster_convex_hull_area_km2":0.0,"is_outbreak_front":false,"is_persistent_cluster":false}},{"type":"Feature","id":"2896d9f0d993361f","geometry":{"type":"Point","coordinates":[82.29647,22.35361]},"properties":{"hotspot_id":"2896d9f0d993361f","datetime_utc":"2024-12-30T07:01:00Z","satellite":"NOAA-20","daynight":"D","brightness":338.88,"frp":3.99,"confidence_numeric":60.0,"predicted_class":0,"predicted_label":"Wildfire","confidence_score":0.9996,"evidence_scores":{"land_cover_class":5.0345,"distance_to_industry_km":-0.2302,"facility_type_code":-0.1679},"persistence_7d":2,"persistence_30d":6,"hotspot_density":0,"land_cover_class":10,"land_cover_name":"Tree cover","distance_to_industry_km":25.5012,"inside_industrial_polygon":0,"nearest_facility_type":"power_coal","nearest_facility_name":"Korba Coal & Power Complex","cluster_id":-1,"cluster_fire_count":1,"total_cluster_frp":3.99,"cluster_convex_hull_area_km2":0.0,"is_outbreak_front":false,"is_persistent_cluster":false}},{"type":"Feature","id":"16783aaa0d94062f","geometry":{"type":"Point","coordinates":[82.77197,21.78161]},"properties":{"hotspot_id":"16783aaa0d94062f","datetime_utc":"2024-12-30T07:01:00Z","satellite":"NOAA-20","daynight":"D","brightness":332.39,"frp":2.53,"confidence_numeric":60.0,"predicted_class":0,"predicted_label":"Wildfire","confidence_score":0.9997,"evidence_scores":{"land_cover_class":5.1021,"facility_type_code":-0.1705,"scan":-0.1469},"persistence_7d":1,"persistence_30d":1,"hotspot_density":0,"land_cover_class":10,"land_cover_name":"Tree cover","distance_to_industry_km":47.6358,"inside_industrial_polygon":0,"nearest_facility_type":"power_coal","nearest_facility_name":"Korba Coal & Power Complex","cluster_id":-1,"cluster_fire_count":1,"total_cluster_frp":2.53,"cluster_convex_hull_area_km2":0.0,"is_outbreak_front":false,"is_persistent_cluster":false}},{"type":"Feature","id":"af1080f83094643f","geometry":{"type":"Point","coordinates":[82.34261,22.07323]},"properties":{"hotspot_id":"af1080f83094643f","datetime_utc":"2024-12-30T07:01:00Z","satellite":"NOAA-20","daynight":"D","brightness":328.12,"frp":1.44,"confidence_numeric":60.0,"predicted_class":0,"predicted_label":"Wildfire","confidence_score":0.9997,"evidence_scores":{"land_cover_class":5.0526,"facility_type_code":-0.1679,"scan":-0.1469},"persistence_7d":0,"persistence_30d":0,"hotspot_density":0,"land_cover_class":10,"land_cover_name":"Tree cover","distance_to_industry_km":31.9657,"inside_industrial_polygon":0,"nearest_facility_type":"power_coal","nearest_facility_name":"Korba Coal & Power Complex","cluster_id":-1,"cluster_fire_count":1,"total_cluster_frp":1.44,"cluster_convex_hull_area_km2":0.0,"is_outbreak_front":false,"is_persistent_cluster":false}},{"type":"Feature","id":"2fea07954b8d499d","geometry":{"type":"Point","coordinates":[83.24928,21.91347]},"properties":{"hotspot_id":"2fea07954b8d499d","datetime_utc":"2024-12-30T07:01:00Z","satellite":"NOAA-20","daynight":"D","brightness":334.33,"frp":2.07,"confidence_numeric":60.0,"predicted_class":0,"predicted_label":"Wildfire","confidence_score":0.9998,"evidence_scores":{"land_cover_class":4.9962,"distance_to_industry_km":-0.3369,"doy_cos":-0.1535},"persistence_7d":0,"persistence_30d":0,"hotspot_density":0,"land_cover_class":10,"land_cover_name":"Tree cover","distance_to_industry_km":5.0985,"inside_industrial_polygon":0,"nearest_facility_type":"steel_smelter","nearest_facility_name":"Raigarh - Tamnar Industrial Zone","cluster_id":-1,"cluster_fire_count":1,"total_cluster_frp":2.07,"cluster_convex_hull_area_km2":0.0,"is_outbreak_front":false,"is_persistent_cluster":false}},{"type":"Feature","id":"b397b94e1dbabd02","geometry":{"type":"Point","coordinates":[87.17744,23.76799]},"properties":{"hotspot_id":"b397b94e1dbabd02","datetime_utc":"2024-12-30T07:01:00Z","satellite":"NOAA-20","daynight":"D","brightness":332.6,"frp":4.76,"confidence_numeric":60.0,"predicted_class":5,"predicted_label":"Unknown","confidence_score":0.3763,"evidence_scores":{"frp":-4.6821,"frp_density":-0.8213,"distance_to_industry_km":0.4155},"persistence_7d":0,"persistence_30d":0,"hotspot_density":0,"land_cover_class":50,"land_cover_name":"Built-up","distance_to_industry_km":0.4578,"inside_industrial_polygon":0,"nearest_facility_type":"coal_mining_fire","nearest_facility_name":"Raniganj Coalfield / Durgapur","cluster_id":-1,"cluster_fire_count":1,"total_cluster_frp":4.76,"cluster_convex_hull_area_km2":0.0,"is_outbreak_front":false,"is_persistent_cluster":false}},{"type":"Feature","id":"30108cdb3c70a73c","geometry":{"type":"Point","coordinates":[87.88655,22.959]},"properties":{"hotspot_id":"30108cdb3c70a73c","datetime_utc":"2024-12-30T07:01:00Z","satellite":"NOAA-20","daynight":"D","brightness":330.84,"frp":3.3,"confidence_numeric":60.0,"predicted_class":1,"predicted_label":"Agricultural burning","confidence_score":0.9999,"evidence_scores":{"land_cover_class":2.7045,"distance_to_industry_km":2.526,"doy_cos":-0.3617},"persistence_7d":0,"persistence_30d":0,"hotspot_density":0,"land_cover_class":30,"land_cover_name":"Grassland","distance_to_industry_km":87.0033,"inside_industrial_polygon":0,"nearest_facility_type":"coal_mining_fire","nearest_facility_name":"Raniganj Coalfield / Durgapur","cluster_id":-1,"cluster_fire_count":1,"total_cluster_frp":3.3,"cluster_convex_hull_area_km2":0.0,"is_outbreak_front":false,"is_persistent_cluster":false}},{"type":"Feature","id":"7777be8753252ea5","geometry":{"type":"Point","coordinates":[87.78168,23.00393]},"properties":{"hotspot_id":"7777be8753252ea5","datetime_utc":"2024-12-30T07:01:00Z","satellite":"NOAA-20","daynight":"D","brightness":328.79,"frp":4.26,"confidence_numeric":60.0,"predicted_class":1,"predicted_label":"Agricultural burning","confidence_score":0.9999,"evidence_scores":{"land_cover_class":2.7048,"distance_to_industry_km":2.5141,"doy_cos":-0.3649},"persistence_7d":0,"persistence_30d":0,"hotspot_density":0,"land_cover_class":30,"land_cover_name":"Grassland","distance_to_industry_km":76.021,"inside_industrial_polygon":0,"nearest_facility_type":"coal_mining_fire","nearest_facility_name":"Raniganj Coalfield / Durgapur","cluster_id":-1,"cluster_fire_count":1,"total_cluster_frp":4.26,"cluster_convex_hull_area_km2":0.0,"is_outbreak_front":false,"is_persistent_cluster":false}},{"type":"Feature","id":"8723eaf8493fe887","geometry":{"type":"Point","coordinates":[83.71147,21.43019]},"properties":{"hotspot_id":"8723eaf8493fe887","datetime_utc":"2024-12-30T07:01:00Z","satellite":"NOAA-20","daynight":"D","brightness":331.33,"frp":3.05,"confidence_numeric":60.0,"predicted_class":1,"predicted_label":"Agricultural burning","confidence_score":0.9998,"evidence_scores":{"land_cover_class":2.7113,"distance_to_industry_km":2.0241,"doy_cos":-0.369},"persistence_7d":0,"persistence_30d":0,"hotspot_density":0,"land_cover_class":30,"land_cover_name":"Grassland","distance_to_industry_km":38.3029,"inside_industrial_polygon":0,"nearest_facility_type":"steel_smelter","nearest_facility_name":"Odisha Steel Belt - Jharsuguda","cluster_id":-1,"cluster_fire_count":1,"total_cluster_frp":3.05,"cluster_convex_hull_area_km2":0.0,"is_outbreak_front":false,"is_persistent_cluster":false}},{"type":"Feature","id":"c600ec4c0827cb83","geometry":{"type":"Point","coordinates":[94.51911,25.30904]},"properties":{"hotspot_id":"c600ec4c0827cb83","datetime_utc":"2024-12-30T07:01:00Z","satellite":"NOAA-20","daynight":"D","brightness":325.43,"frp":2.27,"confidence_numeric":60.0,"predicted_class":0,"predicted_label":"Wildfire","confidence_score":0.9999,"evidence_scores":{"land_cover_class":5.1168,"distance_to_industry_km":0.564,"scan":0.1855},"persistence_7d":0,"persistence_30d":0,"hotspot_density":0,"land_cover_class":10,"land_cover_name":"Tree cover","distance_to_industry_km":161.7483,"inside_industrial_polygon":0,"nearest_facility_type":"refinery_petrochemical","nearest_facility_name":"Numaligarh Refinery","cluster_id":-1,"cluster_fire_count":1,"total_cluster_frp":2.27,"cluster_convex_hull_area_km2":0.0,"is_outbreak_front":false,"is_persistent_cluster":false}},{"type":"Feature","id":"fe1bd1d71215a076","geometry":{"type":"Point","coordinates":[95.00349,26.88961]},"properties":{"hotspot_id":"fe1bd1d71215a076","datetime_utc":"2024-12-30T07:02:00Z","satellite":"NOAA-20","daynight":"D","brightness":326.19,"frp":3.52,"confidence_numeric":60.0,"predicted_class":1,"predicted_label":"Agricultural burning","confidence_score":0.9998,"evidence_scores":{"land_cover_class":2.7166,"distance_to_industry_km":2.0096,"doy_cos":-0.374},"persistence_7d":0,"persistence_30d":0,"hotspot_density":0,"land_cover_class":40,"land_cover_name":"Cropland","distance_to_industry_km":21.6847,"inside_industrial_polygon":0,"nearest_facility_type":"oil_gas_flare","nearest_facility_name":"Upper Assam Oil Fields - Lakwa / Geleki","cluster_id":-1,"cluster_fire_count":1,"total_cluster_frp":3.52,"cluster_convex_hull_area_km2":0.0,"is_outbreak_front":false,"is_persistent_cluster":false}},{"type":"Feature","id":"44c9a9e575f8384e","geometry":{"type":"Point","coordinates":[94.69363,27.49072]},"properties":{"hotspot_id":"44c9a9e575f8384e","datetime_utc":"2024-12-30T07:02:00Z","satellite":"NOAA-20","daynight":"D","brightness":332.57,"frp":3.62,"confidence_numeric":60.0,"predicted_class":0,"predicted_label":"Wildfire","confidence_score":0.9999,"evidence_scores":{"land_cover_class":5.1056,"scan":0.1879,"doy_cos":-0.148},"persistence_7d":0,"persistence_30d":0,"hotspot_density":0,"land_cover_class":10,"land_cover_name":"Tree cover","distance_to_industry_km":46.28,"inside_industrial_polygon":0,"nearest_facility_type":"oil_gas_flare","nearest_facility_name":"Upper Assam Oil Fields - Lakwa / Geleki","cluster_id":-1,"cluster_fire_count":1,"total_cluster_frp":3.62,"cluster_convex_hull_area_km2":0.0,"is_outbreak_front":false,"is_persistent_cluster":false}},{"type":"Feature","id":"8b84398f36c51a4b","geometry":{"type":"Point","coordinates":[74.94324,17.25409]},"properties":{"hotspot_id":"8b84398f36c51a4b","datetime_utc":"2024-12-30T08:40:00Z","satellite":"NOAA-20","daynight":"D","brightness":332.74,"frp":2.59,"confidence_numeric":60.0,"predicted_class":1,"predicted_label":"Agricultural burning","confidence_score":0.9998,"evidence_scores":{"land_cover_class":2.6864,"distance_to_industry_km":2.3391,"doy_cos":-0.3424},"persistence_7d":0,"persistence_30d":0,"hotspot_density":0,"land_cover_class":30,"land_cover_name":"Grassland","distance_to_industry_km":251.2465,"inside_industrial_polygon":0,"nearest_facility_type":"steel_smelter","nearest_facility_name":"JSW Dolvi Works","cluster_id":-1,"cluster_fire_count":1,"total_cluster_frp":2.59,"cluster_convex_hull_area_km2":0.0,"is_outbreak_front":false,"is_persistent_cluster":false}},{"type":"Feature","id":"a74a46108fe3199e","geometry":{"type":"Point","coordinates":[74.97266,16.91219]},"properties":{"hotspot_id":"a74a46108fe3199e","datetime_utc":"2024-12-30T08:40:00Z","satellite":"NOAA-20","daynight":"D","brightness":341.18,"frp":6.67,"confidence_numeric":60.0,"predicted_class":1,"predicted_label":"Agricultural burning","confidence_score":0.9999,"evidence_scores":{"land_cover_class":2.6915,"distance_to_industry_km":2.3707,"doy_cos":-0.3663},"persistence_7d":0,"persistence_30d":0,"hotspot_density":0,"land_cover_class":30,"land_cover_name":"Grassland","distance_to_industry_km":255.8349,"inside_industrial_polygon":0,"nearest_facility_type":"steel_smelter","nearest_facility_name":"JSW Vijayanagar (Toranagallu)","cluster_id":-1,"cluster_fire_count":1,"total_cluster_frp":6.67,"cluster_convex_hull_area_km2":0.0,"is_outbreak_front":false,"is_persistent_cluster":false}},{"type":"Feature","id":"4668e6488d180d44","geometry":{"type":"Point","coordinates":[77.42484,14.93613]},"properties":{"hotspot_id":"4668e6488d180d44","datetime_utc":"2024-12-30T08:40:00Z","satellite":"NOAA-20","daynight":"D","brightness":336.53,"frp":2.82,"confidence_numeric":60.0,"predicted_class":1,"predicted_label":"Agricultural burning","confidence_score":0.9999,"evidence_scores":{"land_cover_class":2.7111,"distance_to_industry_km":2.4669,"doy_cos":-0.3625},"persistence_7d":0,"persistence_30d":0,"hotspot_density":0,"land_cover_class":30,"land_cover_name":"Grassland","distance_to_industry_km":78.4872,"inside_industrial_polygon":0,"nearest_facility_type":"steel_smelter","nearest_facility_name":"JSW Vijayanagar (Toranagallu)","cluster_id":-1,"cluster_fire_count":1,"total_cluster_frp":2.82,"cluster_convex_hull_area_km2":0.0,"is_outbreak_front":false,"is_persistent_cluster":false}},{"type":"Feature","id":"b12093eb33f1516b","geometry":{"type":"Point","coordinates":[76.76355,16.69991]},"properties":{"hotspot_id":"b12093eb33f1516b","datetime_utc":"2024-12-30T08:40:00Z","satellite":"NOAA-20","daynight":"D","brightness":335.47,"frp":3.11,"confidence_numeric":60.0,"predicted_class":1,"predicted_label":"Agricultural burning","confidence_score":0.9999,"evidence_scores":{"land_cover_class":2.7051,"distance_to_industry_km":2.5447,"doy_cos":-0.3482},"persistence_7d":0,"persistence_30d":0,"hotspot_density":0,"land_cover_class":30,"land_cover_name":"Grassland","distance_to_industry_km":161.3687,"inside_industrial_polygon":0,"nearest_facility_type":"steel_smelter","nearest_facility_name":"JSW Vijayanagar (Toranagallu)","cluster_id":-1,"cluster_fire_count":1,"total_cluster_frp":3.11,"cluster_convex_hull_area_km2":0.0,"is_outbreak_front":false,"is_persistent_cluster":false}},{"type":"Feature","id":"fab9749a03e00765","geometry":{"type":"Point","coordinates":[75.53056,16.10301]},"properties":{"hotspot_id":"fab9749a03e00765","datetime_utc":"2024-12-30T08:40:00Z","satellite":"NOAA-20","daynight":"D","brightness":339.59,"frp":5.0,"confidence_numeric":60.0,"predicted_class":1,"predicted_label":"Agricultural burning","confidence_score":0.9999,"evidence_scores":{"land_cover_class":2.7116,"distance_to_industry_km":2.5571,"doy_cos":-0.3568},"persistence_7d":0,"persistence_30d":0,"hotspot_density":0,"land_cover_class":30,"land_cover_name":"Grassland","distance_to_industry_km":150.6165,"inside_industrial_polygon":0,"nearest_facility_type":"steel_smelter","nearest_facility_name":"JSW Vijayanagar (Toranagallu)","cluster_id":-1,"cluster_fire_count":1,"total_cluster_frp":5.0,"cluster_convex_hull_area_km2":0.0,"is_outbreak_front":false,"is_persistent_cluster":false}},{"type":"Feature","id":"9ddf6b4af0e0eb5a","geometry":{"type":"Point","coordinates":[78.44245,17.01472]},"properties":{"hotspot_id":"9ddf6b4af0e0eb5a","datetime_utc":"2024-12-30T08:40:00Z","satellite":"NOAA-20","daynight":"D","brightness":335.01,"frp":4.39,"confidence_numeric":60.0,"predicted_class":1,"predicted_label":"Agricultural burning","confidence_score":0.9998,"evidence_scores":{"land_cover_class":2.6859,"distance_to_industry_km":2.3397,"doy_cos":-0.3653},"persistence_7d":0,"persistence_30d":0,"hotspot_density":0,"land_cover_class":30,"land_cover_name":"Grassland","distance_to_industry_km":271.0695,"inside_industrial_polygon":0,"nearest_facility_type":"steel_smelter","nearest_facility_name":"JSW Vijayanagar (Toranagallu)","cluster_id":-1,"cluster_fire_count":1,"total_cluster_frp":4.39,"cluster_convex_hull_area_km2":0.0,"is_outbreak_front":false,"is_persistent_cluster":false}},{"type":"Feature","id":"0cf12d1b6efc84bf","geometry":{"type":"Point","coordinates":[75.45806,18.21109]},"properties":{"hotspot_id":"0cf12d1b6efc84bf","datetime_utc":"2024-12-30T08:41:00Z","satellite":"NOAA-20","daynight":"D","brightness":354.7,"frp":17.34,"confidence_numeric":60.0,"predicted_class":1,"predicted_label":"Agricultural burning","confidence_score":0.9994,"evidence_scores":{"land_cover_class":2.6483,"distance_to_industry_km":2.3368,"brightness":-0.5357},"persistence_7d":0,"persistence_30d":0,"hotspot_density":0,"land_cover_class":30,"land_cover_name":"Grassland","distance_to_industry_km":255.3348,"inside_industrial_polygon":0,"nearest_facility_type":"steel_smelter","nearest_facility_name":"JSW Dolvi Works","cluster_id":-1,"cluster_fire_count":1,"total_cluster_frp":17.34,"cluster_convex_hull_area_km2":0.0,"is_outbreak_front":false,"is_persistent_cluster":false}},{"type":"Feature","id":"f1193fd064f999dc","geometry":{"type":"Point","coordinates":[69.54926,24.1222]},"properties":{"hotspot_id":"f1193fd064f999dc","datetime_utc":"2024-12-30T08:43:00Z","satellite":"NOAA-20","daynight":"D","brightness":335.1,"frp":6.38,"confidence_numeric":30.0,"predicted_class":1,"predicted_label":"Agricultural burning","confidence_score":0.9993,"evidence_scores":{"distance_to_industry_km":2.6299,"land_cover_class":0.7076,"doy_cos":-0.3624},"persistence_7d":0,"persistence_30d":0,"hotspot_density":0,"land_cover_class":60,"land_cover_name":"Bare / sparse vegetation","distance_to_industry_km":139.0222,"inside_industrial_polygon":0,"nearest_facility_type":"power_coal","nearest_facility_name":"Mundra Port & Power Complex","cluster_id":-1,"cluster_fire_count":1,"total_cluster_frp":6.38,"cluster_convex_hull_area_km2":0.0,"is_outbreak_front":false,"is_persistent_cluster":false}},{"type":"Feature","id":"4828f16567678b7d","geometry":{"type":"Point","coordinates":[84.94953,23.8408]},"properties":{"hotspot_id":"4828f16567678b7d","datetime_utc":"2024-12-30T19:29:00Z","satellite":"NOAA-20","daynight":"N","brightness":303.29,"frp":1.41,"confidence_numeric":60.0,"predicted_class":0,"predicted_label":"Wildfire","confidence_score":0.9999,"evidence_scores":{"land_cover_class":4.979,"local_hour":0.1892,"scan":0.1835},"persistence_7d":0,"persistence_30d":0,"hotspot_density":0,"land_cover_class":10,"land_cover_name":"Tree cover","distance_to_industry_km":29.6566,"inside_industrial_polygon":0,"nearest_facility_type":"steel_smelter","nearest_facility_name":"Ramgarh - Hazaribagh Sponge Iron Belt","cluster_id":-1,"cluster_fire_count":1,"total_cluster_frp":1.41,"cluster_convex_hull_area_km2":0.0,"is_outbreak_front":false,"is_persistent_cluster":false}},{"type":"Feature","id":"eb50db2858fa8d4d","geometry":{"type":"Point","coordinates":[86.44726,23.722]},"properties":{"hotspot_id":"eb50db2858fa8d4d","datetime_utc":"2024-12-30T19:29:00Z","satellite":"NOAA-20","daynight":"N","brightness":305.57,"frp":1.66,"confidence_numeric":60.0,"predicted_class":5,"predicted_label":"Unknown","confidence_score":0.3266,"evidence_scores":{"frp":-4.7362,"frp_density":-0.8212,"distance_to_industry_km":0.399},"persistence_7d":0,"persistence_30d":4,"hotspot_density":0,"land_cover_class":50,"land_cover_name":"Built-up","distance_to_industry_km":0.0,"inside_industrial_polygon":1,"nearest_facility_type":"coal_mining_fire","nearest_facility_name":"Jharia Coalfield (Dhanbad)","cluster_id":-1,"cluster_fire_count":1,"total_cluster_frp":1.66,"cluster_convex_hull_area_km2":0.0,"is_outbreak_front":false,"is_persistent_cluster":false}},{"type":"Feature","id":"0579f3d8e20dc9e4","geometry":{"type":"Point","coordinates":[87.27929,23.51089]},"properties":{"hotspot_id":"0579f3d8e20dc9e4","datetime_utc":"2024-12-30T19:29:00Z","satellite":"NOAA-20","daynight":"N","brightness":299.69,"frp":1.72,"confidence_numeric":60.0,"predicted_class":5,"predicted_label":"Unknown","confidence_score":0.3544,"evidence_scores":{"frp":-4.7359,"frp_density":-0.8212,"distance_to_industry_km":0.399},"persistence_7d":0,"persistence_30d":3,"hotspot_density":0,"land_cover_class":50,"land_cover_name":"Built-up","distance_to_industry_km":0.0,"inside_industrial_polygon":1,"nearest_facility_type":"coal_mining_fire","nearest_facility_name":"Raniganj Coalfield / Durgapur","cluster_id":-1,"cluster_fire_count":1,"total_cluster_frp":1.72,"cluster_convex_hull_area_km2":0.0,"is_outbreak_front":false,"is_persistent_cluster":false}},{"type":"Feature","id":"a30cfc5189d4c09f","geometry":{"type":"Point","coordinates":[86.37069,23.78343]},"properties":{"hotspot_id":"a30cfc5189d4c09f","datetime_utc":"2024-12-30T19:29:00Z","satellite":"NOAA-20","daynight":"N","brightness":316.27,"frp":1.64,"confidence_numeric":60.0,"predicted_class":4,"predicted_label":"Persistent thermal source","confidence_score":0.8318,"evidence_scores":{"persistence_30d":-3.5569,"persistence_7d":0.9226,"prior_detections_7d":0.3612},"persistence_7d":1,"persistence_30d":6,"hotspot_density":0,"land_cover_class":50,"land_cover_name":"Built-up","distance_to_industry_km":0.0,"inside_industrial_polygon":1,"nearest_facility_type":"coal_mining_fire","nearest_facility_name":"Jharia Coalfield (Dhanbad)","cluster_id":-1,"cluster_fire_count":1,"total_cluster_frp":1.64,"cluster_convex_hull_area_km2":0.0,"is_outbreak_front":false,"is_persistent_cluster":false}},{"type":"Feature","id":"4a820e73d1cee02d","geometry":{"type":"Point","coordinates":[84.41411,22.2306]},"properties":{"hotspot_id":"4a820e73d1cee02d","datetime_utc":"2024-12-30T19:30:00Z","satellite":"NOAA-20","daynight":"N","brightness":298.68,"frp":0.79,"confidence_numeric":60.0,"predicted_class":1,"predicted_label":"Agricultural burning","confidence_score":0.9986,"evidence_scores":{"land_cover_class":2.6412,"distance_to_industry_km":1.9635,"local_hour":-0.7294},"persistence_7d":1,"persistence_30d":3,"hotspot_density":0,"land_cover_class":30,"land_cover_name":"Grassland","distance_to_industry_km":39.9122,"inside_industrial_polygon":0,"nearest_facility_type":"steel_smelter","nearest_facility_name":"Rourkela Steel Plant","cluster_id":-1,"cluster_fire_count":1,"total_cluster_frp":0.79,"cluster_convex_hull_area_km2":0.0,"is_outbreak_front":false,"is_persistent_cluster":false}},{"type":"Feature","id":"8b5ad5aeb2254f20","geometry":{"type":"Point","coordinates":[85.21787,21.93235]},"properties":{"hotspot_id":"8b5ad5aeb2254f20","datetime_utc":"2024-12-30T19:30:00Z","satellite":"NOAA-20","daynight":"N","brightness":305.79,"frp":1.21,"confidence_numeric":60.0,"predicted_class":1,"predicted_label":"Agricultural burning","confidence_score":0.9986,"evidence_scores":{"land_cover_class":2.6379,"distance_to_industry_km":2.0011,"local_hour":-0.729},"persistence_7d":1,"persistence_30d":2,"hotspot_density":0,"land_cover_class":30,"land_cover_name":"Grassland","distance_to_industry_km":42.8148,"inside_industrial_polygon":0,"nearest_facility_type":"steel_smelter","nearest_facility_name":"Rourkela Steel Plant","cluster_id":-1,"cluster_fire_count":1,"total_cluster_frp":1.21,"cluster_convex_hull_area_km2":0.0,"is_outbreak_front":false,"is_persistent_cluster":false}},{"type":"Feature","id":"c4ee7da14b18b2cb","geometry":{"type":"Point","coordinates":[83.98027,21.73487]},"properties":{"hotspot_id":"c4ee7da14b18b2cb","datetime_utc":"2024-12-30T19:30:00Z","satellite":"NOAA-20","daynight":"N","brightness":301.99,"frp":1.4,"confidence_numeric":60.0,"predicted_class":5,"predicted_label":"Unknown","confidence_score":0.3781,"evidence_scores":{"frp":-4.7154,"frp_density":-0.8212,"distance_to_industry_km":0.4155},"persistence_7d":0,"persistence_30d":0,"hotspot_density":0,"land_cover_class":50,"land_cover_name":"Built-up","distance_to_industry_km":0.0,"inside_industrial_polygon":1,"nearest_facility_type":"steel_smelter","nearest_facility_name":"Odisha Steel Belt - Jharsuguda","cluster_id":-1,"cluster_fire_count":1,"total_cluster_frp":1.4,"cluster_convex_hull_area_km2":0.0,"is_outbreak_front":false,"is_persistent_cluster":false}},{"type":"Feature","id":"64ee28ee9e4368da","geometry":{"type":"Point","coordinates":[82.53062,22.33062]},"properties":{"hotspot_id":"64ee28ee9e4368da","datetime_utc":"2024-12-30T19:30:00Z","satellite":"NOAA-20","daynight":"N","brightness":301.5,"frp":0.46,"confidence_numeric":60.0,"predicted_class":0,"predicted_label":"Wildfire","confidence_score":0.9989,"evidence_scores":{"land_cover_class":4.9281,"distance_to_industry_km":-1.5854,"bright_t31":-0.1792},"persistence_7d":0,"persistence_30d":0,"hotspot_density":1,"land_cover_class":10,"land_cover_name":"Tree cover","distance_to_industry_km":1.5534,"inside_industrial_polygon":0,"nearest_facility_type":"power_coal","nearest_facility_name":"Korba Coal & Power Complex","cluster_id":-1,"cluster_fire_count":1,"total_cluster_frp":0.46,"cluster_convex_hull_area_km2":0.0,"is_outbreak_front":false,"is_persistent_cluster":false}},{"type":"Feature","id":"47892bd582612965","geometry":{"type":"Point","coordinates":[86.01354,20.99884]},"properties":{"hotspot_id":"47892bd582612965","datetime_utc":"2024-12-30T19:30:00Z","satellite":"NOAA-20","daynight":"N","brightness":329.43,"frp":4.01,"confidence_numeric":60.0,"predicted_class":0,"predicted_label":"Wildfire","confidence_score":0.9999,"evidence_scores":{"land_cover_class":4.9984,"distance_to_industry_km":0.2738,"local_hour":0.1792},"persistence_7d":0,"persistence_30d":1,"hotspot_density":0,"land_cover_class":10,"land_cover_name":"Tree cover","distance_to_industry_km":76.3146,"inside_industrial_polygon":0,"nearest_facility_type":"steel_smelter","nearest_facility_name":"Odisha Steel Belt - Angul / Talcher","cluster_id":-1,"cluster_fire_count":1,"total_cluster_frp":4.01,"cluster_convex_hull_area_km2":0.0,"is_outbreak_front":false,"is_persistent_cluster":false}},{"type":"Feature","id":"84cabcdd6dcb171a","geometry":{"type":"Point","coordinates":[85.25196,20.79782]},"properties":{"hotspot_id":"84cabcdd6dcb171a","datetime_utc":"2024-12-30T19:30:00Z","satellite":"NOAA-20","daynight":"N","brightness":305.93,"frp":0.98,"confidence_numeric":60.0,"predicted_class":4,"predicted_label":"Persistent thermal source","confidence_score":0.8564,"evidence_scores":{"persistence_30d":-3.5569,"persistence_7d":0.9226,"prior_detections_7d":0.3612},"persistence_7d":1,"persistence_30d":5,"hotspot_density":1,"land_cover_class":50,"land_cover_name":"Built-up","distance_to_industry_km":0.0,"inside_industrial_polygon":1,"nearest_facility_type":"steel_smelter","nearest_facility_name":"Odisha Steel Belt - Angul / Talcher","cluster_id":-1,"cluster_fire_count":1,"total_cluster_frp":0.98,"cluster_convex_hull_area_km2":0.0,"is_outbreak_front":false,"is_persistent_cluster":false}},{"type":"Feature","id":"0d0dc0eacb06d124","geometry":{"type":"Point","coordinates":[82.56458,22.32187]},"properties":{"hotspot_id":"0d0dc0eacb06d124","datetime_utc":"2024-12-30T19:30:00Z","satellite":"NOAA-20","daynight":"N","brightness":304.8,"frp":0.82,"confidence_numeric":60.0,"predicted_class":5,"predicted_label":"Unknown","confidence_score":0.3678,"evidence_scores":{"frp":-4.6922,"frp_density":-0.8223,"distance_to_industry_km":0.4237},"persistence_7d":0,"persistence_30d":0,"hotspot_density":1,"land_cover_class":50,"land_cover_name":"Built-up","distance_to_industry_km":0.0,"inside_industrial_polygon":1,"nearest_facility_type":"power_coal","nearest_facility_name":"Korba Coal & Power Complex","cluster_id":-1,"cluster_fire_count":1,"total_cluster_frp":0.82,"cluster_convex_hull_area_km2":0.0,"is_outbreak_front":false,"is_persistent_cluster":false}},{"type":"Feature","id":"2d89fca099af6d68","geometry":{"type":"Point","coordinates":[82.66947,22.00385]},"properties":{"hotspot_id":"2d89fca099af6d68","datetime_utc":"2024-12-30T19:30:00Z","satellite":"NOAA-20","daynight":"N","brightness":307.45,"frp":1.61,"confidence_numeric":60.0,"predicted_class":0,"predicted_label":"Wildfire","confidence_score":0.9998,"evidence_scores":{"land_cover_class":4.9668,"local_hour":0.2603,"distance_to_industry_km":-0.2009},"persistence_7d":0,"persistence_30d":2,"hotspot_density":0,"land_cover_class":10,"land_cover_name":"Tree cover","distance_to_industry_km":22.6183,"inside_industrial_polygon":0,"nearest_facility_type":"power_coal","nearest_facility_name":"Korba Coal & Power Complex","cluster_id":-1,"cluster_fire_count":1,"total_cluster_frp":1.61,"cluster_convex_hull_area_km2":0.0,"is_outbreak_front":false,"is_persistent_cluster":false}},{"type":"Feature","id":"ba5a90aec70035eb","geometry":{"type":"Point","coordinates":[85.25137,20.7935]},"properties":{"hotspot_id":"ba5a90aec70035eb","datetime_utc":"2024-12-30T19:30:00Z","satellite":"NOAA-20","daynight":"N","brightness":321.87,"frp":2.36,"confidence_numeric":60.0,"predicted_class":5,"predicted_label":"Unknown","confidence_score":0.3607,"evidence_scores":{"frp":-4.7338,"frp_density":-0.8212,"distance_to_industry_km":0.3989},"persistence_7d":0,"persistence_30d":4,"hotspot_density":1,"land_cover_class":50,"land_cover_name":"Built-up","distance_to_industry_km":0.0,"inside_industrial_polygon":1,"nearest_facility_type":"steel_smelter","nearest_facility_name":"Odisha Steel Belt - Angul / Talcher","cluster_id":-1,"cluster_fire_count":1,"total_cluster_frp":2.36,"cluster_convex_hull_area_km2":0.0,"is_outbreak_front":false,"is_persistent_cluster":false}},{"type":"Feature","id":"36e1a2c1f0ccb2b0","geometry":{"type":"Point","coordinates":[81.39036,21.18875]},"properties":{"hotspot_id":"36e1a2c1f0ccb2b0","datetime_utc":"2024-12-30T21:10:00Z","satellite":"NOAA-20","daynight":"N","brightness":300.2,"frp":2.4,"confidence_numeric":60.0,"predicted_class":4,"predicted_label":"Persistent thermal source","confidence_score":0.839,"evidence_scores":{"persistence_30d":-3.5569,"persistence_7d":0.9226,"prior_detections_7d":0.3612},"persistence_7d":2,"persistence_30d":5,"hotspot_density":0,"land_cover_class":50,"land_cover_name":"Built-up","distance_to_industry_km":0.0,"inside_industrial_polygon":1,"nearest_facility_type":"steel_smelter","nearest_facility_name":"Bhilai Steel Plant","cluster_id":-1,"cluster_fire_count":1,"total_cluster_frp":2.4,"cluster_convex_hull_area_km2":0.0,"is_outbreak_front":false,"is_persistent_cluster":false}},{"type":"Feature","id":"96e5207488548371","geometry":{"type":"Point","coordinates":[76.70621,15.14059]},"properties":{"hotspot_id":"96e5207488548371","datetime_utc":"2024-12-30T21:12:00Z","satellite":"NOAA-20","daynight":"N","brightness":299.2,"frp":0.95,"confidence_numeric":60.0,"predicted_class":5,"predicted_label":"Unknown","confidence_score":0.3781,"evidence_scores":{"frp":-4.7154,"frp_density":-0.8212,"distance_to_industry_km":0.4155},"persistence_7d":0,"persistence_30d":0,"hotspot_density":0,"land_cover_class":50,"land_cover_name":"Built-up","distance_to_industry_km":0.0,"inside_industrial_polygon":1,"nearest_facility_type":"steel_smelter","nearest_facility_name":"JSW Vijayanagar (Toranagallu)","cluster_id":-1,"cluster_fire_count":1,"total_cluster_frp":0.95,"cluster_convex_hull_area_km2":0.0,"is_outbreak_front":false,"is_persistent_cluster":false}},{"type":"Feature","id":"8d140d1d93b8d8c5","geometry":{"type":"Point","coordinates":[87.57825,22.21436]},"properties":{"hotspot_id":"8d140d1d93b8d8c5","datetime_utc":"2024-12-31T06:42:00Z","satellite":"NOAA-20","daynight":"D","brightness":326.72,"frp":1.51,"confidence_numeric":60.0,"predicted_class":1,"predicted_label":"Agricultural burning","confidence_score":0.9999,"evidence_scores":{"land_cover_class":2.7059,"distance_to_industry_km":2.0114,"doy_cos":-0.3547},"persistence_7d":0,"persistence_30d":0,"hotspot_density":0,"land_cover_class":30,"land_cover_name":"Grassland","distance_to_industry_km":37.3373,"inside_industrial_polygon":0,"nearest_facility_type":"steel_smelter","nearest_facility_name":"Kharagpur Metallurgical Cluster","cluster_id":-1,"cluster_fire_count":1,"total_cluster_frp":1.51,"cluster_convex_hull_area_km2":0.0,"is_outbreak_front":false,"is_persistent_cluster":false}},{"type":"Feature","id":"1ce5e6f8c40459ea","geometry":{"type":"Point","coordinates":[83.09519,21.58457]},"properties":{"hotspot_id":"1ce5e6f8c40459ea","datetime_utc":"2024-12-31T06:42:00Z","satellite":"NOAA-20","daynight":"D","brightness":336.88,"frp":5.2,"confidence_numeric":60.0,"predicted_class":0,"predicted_label":"Wildfire","confidence_score":0.9999,"evidence_scores":{"land_cover_class":5.0558,"scan":0.1751,"brightness_contrast":0.1605},"persistence_7d":0,"persistence_30d":0,"hotspot_density":0,"land_cover_class":10,"land_cover_name":"Tree cover","distance_to_industry_km":38.7139,"inside_industrial_polygon":0,"nearest_facility_type":"steel_smelter","nearest_facility_name":"Raigarh - Tamnar Industrial Zone","cluster_id":-1,"cluster_fire_count":1,"total_cluster_frp":5.2,"cluster_convex_hull_area_km2":0.0,"is_outbreak_front":false,"is_persistent_cluster":false}},{"type":"Feature","id":"49999bb451902d33","geometry":{"type":"Point","coordinates":[87.04898,21.67485]},"properties":{"hotspot_id":"49999bb451902d33","datetime_utc":"2024-12-31T06:42:00Z","satellite":"NOAA-20","daynight":"D","brightness":332.28,"frp":2.12,"confidence_numeric":60.0,"predicted_class":1,"predicted_label":"Agricultural burning","confidence_score":0.9999,"evidence_scores":{"land_cover_class":2.7064,"distance_to_industry_km":2.4611,"doy_cos":-0.3526},"persistence_7d":0,"persistence_30d":0,"hotspot_density":0,"land_cover_class":30,"land_cover_name":"Grassland","distance_to_industry_km":67.9955,"inside_industrial_polygon":0,"nearest_facility_type":"steel_smelter","nearest_facility_name":"Kharagpur Metallurgical Cluster","cluster_id":-1,"cluster_fire_count":1,"total_cluster_frp":2.12,"cluster_convex_hull_area_km2":0.0,"is_outbreak_front":false,"is_persistent_cluster":false}},{"type":"Feature","id":"68ca66aab25116de","geometry":{"type":"Point","coordinates":[83.69659,21.36651]},"properties":{"hotspot_id":"68ca66aab25116de","datetime_utc":"2024-12-31T06:42:00Z","satellite":"NOAA-20","daynight":"D","brightness":339.05,"frp":6.87,"confidence_numeric":60.0,"predicted_class":1,"predicted_label":"Agricultural burning","confidence_score":0.9998,"evidence_scores":{"land_cover_class":2.7022,"distance_to_industry_km":2.1997,"doy_cos":-0.3635},"persistence_7d":0,"persistence_30d":0,"hotspot_density":0,"land_cover_class":30,"land_cover_name":"Grassland","distance_to_industry_km":44.8539,"inside_industrial_polygon":0,"nearest_facility_type":"steel_smelter","nearest_facility_name":"Odisha Steel Belt - Jharsuguda","cluster_id":-1,"cluster_fire_count":1,"total_cluster_frp":6.87,"cluster_convex_hull_area_km2":0.0,"is_outbreak_front":false,"is_persistent_cluster":false}},{"type":"Feature","id":"d0e3eb6d76f39b15","geometry":{"type":"Point","coordinates":[87.52684,22.2866]},"properties":{"hotspot_id":"d0e3eb6d76f39b15","datetime_utc":"2024-12-31T06:42:00Z","satellite":"NOAA-20","daynight":"D","brightness":336.17,"frp":2.43,"confidence_numeric":60.0,"predicted_class":1,"predicted_label":"Agricultural burning","confidence_score":0.9999,"evidence_scores":{"land_cover_class":2.7023,"distance_to_industry_km":1.968,"doy_cos":-0.3554},"persistence_7d":0,"persistence_30d":0,"hotspot_density":0,"land_cover_class":30,"land_cover_name":"Grassland","distance_to_industry_km":29.8549,"inside_industrial_polygon":0,"nearest_facility_type":"steel_smelter","nearest_facility_name":"Kharagpur Metallurgical Cluster","cluster_id":-1,"cluster_fire_count":1,"total_cluster_frp":2.43,"cluster_convex_hull_area_km2":0.0,"is_outbreak_front":false,"is_persistent_cluster":false}},{"type":"Feature","id":"217464d435d69e3d","geometry":{"type":"Point","coordinates":[83.46182,21.31673]},"properties":{"hotspot_id":"217464d435d69e3d","datetime_utc":"2024-12-31T06:42:00Z","satellite":"NOAA-20","daynight":"D","brightness":342.0,"frp":4.45,"confidence_numeric":60.0,"predicted_class":1,"predicted_label":"Agricultural burning","confidence_score":0.9998,"evidence_scores":{"land_cover_class":2.699,"distance_to_industry_km":2.3583,"doy_cos":-0.3635},"persistence_7d":0,"persistence_30d":0,"hotspot_density":0,"land_cover_class":30,"land_cover_name":"Grassland","distance_to_industry_km":54.4271,"inside_industrial_polygon":0,"nearest_facility_type":"steel_smelter","nearest_facility_name":"Raigarh - Tamnar Industrial Zone","cluster_id":-1,"cluster_fire_count":1,"total_cluster_frp":4.45,"cluster_convex_hull_area_km2":0.0,"is_outbreak_front":false,"is_persistent_cluster":false}},{"type":"Feature","id":"772fa26144e57fc3","geometry":{"type":"Point","coordinates":[82.56841,21.88563]},"properties":{"hotspot_id":"772fa26144e57fc3","datetime_utc":"2024-12-31T06:42:00Z","satellite":"NOAA-20","daynight":"D","brightness":328.38,"frp":4.07,"confidence_numeric":60.0,"predicted_class":0,"predicted_label":"Wildfire","confidence_score":0.9999,"evidence_scores":{"land_cover_class":5.0919,"scan":0.1751,"facility_type_code":-0.1536},"persistence_7d":0,"persistence_30d":0,"hotspot_density":0,"land_cover_class":10,"land_cover_name":"Tree cover","distance_to_industry_km":37.3853,"inside_industrial_polygon":0,"nearest_facility_type":"power_coal","nearest_facility_name":"Korba Coal & Power Complex","cluster_id":-1,"cluster_fire_count":1,"total_cluster_frp":4.07,"cluster_convex_hull_area_km2":0.0,"is_outbreak_front":false,"is_persistent_cluster":false}},{"type":"Feature","id":"9d986d10f6f442df","geometry":{"type":"Point","coordinates":[95.03166,26.39129]},"properties":{"hotspot_id":"9d986d10f6f442df","datetime_utc":"2024-12-31T06:43:00Z","satellite":"NOAA-20","daynight":"D","brightness":351.94,"frp":75.63,"confidence_numeric":60.0,"predicted_class":0,"predicted_label":"Wildfire","confidence_score":0.9997,"evidence_scores":{"land_cover_class":5.0622,"brightness_contrast":0.2062,"track":0.1796},"persistence_7d":0,"persistence_30d":0,"hotspot_density":0,"land_cover_class":10,"land_cover_name":"Tree cover","distance_to_industry_km":58.7858,"inside_industrial_polygon":0,"nearest_facility_type":"oil_gas_flare","nearest_facility_name":"Upper Assam Oil Fields - Lakwa / Geleki","cluster_id":-1,"cluster_fire_count":1,"total_cluster_frp":75.63,"cluster_convex_hull_area_km2":0.0,"is_outbreak_front":false,"is_persistent_cluster":false}},{"type":"Feature","id":"c77b61de279e7949","geometry":{"type":"Point","coordinates":[88.00509,23.80214]},"properties":{"hotspot_id":"c77b61de279e7949","datetime_utc":"2024-12-31T06:43:00Z","satellite":"NOAA-20","daynight":"D","brightness":327.02,"frp":2.82,"confidence_numeric":60.0,"predicted_class":1,"predicted_label":"Agricultural burning","confidence_score":0.9999,"evidence_scores":{"land_cover_class":2.7052,"distance_to_industry_km":2.5114,"doy_cos":-0.3596},"persistence_7d":0,"persistence_30d":0,"hotspot_density":0,"land_cover_class":30,"land_cover_name":"Grassland","distance_to_industry_km":70.4081,"inside_industrial_polygon":0,"nearest_facility_type":"coal_mining_fire","nearest_facility_name":"Raniganj Coalfield / Durgapur","cluster_id":-1,"cluster_fire_count":1,"total_cluster_frp":2.82,"cluster_convex_hull_area_km2":0.0,"is_outbreak_front":false,"is_persistent_cluster":false}},{"type":"Feature","id":"6d06372b0a831821","geometry":{"type":"Point","coordinates":[93.67155,24.6882]},"properties":{"hotspot_id":"6d06372b0a831821","datetime_utc":"2024-12-31T06:43:00Z","satellite":"NOAA-20","daynight":"D","brightness":325.73,"frp":6.39,"confidence_numeric":60.0,"predicted_class":0,"predicted_label":"Wildfire","confidence_score":0.9999,"evidence_scores":{"land_cover_class":5.0788,"distance_to_industry_km":0.9405,"track":0.1898},"persistence_7d":0,"persistence_30d":0,"hotspot_density":0,"land_cover_class":10,"land_cover_name":"Tree cover","distance_to_industry_km":210.8865,"inside_industrial_polygon":0,"nearest_facility_type":"refinery_petrochemical","nearest_facility_name":"Numaligarh Refinery","cluster_id":-1,"cluster_fire_count":1,"total_cluster_frp":6.39,"cluster_convex_hull_area_km2":0.0,"is_outbreak_front":false,"is_persistent_cluster":false}},{"type":"Feature","id":"67f561dd06dda88e","geometry":{"type":"Point","coordinates":[93.06046,27.88821]},"properties":{"hotspot_id":"67f561dd06dda88e","datetime_utc":"2024-12-31T06:43:00Z","satellite":"NOAA-20","daynight":"D","brightness":329.2,"frp":3.1,"confidence_numeric":60.0,"predicted_class":0,"predicted_label":"Wildfire","confidence_score":0.9999,"evidence_scores":{"land_cover_class":5.0481,"distance_to_industry_km":0.5417,"track":0.1898},"persistence_7d":0,"persistence_30d":0,"hotspot_density":0,"land_cover_class":10,"land_cover_name":"Tree cover","distance_to_industry_km":151.7766,"inside_industrial_polygon":0,"nearest_facility_type":"refinery_petrochemical","nearest_facility_name":"Numaligarh Refinery","cluster_id":-1,"cluster_fire_count":1,"total_cluster_frp":3.1,"cluster_convex_hull_area_km2":0.0,"is_outbreak_front":false,"is_persistent_cluster":false}},{"type":"Feature","id":"e7bceb6bb480d688","geometry":{"type":"Point","coordinates":[76.92032,15.48517]},"properties":{"hotspot_id":"e7bceb6bb480d688","datetime_utc":"2024-12-31T08:21:00Z","satellite":"NOAA-20","daynight":"D","brightness":333.22,"frp":2.79,"confidence_numeric":60.0,"predicted_class":1,"predicted_label":"Agricultural burning","confidence_score":0.9998,"evidence_scores":{"land_cover_class":2.7054,"distance_to_industry_km":2.0129,"doy_cos":-0.3718},"persistence_7d":0,"persistence_30d":0,"hotspot_density":0,"land_cover_class":30,"land_cover_name":"Grassland","distance_to_industry_km":35.9406,"inside_industrial_polygon":0,"nearest_facility_type":"steel_smelter","nearest_facility_name":"JSW Vijayanagar (Toranagallu)","cluster_id":-1,"cluster_fire_count":1,"total_cluster_frp":2.79,"cluster_convex_hull_area_km2":0.0,"is_outbreak_front":false,"is_persistent_cluster":false}},{"type":"Feature","id":"592f34fcb90346b7","geometry":{"type":"Point","coordinates":[80.93892,16.85291]},"properties":{"hotspot_id":"592f34fcb90346b7","datetime_utc":"2024-12-31T08:21:00Z","satellite":"NOAA-20","daynight":"D","brightness":340.56,"frp":13.47,"confidence_numeric":60.0,"predicted_class":1,"predicted_label":"Agricultural burning","confidence_score":0.9999,"evidence_scores":{"land_cover_class":2.7051,"distance_to_industry_km":2.5902,"doy_cos":-0.3694},"persistence_7d":0,"persistence_30d":0,"hotspot_density":0,"land_cover_class":40,"land_cover_name":"Cropland","distance_to_industry_km":88.7133,"inside_industrial_polygon":0,"nearest_facility_type":"oil_gas_flare","nearest_facility_name":"KG Basin Onshore - Tatipaka / Narsapur","cluster_id":-1,"cluster_fire_count":1,"total_cluster_frp":13.47,"cluster_convex_hull_area_km2":0.0,"is_outbreak_front":false,"is_persistent_cluster":false}},{"type":"Feature","id":"d6a123c642e27984","geometry":{"type":"Point","coordinates":[75.75776,15.24109]},"properties":{"hotspot_id":"d6a123c642e27984","datetime_utc":"2024-12-31T08:21:00Z","satellite":"NOAA-20","daynight":"D","brightness":336.06,"frp":2.28,"confidence_numeric":60.0,"predicted_class":1,"predicted_label":"Agricultural burning","confidence_score":0.9997,"evidence_scores":{"land_cover_class":2.7055,"distance_to_industry_km":2.4579,"track":-0.4789},"persistence_7d":0,"persistence_30d":0,"hotspot_density":0,"land_cover_class":30,"land_cover_name":"Grassland","distance_to_industry_km":89.048,"inside_industrial_polygon":0,"nearest_facility_type":"steel_smelter","nearest_facility_name":"JSW Vijayanagar (Toranagallu)","cluster_id":-1,"cluster_fire_count":1,"total_cluster_frp":2.28,"cluster_convex_hull_area_km2":0.0,"is_outbreak_front":false,"is_persistent_cluster":false}},{"type":"Feature","id":"5b278199c73f1441","geometry":{"type":"Point","coordinates":[76.66457,15.17033]},"properties":{"hotspot_id":"5b278199c73f1441","datetime_utc":"2024-12-31T08:21:00Z","satellite":"NOAA-20","daynight":"D","brightness":330.64,"frp":2.91,"confidence_numeric":30.0,"predicted_class":5,"predicted_label":"Unknown","confidence_score":0.352,"evidence_scores":{"frp":-4.7164,"frp_density":-0.8213,"distance_to_industry_km":0.4156},"persistence_7d":0,"persistence_30d":2,"hotspot_density":0,"land_cover_class":50,"land_cover_name":"Built-up","distance_to_industry_km":0.0,"inside_industrial_polygon":1,"nearest_facility_type":"steel_smelter","nearest_facility_name":"JSW Vijayanagar (Toranagallu)","cluster_id":-1,"cluster_fire_count":1,"total_cluster_frp":2.91,"cluster_convex_hull_area_km2":0.0,"is_outbreak_front":false,"is_persistent_cluster":false}},{"type":"Feature","id":"1b3b6da5ee794ea6","geometry":{"type":"Point","coordinates":[81.40653,17.10967]},"properties":{"hotspot_id":"1b3b6da5ee794ea6","datetime_utc":"2024-12-31T08:21:00Z","satellite":"NOAA-20","daynight":"D","brightness":339.73,"frp":2.72,"confidence_numeric":60.0,"predicted_class":1,"predicted_label":"Agricultural burning","confidence_score":0.9999,"evidence_scores":{"land_cover_class":2.7092,"distance_to_industry_km":2.4291,"doy_cos":-0.3684},"persistence_7d":0,"persistence_30d":0,"hotspot_density":0,"land_cover_class":40,"land_cover_name":"Cropland","distance_to_industry_km":64.1068,"inside_industrial_polygon":0,"nearest_facility_type":"oil_gas_flare","nearest_facility_name":"KG Basin Onshore - Tatipaka / Narsapur","cluster_id":-1,"cluster_fire_count":1,"total_cluster_frp":2.72,"cluster_convex_hull_area_km2":0.0,"is_outbreak_front":false,"is_persistent_cluster":false}},{"type":"Feature","id":"52b6be5f373f52e2","geometry":{"type":"Point","coordinates":[74.27686,18.35861]},"properties":{"hotspot_id":"52b6be5f373f52e2","datetime_utc":"2024-12-31T08:22:00Z","satellite":"NOAA-20","daynight":"D","brightness":337.93,"frp":2.97,"confidence_numeric":60.0,"predicted_class":1,"predicted_label":"Agricultural burning","confidence_score":0.9999,"evidence_scores":{"land_cover_class":2.7055,"distance_to_industry_km":2.5417,"track":-0.4789},"persistence_7d":0,"persistence_30d":0,"hotspot_density":0,"land_cover_class":30,"land_cover_name":"Grassland","distance_to_industry_km":130.2183,"inside_industrial_polygon":0,"nearest_facility_type":"steel_smelter","nearest_facility_name":"JSW Dolvi Works","cluster_id":-1,"cluster_fire_count":1,"total_cluster_frp":2.97,"cluster_convex_hull_area_km2":0.0,"is_outbreak_front":false,"is_persistent_cluster":false}},{"type":"Feature","id":"928c52ff847eb9a6","geometry":{"type":"Point","coordinates":[75.98577,17.52403]},"properties":{"hotspot_id":"928c52ff847eb9a6","datetime_utc":"2024-12-31T08:22:00Z","satellite":"NOAA-20","daynight":"D","brightness":330.9,"frp":1.04,"confidence_numeric":60.0,"predicted_class":1,"predicted_label":"Agricultural burning","confidence_score":0.9998,"evidence_scores":{"land_cover_class":2.6849,"distance_to_industry_km":2.3397,"doy_cos":-0.3541},"persistence_7d":0,"persistence_30d":0,"hotspot_density":0,"land_cover_class":30,"land_cover_name":"Grassland","distance_to_industry_km":262.3883,"inside_industrial_polygon":0,"nearest_facility_type":"steel_smelter","nearest_facility_name":"JSW Vijayanagar (Toranagallu)","cluster_id":-1,"cluster_fire_count":1,"total_cluster_frp":1.04,"cluster_convex_hull_area_km2":0.0,"is_outbreak_front":false,"is_persistent_cluster":false}},{"type":"Feature","id":"715fce325fe48b8d","geometry":{"type":"Point","coordinates":[74.03991,18.51749]},"properties":{"hotspot_id":"715fce325fe48b8d","datetime_utc":"2024-12-31T08:22:00Z","satellite":"NOAA-20","daynight":"D","brightness":331.14,"frp":1.29,"confidence_numeric":30.0,"predicted_class":1,"predicted_label":"Agricultural burning","confidence_score":0.9999,"evidence_scores":{"land_cover_class":2.7049,"distance_to_industry_km":2.5015,"track":-0.472},"persistence_7d":0,"persistence_30d":0,"hotspot_density":0,"land_cover_class":30,"land_cover_name":"Grassland","distance_to_industry_km":101.9164,"inside_industrial_polygon":0,"nearest_facility_type":"steel_smelter","nearest_facility_name":"JSW Dolvi Works","cluster_id":-1,"cluster_fire_count":1,"total_cluster_frp":1.29,"cluster_convex_hull_area_km2":0.0,"is_outbreak_front":false,"is_persistent_cluster":false}},{"type":"Feature","id":"0e909bceeda6faff","geometry":{"type":"Point","coordinates":[82.48385,20.87009]},"properties":{"hotspot_id":"0e909bceeda6faff","datetime_utc":"2024-12-31T08:22:00Z","satellite":"NOAA-20","daynight":"D","brightness":330.65,"frp":3.67,"confidence_numeric":60.0,"predicted_class":0,"predicted_label":"Wildfire","confidence_score":0.9999,"evidence_scores":{"land_cover_class":5.1288,"distance_to_industry_km":0.3069,"scan":0.1835},"persistence_7d":0,"persistence_30d":1,"hotspot_density":0,"land_cover_class":10,"land_cover_name":"Tree cover","distance_to_industry_km":93.8291,"inside_industrial_polygon":0,"nearest_facility_type":"steel_smelter","nearest_facility_name":"Raipur - Siltara Sponge Iron Cluster","cluster_id":-1,"cluster_fire_count":1,"total_cluster_frp":3.67,"cluster_convex_hull_area_km2":0.0,"is_outbreak_front":false,"is_persistent_cluster":false}},{"type":"Feature","id":"9675a4ae2b549ef3","geometry":{"type":"Point","coordinates":[75.96918,17.58177]},"properties":{"hotspot_id":"9675a4ae2b549ef3","datetime_utc":"2024-12-31T08:22:00Z","satellite":"NOAA-20","daynight":"D","brightness":335.39,"frp":5.62,"confidence_numeric":60.0,"predicted_class":1,"predicted_label":"Agricultural burning","confidence_score":0.9999,"evidence_scores":{"land_cover_class":2.6849,"distance_to_industry_km":2.3721,"doy_cos":-0.3643},"persistence_7d":0,"persistence_30d":0,"hotspot_density":0,"land_cover_class":30,"land_cover_name":"Grassland","distance_to_industry_km":269.0452,"inside_industrial_polygon":0,"nearest_facility_type":"steel_smelter","nearest_facility_name":"JSW Vijayanagar (Toranagallu)","cluster_id":-1,"cluster_fire_count":1,"total_cluster_frp":5.62,"cluster_convex_hull_area_km2":0.0,"is_outbreak_front":false,"is_persistent_cluster":false}},{"type":"Feature","id":"2ee4e0fee07cb230","geometry":{"type":"Point","coordinates":[82.63046,21.83427]},"properties":{"hotspot_id":"2ee4e0fee07cb230","datetime_utc":"2024-12-31T08:23:00Z","satellite":"NOAA-20","daynight":"D","brightness":338.64,"frp":4.55,"confidence_numeric":60.0,"predicted_class":0,"predicted_label":"Wildfire","confidence_score":0.9999,"evidence_scores":{"land_cover_class":5.0828,"scan":0.1835,"brightness_contrast":0.159},"persistence_7d":0,"persistence_30d":0,"hotspot_density":2,"land_cover_class":10,"land_cover_name":"Tree cover","distance_to_industry_km":41.7925,"inside_industrial_polygon":0,"nearest_facility_type":"power_coal","nearest_facility_name":"Korba Coal & Power Complex","cluster_id":-1,"cluster_fire_count":1,"total_cluster_frp":4.55,"cluster_convex_hull_area_km2":0.0,"is_outbreak_front":false,"is_persistent_cluster":false}},{"type":"Feature","id":"7f437d2828dabb4d","geometry":{"type":"Point","coordinates":[82.18775,22.12428]},"properties":{"hotspot_id":"7f437d2828dabb4d","datetime_utc":"2024-12-31T08:23:00Z","satellite":"NOAA-20","daynight":"D","brightness":349.42,"frp":9.17,"confidence_numeric":60.0,"predicted_class":0,"predicted_label":"Wildfire","confidence_score":0.9998,"evidence_scores":{"land_cover_class":5.0736,"brightness_contrast":0.207,"scan":-0.1477},"persistence_7d":0,"persistence_30d":0,"hotspot_density":0,"land_cover_class":10,"land_cover_name":"Tree cover","distance_to_industry_km":42.3926,"inside_industrial_polygon":0,"nearest_facility_type":"power_coal","nearest_facility_name":"Korba Coal & Power Complex","cluster_id":-1,"cluster_fire_count":1,"total_cluster_frp":9.17,"cluster_convex_hull_area_km2":0.0,"is_outbreak_front":false,"is_persistent_cluster":false}},{"type":"Feature","id":"1d1386210be264e9","geometry":{"type":"Point","coordinates":[83.33696,21.6495]},"properties":{"hotspot_id":"1d1386210be264e9","datetime_utc":"2024-12-31T08:23:00Z","satellite":"NOAA-20","daynight":"D","brightness":333.05,"frp":2.87,"confidence_numeric":60.0,"predicted_class":0,"predicted_label":"Wildfire","confidence_score":0.9999,"evidence_scores":{"land_cover_class":5.0777,"distance_to_industry_km":-0.2636,"scan":0.1835},"persistence_7d":0,"persistence_30d":0,"hotspot_density":1,"land_cover_class":10,"land_cover_name":"Tree cover","distance_to_industry_km":19.3936,"inside_industrial_polygon":0,"nearest_facility_type":"steel_smelter","nearest_facility_name":"Raigarh - Tamnar Industrial Zone","cluster_id":-1,"cluster_fire_count":1,"total_cluster_frp":2.87,"cluster_convex_hull_area_km2":0.0,"is_outbreak_front":false,"is_persistent_cluster":false}},{"type":"Feature","id":"8b0093121298fa78","geometry":{"type":"Point","coordinates":[82.64164,21.86391]},"properties":{"hotspot_id":"8b0093121298fa78","datetime_utc":"2024-12-31T08:23:00Z","satellite":"NOAA-20","daynight":"D","brightness":334.0,"frp":3.01,"confidence_numeric":60.0,"predicted_class":0,"predicted_label":"Wildfire","confidence_score":0.9999,"evidence_scores":{"land_cover_class":5.0921,"scan":0.1835,"distance_to_industry_km":-0.1398},"persistence_7d":0,"persistence_30d":1,"hotspot_density":2,"land_cover_class":10,"land_cover_name":"Tree cover","distance_to_industry_km":38.3842,"inside_industrial_polygon":0,"nearest_facility_type":"power_coal","nearest_facility_name":"Korba Coal & Power Complex","cluster_id":-1,"cluster_fire_count":1,"total_cluster_frp":3.01,"cluster_convex_hull_area_km2":0.0,"is_outbreak_front":false,"is_persistent_cluster":false}},{"type":"Feature","id":"9135e81e1637a417","geometry":{"type":"Point","coordinates":[82.88313,21.26331]},"properties":{"hotspot_id":"9135e81e1637a417","datetime_utc":"2024-12-31T08:23:00Z","satellite":"NOAA-20","daynight":"D","brightness":329.98,"frp":4.59,"confidence_numeric":60.0,"predicted_class":0,"predicted_label":"Wildfire","confidence_score":0.9999,"evidence_scores":{"land_cover_class":5.1369,"distance_to_industry_km":0.2006,"scan":0.1835},"persistence_7d":0,"persistence_30d":0,"hotspot_density":0,"land_cover_class":10,"land_cover_name":"Tree cover","distance_to_industry_km":80.2533,"inside_industrial_polygon":0,"nearest_facility_type":"steel_smelter","nearest_facility_name":"Raigarh - Tamnar Industrial Zone","cluster_id":-1,"cluster_fire_count":1,"total_cluster_frp":4.59,"cluster_convex_hull_area_km2":0.0,"is_outbreak_front":false,"is_persistent_cluster":false}},{"type":"Feature","id":"9514b14d52a20ed5","geometry":{"type":"Point","coordinates":[82.75375,21.93907]},"properties":{"hotspot_id":"9514b14d52a20ed5","datetime_utc":"2024-12-31T08:23:00Z","satellite":"NOAA-20","daynight":"D","brightness":339.23,"frp":2.53,"confidence_numeric":60.0,"predicted_class":0,"predicted_label":"Wildfire","confidence_score":0.9999,"evidence_scores":{"land_cover_class":5.0698,"scan":0.1835,"distance_to_industry_km":-0.1824},"persistence_7d":0,"persistence_30d":0,"hotspot_density":0,"land_cover_class":10,"land_cover_name":"Tree cover","distance_to_industry_km":30.0275,"inside_industrial_polygon":0,"nearest_facility_type":"power_coal","nearest_facility_name":"Korba Coal & Power Complex","cluster_id":-1,"cluster_fire_count":1,"total_cluster_frp":2.53,"cluster_convex_hull_area_km2":0.0,"is_outbreak_front":false,"is_persistent_cluster":false}},{"type":"Feature","id":"725fe0d90ee10e04","geometry":{"type":"Point","coordinates":[83.35722,21.66399]},"properties":{"hotspot_id":"725fe0d90ee10e04","datetime_utc":"2024-12-31T08:23:00Z","satellite":"NOAA-20","daynight":"D","brightness":339.46,"frp":8.03,"confidence_numeric":60.0,"predicted_class":0,"predicted_label":"Wildfire","confidence_score":0.9998,"evidence_scores":{"land_cover_class":5.0451,"distance_to_industry_km":-0.2632,"scan":0.1835},"persistence_7d":1,"persistence_30d":1,"hotspot_density":1,"land_cover_class":10,"land_cover_name":"Tree cover","distance_to_industry_km":17.214,"inside_industrial_polygon":0,"nearest_facility_type":"steel_smelter","nearest_facility_name":"Raigarh - Tamnar Industrial Zone","cluster_id":-1,"cluster_fire_count":1,"total_cluster_frp":8.03,"cluster_convex_hull_area_km2":0.0,"is_outbreak_front":false,"is_persistent_cluster":false}},{"type":"Feature","id":"6adf86d8e5f24902","geometry":{"type":"Point","coordinates":[82.8191,21.93292]},"properties":{"hotspot_id":"6adf86d8e5f24902","datetime_utc":"2024-12-31T08:23:00Z","satellite":"NOAA-20","daynight":"D","brightness":355.16,"frp":6.67,"confidence_numeric":60.0,"predicted_class":0,"predicted_label":"Wildfire","confidence_score":0.9999,"evidence_scores":{"land_cover_class":5.067,"brightness_contrast":0.207,"scan":0.1835},"persistence_7d":0,"persistence_30d":0,"hotspot_density":0,"land_cover_class":10,"land_cover_name":"Tree cover","distance_to_industry_km":31.9721,"inside_industrial_polygon":0,"nearest_facility_type":"power_coal","nearest_facility_name":"Korba Coal & Power Complex","cluster_id":-1,"cluster_fire_count":1,"total_cluster_frp":6.67,"cluster_convex_hull_area_km2":0.0,"is_outbreak_front":false,"is_persistent_cluster":false}},{"type":"Feature","id":"1a9ba8c5c82a5838","geometry":{"type":"Point","coordinates":[82.37396,21.98726]},"properties":{"hotspot_id":"1a9ba8c5c82a5838","datetime_utc":"2024-12-31T08:23:00Z","satellite":"NOAA-20","daynight":"D","brightness":347.18,"frp":8.54,"confidence_numeric":60.0,"predicted_class":0,"predicted_label":"Wildfire","confidence_score":0.9998,"evidence_scores":{"land_cover_class":5.067,"brightness_contrast":0.207,"scan":0.1835},"persistence_7d":0,"persistence_30d":1,"hotspot_density":0,"land_cover_class":10,"land_cover_name":"Tree cover","distance_to_industry_km":36.4797,"inside_industrial_polygon":0,"nearest_facility_type":"power_coal","nearest_facility_name":"Korba Coal & Power Complex","cluster_id":-1,"cluster_fire_count":1,"total_cluster_frp":8.54,"cluster_convex_hull_area_km2":0.0,"is_outbreak_front":false,"is_persistent_cluster":false}},{"type":"Feature","id":"9bc80b8ef743ae0b","geometry":{"type":"Point","coordinates":[82.79744,21.86529]},"properties":{"hotspot_id":"9bc80b8ef743ae0b","datetime_utc":"2024-12-31T08:23:00Z","satellite":"NOAA-20","daynight":"D","brightness":339.22,"frp":4.82,"confidence_numeric":60.0,"predicted_class":0,"predicted_label":"Wildfire","confidence_score":0.9999,"evidence_scores":{"land_cover_class":5.089,"scan":0.1835,"brightness_contrast":0.159},"persistence_7d":0,"persistence_30d":0,"hotspot_density":0,"land_cover_class":10,"land_cover_name":"Tree cover","distance_to_industry_km":38.8242,"inside_industrial_polygon":0,"nearest_facility_type":"power_coal","nearest_facility_name":"Korba Coal & Power Complex","cluster_id":-1,"cluster_fire_count":1,"total_cluster_frp":4.82,"cluster_convex_hull_area_km2":0.0,"is_outbreak_front":false,"is_persistent_cluster":false}},{"type":"Feature","id":"781c1ae9bcc2811d","geometry":{"type":"Point","coordinates":[82.64109,21.86979]},"properties":{"hotspot_id":"781c1ae9bcc2811d","datetime_utc":"2024-12-31T08:23:00Z","satellite":"NOAA-20","daynight":"D","brightness":331.7,"frp":3.12,"confidence_numeric":60.0,"predicted_class":0,"predicted_label":"Wildfire","confidence_score":0.9999,"evidence_scores":{"land_cover_class":5.0921,"scan":0.1835,"distance_to_industry_km":-0.1398},"persistence_7d":0,"persistence_30d":1,"hotspot_density":2,"land_cover_class":10,"land_cover_name":"Tree cover","distance_to_industry_km":37.7408,"inside_industrial_polygon":0,"nearest_facility_type":"power_coal","nearest_facility_name":"Korba Coal & Power Complex","cluster_id":-1,"cluster_fire_count":1,"total_cluster_frp":3.12,"cluster_convex_hull_area_km2":0.0,"is_outbreak_front":false,"is_persistent_cluster":false}},{"type":"Feature","id":"9aa995f6c138e2ff","geometry":{"type":"Point","coordinates":[69.60293,23.05607]},"properties":{"hotspot_id":"9aa995f6c138e2ff","datetime_utc":"2024-12-31T08:24:00Z","satellite":"NOAA-20","daynight":"D","brightness":336.04,"frp":0.96,"confidence_numeric":60.0,"predicted_class":1,"predicted_label":"Agricultural burning","confidence_score":0.9998,"evidence_scores":{"land_cover_class":2.7049,"distance_to_industry_km":1.9935,"track":-0.461},"persistence_7d":0,"persistence_30d":0,"hotspot_density":0,"land_cover_class":30,"land_cover_name":"Grassland","distance_to_industry_km":20.9851,"inside_industrial_polygon":0,"nearest_facility_type":"power_coal","nearest_facility_name":"Mundra Port & Power Complex","cluster_id":-1,"cluster_fire_count":1,"total_cluster_frp":0.96,"cluster_convex_hull_area_km2":0.0,"is_outbreak_front":false,"is_persistent_cluster":false}},{"type":"Feature","id":"c2a4a595d087ed2e","geometry":{"type":"Point","coordinates":[74.01094,33.74549]},"properties":{"hotspot_id":"c2a4a595d087ed2e","datetime_utc":"2024-12-31T08:26:00Z","satellite":"NOAA-20","daynight":"D","brightness":349.42,"frp":6.92,"confidence_numeric":60.0,"predicted_class":1,"predicted_label":"Agricultural burning","confidence_score":0.9994,"evidence_scores":{"land_cover_class":2.6502,"distance_to_industry_km":2.2385,"brightness":-0.534},"persistence_7d":0,"persistence_30d":0,"hotspot_density":0,"land_cover_class":30,"land_cover_name":"Grassland","distance_to_industry_km":401.9483,"inside_industrial_polygon":0,"nearest_facility_type":"refinery_petrochemical","nearest_facility_name":"Guru Gobind Singh Refinery (Bathinda)","cluster_id":-1,"cluster_fire_count":1,"total_cluster_frp":6.92,"cluster_convex_hull_area_km2":0.0,"is_outbreak_front":false,"is_persistent_cluster":false}},{"type":"Feature","id":"f184facd480eaec9","geometry":{"type":"Point","coordinates":[95.4221,27.47063]},"properties":{"hotspot_id":"f184facd480eaec9","datetime_utc":"2024-12-31T19:09:00Z","satellite":"NOAA-20","daynight":"N","brightness":312.74,"frp":1.29,"confidence_numeric":60.0,"predicted_class":5,"predicted_label":"Unknown","confidence_score":0.4565,"evidence_scores":{"frp":-4.7309,"frp_density":-0.8212,"distance_to_industry_km":0.4266},"persistence_7d":0,"persistence_30d":1,"hotspot_density":0,"land_cover_class":50,"land_cover_name":"Built-up","distance_to_industry_km":0.0,"inside_industrial_polygon":1,"nearest_facility_type":"oil_gas_flare","nearest_facility_name":"Upper Assam Oil Fields - Duliajan / Digboi","cluster_id":-1,"cluster_fire_count":1,"total_cluster_frp":1.29,"cluster_convex_hull_area_km2":0.0,"is_outbreak_front":false,"is_persistent_cluster":false}},{"type":"Feature","id":"a4930e6040d3b8ec","geometry":{"type":"Point","coordinates":[85.28881,23.69821]},"properties":{"hotspot_id":"a4930e6040d3b8ec","datetime_utc":"2024-12-31T19:10:00Z","satellite":"NOAA-20","daynight":"N","brightness":298.08,"frp":1.14,"confidence_numeric":60.0,"predicted_class":5,"predicted_label":"Unknown","confidence_score":0.3831,"evidence_scores":{"frp":-4.7347,"frp_density":-0.8212,"distance_to_industry_km":0.4155},"persistence_7d":0,"persistence_30d":1,"hotspot_density":0,"land_cover_class":50,"land_cover_name":"Built-up","distance_to_industry_km":0.0,"inside_industrial_polygon":1,"nearest_facility_type":"steel_smelter","nearest_facility_name":"Ramgarh - Hazaribagh Sponge Iron Belt","cluster_id":-1,"cluster_fire_count":1,"total_cluster_frp":1.14,"cluster_convex_hull_area_km2":0.0,"is_outbreak_front":false,"is_persistent_cluster":false}},{"type":"Feature","id":"0a1a2349a3375cab","geometry":{"type":"Point","coordinates":[86.38857,23.78142]},"properties":{"hotspot_id":"0a1a2349a3375cab","datetime_utc":"2024-12-31T19:10:00Z","satellite":"NOAA-20","daynight":"N","brightness":328.14,"frp":2.07,"confidence_numeric":60.0,"predicted_class":4,"predicted_label":"Persistent thermal source","confidence_score":0.9999,"evidence_scores":{"persistence_30d":4.374,"persistence_7d":1.0851,"prior_detections_7d":0.3884},"persistence_7d":4,"persistence_30d":11,"hotspot_density":3,"land_cover_class":50,"land_cover_name":"Built-up","distance_to_industry_km":0.0,"inside_industrial_polygon":1,"nearest_facility_type":"coal_mining_fire","nearest_facility_name":"Jharia Coalfield (Dhanbad)","cluster_id":1883,"cluster_fire_count":4,"total_cluster_frp":7.02,"cluster_convex_hull_area_km2":1.8144,"is_outbreak_front":false,"is_persistent_cluster":false}},{"type":"Feature","id":"9e6a614c09cda992","geometry":{"type":"Point","coordinates":[86.37216,23.76852]},"properties":{"hotspot_id":"9e6a614c09cda992","datetime_utc":"2024-12-31T19:10:00Z","satellite":"NOAA-20","daynight":"N","brightness":298.11,"frp":0.99,"confidence_numeric":60.0,"predicted_class":5,"predicted_label":"Unknown","confidence_score":0.338,"evidence_scores":{"frp":-4.7347,"frp_density":-0.8212,"distance_to_industry_km":0.399},"persistence_7d":0,"persistence_30d":3,"hotspot_density":3,"land_cover_class":50,"land_cover_name":"Built-up","distance_to_industry_km":0.0,"inside_industrial_polygon":1,"nearest_facility_type":"coal_mining_fire","nearest_facility_name":"Jharia Coalfield (Dhanbad)","cluster_id":1883,"cluster_fire_count":4,"total_cluster_frp":7.02,"cluster_convex_hull_area_km2":1.8144,"is_outbreak_front":false,"is_persistent_cluster":false}},{"type":"Feature","id":"5875650b1f4ba586","geometry":{"type":"Point","coordinates":[86.05928,22.87864]},"properties":{"hotspot_id":"5875650b1f4ba586","datetime_utc":"2024-12-31T19:10:00Z","satellite":"NOAA-20","daynight":"N","brightness":296.38,"frp":0.41,"confidence_numeric":60.0,"predicted_class":0,"predicted_label":"Wildfire","confidence_score":0.9998,"evidence_scores":{"land_cover_class":4.9516,"distance_to_industry_km":-0.1904,"local_hour":0.1887},"persistence_7d":0,"persistence_30d":2,"hotspot_density":0,"land_cover_class":10,"land_cover_name":"Tree cover","distance_to_industry_km":9.4676,"inside_industrial_polygon":0,"nearest_facility_type":"steel_smelter","nearest_facility_name":"Jamshedpur Steel Works","cluster_id":-1,"cluster_fire_count":1,"total_cluster_frp":0.41,"cluster_convex_hull_area_km2":0.0,"is_outbreak_front":false,"is_persistent_cluster":false}},{"type":"Feature","id":"79da6af75ccac9cf","geometry":{"type":"Point","coordinates":[86.78552,23.61677]},"properties":{"hotspot_id":"79da6af75ccac9cf","datetime_utc":"2024-12-31T19:10:00Z","satellite":"NOAA-20","daynight":"N","brightness":298.48,"frp":1.14,"confidence_numeric":60.0,"predicted_class":1,"predicted_label":"Agricultural burning","confidence_score":0.9995,"evidence_scores":{"land_cover_class":2.6407,"distance_to_industry_km":1.8835,"local_hour":-0.8147},"persistence_7d":0,"persistence_30d":0,"hotspot_density":0,"land_cover_class":30,"land_cover_name":"Grassland","distance_to_industry_km":24.1915,"inside_industrial_polygon":0,"nearest_facility_type":"coal_mining_fire","nearest_facility_name":"Raniganj Coalfield / Durgapur","cluster_id":-1,"cluster_fire_count":1,"total_cluster_frp":1.14,"cluster_convex_hull_area_km2":0.0,"is_outbreak_front":false,"is_persistent_cluster":false}},{"type":"Feature","id":"06b6e0bf2cbb55b7","geometry":{"type":"Point","coordinates":[86.38632,23.68715]},"properties":{"hotspot_id":"06b6e0bf2cbb55b7","datetime_utc":"2024-12-31T19:10:00Z","satellite":"NOAA-20","daynight":"N","brightness":301.79,"frp":2.13,"confidence_numeric":60.0,"predicted_class":4,"predicted_label":"Persistent thermal source","confidence_score":0.9999,"evidence_scores":{"persistence_30d":4.374,"persistence_7d":0.9226,"prior_detections_7d":0.3884},"persistence_7d":2,"persistence_30d":11,"hotspot_density":1,"land_cover_class":50,"land_cover_name":"Built-up","distance_to_industry_km":0.0,"inside_industrial_polygon":1,"nearest_facility_type":"coal_mining_fire","nearest_facility_name":"Jharia Coalfield (Dhanbad)","cluster_id":-1,"cluster_fire_count":1,"total_cluster_frp":2.13,"cluster_convex_hull_area_km2":0.0,"is_outbreak_front":false,"is_persistent_cluster":false}},{"type":"Feature","id":"1e5c59282c5439a2","geometry":{"type":"Point","coordinates":[86.36267,23.77804]},"properties":{"hotspot_id":"1e5c59282c5439a2","datetime_utc":"2024-12-31T19:10:00Z","satellite":"NOAA-20","daynight":"N","brightness":324.75,"frp":2.37,"confidence_numeric":60.0,"predicted_class":4,"predicted_label":"Persistent thermal source","confidence_score":0.8331,"evidence_scores":{"persistence_30d":-3.5569,"persistence_7d":0.9226,"prior_detections_7d":0.3612},"persistence_7d":1,"persistence_30d":6,"hotspot_density":3,"land_cover_class":50,"land_cover_name":"Built-up","distance_to_industry_km":0.0,"inside_industrial_polygon":1,"nearest_facility_type":"coal_mining_fire","nearest_facility_name":"Jharia Coalfield (Dhanbad)","cluster_id":1883,"cluster_fire_count":4,"total_cluster_frp":7.02,"cluster_convex_hull_area_km2":1.8144,"is_outbreak_front":false,"is_persistent_cluster":false}},{"type":"Feature","id":"0ff90e1bc29711fe","geometry":{"type":"Point","coordinates":[84.87249,22.21451]},"properties":{"hotspot_id":"0ff90e1bc29711fe","datetime_utc":"2024-12-31T19:11:00Z","satellite":"NOAA-20","daynight":"N","brightness":304.01,"frp":1.95,"confidence_numeric":60.0,"predicted_class":4,"predicted_label":"Persistent thermal source","confidence_score":0.8475,"evidence_scores":{"persistence_30d":-3.5569,"persistence_7d":0.9226,"prior_detections_7d":0.3612},"persistence_7d":1,"persistence_30d":1,"hotspot_density":0,"land_cover_class":50,"land_cover_name":"Built-up","distance_to_industry_km":0.0,"inside_industrial_polygon":1,"nearest_facility_type":"steel_smelter","nearest_facility_name":"Rourkela Steel Plant","cluster_id":-1,"cluster_fire_count":1,"total_cluster_frp":1.95,"cluster_convex_hull_area_km2":0.0,"is_outbreak_front":false,"is_persistent_cluster":false}},{"type":"Feature","id":"d96ec57a08f36692","geometry":{"type":"Point","coordinates":[82.66274,22.00778]},"properties":{"hotspot_id":"d96ec57a08f36692","datetime_utc":"2024-12-31T19:11:00Z","satellite":"NOAA-20","daynight":"N","brightness":304.24,"frp":2.79,"confidence_numeric":60.0,"predicted_class":0,"predicted_label":"Wildfire","confidence_score":0.9999,"evidence_scores":{"land_cover_class":4.9827,"local_hour":0.2613,"distance_to_industry_km":-0.2012},"persistence_7d":1,"persistence_30d":3,"hotspot_density":0,"land_cover_class":10,"land_cover_name":"Tree cover","distance_to_industry_km":22.2461,"inside_industrial_polygon":0,"nearest_facility_type":"power_coal","nearest_facility_name":"Korba Coal & Power Complex","cluster_id":-1,"cluster_fire_count":1,"total_cluster_frp":2.79,"cluster_convex_hull_area_km2":0.0,"is_outbreak_front":false,"is_persistent_cluster":false}},{"type":"Feature","id":"2a34a498fffb0f4c","geometry":{"type":"Point","coordinates":[85.9996,20.97451]},"properties":{"hotspot_id":"2a34a498fffb0f4c","datetime_utc":"2024-12-31T19:11:00Z","satellite":"NOAA-20","daynight":"N","brightness":306.43,"frp":0.94,"confidence_numeric":60.0,"predicted_class":0,"predicted_label":"Wildfire","confidence_score":0.9999,"evidence_scores":{"land_cover_class":4.9798,"distance_to_industry_km":0.2755,"bright_t31":-0.1785},"persistence_7d":0,"persistence_30d":1,"hotspot_density":2,"land_cover_class":10,"land_cover_name":"Tree cover","distance_to_industry_km":74.4618,"inside_industrial_polygon":0,"nearest_facility_type":"steel_smelter","nearest_facility_name":"Odisha Steel Belt - Angul / Talcher","cluster_id":1884,"cluster_fire_count":3,"total_cluster_frp":11.22,"cluster_convex_hull_area_km2":0.0418,"is_outbreak_front":false,"is_persistent_cluster":false}},{"type":"Feature","id":"1acda9727219955e","geometry":{"type":"Point","coordinates":[86.3886,23.77805]},"properties":{"hotspot_id":"1acda9727219955e","datetime_utc":"2024-12-31T20:50:00Z","satellite":"NOAA-20","daynight":"N","brightness":300.48,"frp":1.59,"confidence_numeric":60.0,"predicted_class":4,"predicted_label":"Persistent thermal source","confidence_score":0.9999,"evidence_scores":{"persistence_30d":4.374,"persistence_7d":1.0851,"prior_detections_7d":0.3884},"persistence_7d":4,"persistence_30d":12,"hotspot_density":3,"land_cover_class":50,"land_cover_name":"Built-up","distance_to_industry_km":0.0,"inside_industrial_polygon":1,"nearest_facility_type":"coal_mining_fire","nearest_facility_name":"Jharia Coalfield (Dhanbad)","cluster_id":1883,"cluster_fire_count":4,"total_cluster_frp":7.02,"cluster_convex_hull_area_km2":1.8144,"is_outbreak_front":false,"is_persistent_cluster":false}},{"type":"Feature","id":"a10c946a35c61dfa","geometry":{"type":"Point","coordinates":[74.60939,24.76409]},"properties":{"hotspot_id":"a10c946a35c61dfa","datetime_utc":"2024-12-31T20:51:00Z","satellite":"NOAA-20","daynight":"N","brightness":306.91,"frp":1.36,"confidence_numeric":60.0,"predicted_class":1,"predicted_label":"Agricultural burning","confidence_score":0.9978,"evidence_scores":{"land_cover_class":2.6188,"distance_to_industry_km":2.1157,"local_hour":-0.7714},"persistence_7d":0,"persistence_30d":0,"hotspot_density":0,"land_cover_class":30,"land_cover_name":"Grassland","distance_to_industry_km":249.4067,"inside_industrial_polygon":0,"nearest_facility_type":"oil_gas_flare","nearest_facility_name":"Mehsana - Kalol Oil Field","cluster_id":-1,"cluster_fire_count":1,"total_cluster_frp":1.36,"cluster_convex_hull_area_km2":0.0,"is_outbreak_front":false,"is_persistent_cluster":false}},{"type":"Feature","id":"8e6d3649bd18a9f2","geometry":{"type":"Point","coordinates":[70.48831,23.31607]},"properties":{"hotspot_id":"8e6d3649bd18a9f2","datetime_utc":"2024-12-31T20:51:00Z","satellite":"NOAA-20","daynight":"N","brightness":307.92,"frp":1.27,"confidence_numeric":60.0,"predicted_class":1,"predicted_label":"Agricultural burning","confidence_score":0.9923,"evidence_scores":{"distance_to_industry_km":2.3628,"local_hour":-0.8196,"land_cover_class":0.8175},"persistence_7d":1,"persistence_30d":3,"hotspot_density":0,"land_cover_class":60,"land_cover_name":"Bare / sparse vegetation","distance_to_industry_km":103.8429,"inside_industrial_polygon":0,"nearest_facility_type":"power_coal","nearest_facility_name":"Mundra Port & Power Complex","cluster_id":-1,"cluster_fire_count":1,"total_cluster_frp":1.27,"cluster_convex_hull_area_km2":0.0,"is_outbreak_front":false,"is_persistent_cluster":false}},{"type":"Feature","id":"1d7b5b10c926f27c","geometry":{"type":"Point","coordinates":[84.0202,21.76445]},"properties":{"hotspot_id":"1d7b5b10c926f27c","datetime_utc":"2024-12-31T20:51:00Z","satellite":"NOAA-20","daynight":"N","brightness":301.5,"frp":2.47,"confidence_numeric":60.0,"predicted_class":4,"predicted_label":"Persistent thermal source","confidence_score":0.9999,"evidence_scores":{"persistence_30d":4.374,"persistence_7d":0.9226,"prior_detections_7d":0.3612},"persistence_7d":1,"persistence_30d":10,"hotspot_density":0,"land_cover_class":50,"land_cover_name":"Built-up","distance_to_industry_km":0.0,"inside_industrial_polygon":1,"nearest_facility_type":"steel_smelter","nearest_facility_name":"Odisha Steel Belt - Jharsuguda","cluster_id":-1,"cluster_fire_count":1,"total_cluster_frp":2.47,"cluster_convex_hull_area_km2":0.0,"is_outbreak_front":false,"is_persistent_cluster":false}},{"type":"Feature","id":"1fcbb58456255bce","geometry":{"type":"Point","coordinates":[86.01536,20.97154]},"properties":{"hotspot_id":"1fcbb58456255bce","datetime_utc":"2024-12-31T20:51:00Z","satellite":"NOAA-20","daynight":"N","brightness":302.33,"frp":4.68,"confidence_numeric":60.0,"predicted_class":0,"predicted_label":"Wildfire","confidence_score":0.9999,"evidence_scores":{"land_cover_class":5.0522,"distance_to_industry_km":0.2746,"local_hour":0.2696},"persistence_7d":0,"persistence_30d":3,"hotspot_density":2,"land_cover_class":10,"land_cover_name":"Tree cover","distance_to_industry_km":76.0353,"inside_industrial_polygon":0,"nearest_facility_type":"steel_smelter","nearest_facility_name":"Odisha Steel Belt - Angul / Talcher","cluster_id":1884,"cluster_fire_count":3,"total_cluster_frp":11.22,"cluster_convex_hull_area_km2":0.0418,"is_outbreak_front":false,"is_persistent_cluster":false}},{"type":"Feature","id":"b2ec5c86e94551e5","geometry":{"type":"Point","coordinates":[86.39031,23.68303]},"properties":{"hotspot_id":"b2ec5c86e94551e5","datetime_utc":"2024-12-31T20:51:00Z","satellite":"NOAA-20","daynight":"N","brightness":307.22,"frp":2.12,"confidence_numeric":60.0,"predicted_class":4,"predicted_label":"Persistent thermal source","confidence_score":0.9999,"evidence_scores":{"persistence_30d":4.374,"persistence_7d":0.9226,"prior_detections_7d":0.3884},"persistence_7d":2,"persistence_30d":12,"hotspot_density":1,"land_cover_class":50,"land_cover_name":"Built-up","distance_to_industry_km":0.0,"inside_industrial_polygon":1,"nearest_facility_type":"coal_mining_fire","nearest_facility_name":"Jharia Coalfield (Dhanbad)","cluster_id":-1,"cluster_fire_count":1,"total_cluster_frp":2.12,"cluster_convex_hull_area_km2":0.0,"is_outbreak_front":false,"is_persistent_cluster":false}},{"type":"Feature","id":"9209147389ede608","geometry":{"type":"Point","coordinates":[82.5313,22.3177]},"properties":{"hotspot_id":"9209147389ede608","datetime_utc":"2024-12-31T20:51:00Z","satellite":"NOAA-20","daynight":"N","brightness":300.45,"frp":1.22,"confidence_numeric":60.0,"predicted_class":0,"predicted_label":"Wildfire","confidence_score":0.9994,"evidence_scores":{"land_cover_class":4.9795,"distance_to_industry_km":-1.5856,"scan":0.1835},"persistence_7d":0,"persistence_30d":2,"hotspot_density":0,"land_cover_class":10,"land_cover_name":"Tree cover","distance_to_industry_km":1.7193,"inside_industrial_polygon":0,"nearest_facility_type":"power_coal","nearest_facility_name":"Korba Coal & Power Complex","cluster_id":-1,"cluster_fire_count":1,"total_cluster_frp":1.22,"cluster_convex_hull_area_km2":0.0,"is_outbreak_front":false,"is_persistent_cluster":false}},{"type":"Feature","id":"880c1d12908cd45c","geometry":{"type":"Point","coordinates":[86.2077,22.79783]},"properties":{"hotspot_id":"880c1d12908cd45c","datetime_utc":"2024-12-31T20:51:00Z","satellite":"NOAA-20","daynight":"N","brightness":313.63,"frp":2.11,"confidence_numeric":60.0,"predicted_class":5,"predicted_label":"Unknown","confidence_score":0.3539,"evidence_scores":{"frp":-4.7347,"frp_density":-0.8212,"distance_to_industry_km":0.399},"persistence_7d":0,"persistence_30d":5,"hotspot_density":0,"land_cover_class":50,"land_cover_name":"Built-up","distance_to_industry_km":0.0,"inside_industrial_polygon":1,"nearest_facility_type":"steel_smelter","nearest_facility_name":"Jamshedpur Steel Works","cluster_id":-1,"cluster_fire_count":1,"total_cluster_frp":2.11,"cluster_convex_hull_area_km2":0.0,"is_outbreak_front":false,"is_persistent_cluster":false}},{"type":"Feature","id":"fb014d06a7e25ce1","geometry":{"type":"Point","coordinates":[86.00792,20.97342]},"properties":{"hotspot_id":"fb014d06a7e25ce1","datetime_utc":"2024-12-31T20:51:00Z","satellite":"NOAA-20","daynight":"N","brightness":302.03,"frp":5.6,"confidence_numeric":60.0,"predicted_class":0,"predicted_label":"Wildfire","confidence_score":0.9999,"evidence_scores":{"land_cover_class":5.0641,"distance_to_industry_km":0.2752,"local_hour":0.269},"persistence_7d":0,"persistence_30d":3,"hotspot_density":2,"land_cover_class":10,"land_cover_name":"Tree cover","distance_to_industry_km":75.2996,"inside_industrial_polygon":0,"nearest_facility_type":"steel_smelter","nearest_facility_name":"Odisha Steel Belt - Angul / Talcher","cluster_id":1884,"cluster_fire_count":3,"total_cluster_frp":11.22,"cluster_convex_hull_area_km2":0.0418,"is_outbreak_front":false,"is_persistent_cluster":false}},{"type":"Feature","id":"8dd60e428feb5526","geometry":{"type":"Point","coordinates":[85.89697,22.57095]},"properties":{"hotspot_id":"8dd60e428feb5526","datetime_utc":"2024-12-31T20:51:00Z","satellite":"NOAA-20","daynight":"N","brightness":296.68,"frp":2.09,"confidence_numeric":60.0,"predicted_class":1,"predicted_label":"Agricultural burning","confidence_score":0.9986,"evidence_scores":{"land_cover_class":2.64,"distance_to_industry_km":1.8931,"local_hour":-0.7309},"persistence_7d":1,"persistence_30d":3,"hotspot_density":0,"land_cover_class":30,"land_cover_name":"Grassland","distance_to_industry_km":31.4949,"inside_industrial_polygon":0,"nearest_facility_type":"steel_smelter","nearest_facility_name":"Jamshedpur Steel Works","cluster_id":-1,"cluster_fire_count":1,"total_cluster_frp":2.09,"cluster_convex_hull_area_km2":0.0,"is_outbreak_front":false,"is_persistent_cluster":false}},{"type":"Feature","id":"b63c44eb9897a966","geometry":{"type":"Point","coordinates":[69.85469,22.34152]},"properties":{"hotspot_id":"b63c44eb9897a966","datetime_utc":"2024-12-31T20:52:00Z","satellite":"NOAA-20","daynight":"N","brightness":307.14,"frp":1.23,"confidence_numeric":60.0,"predicted_class":5,"predicted_label":"Unknown","confidence_score":0.4491,"evidence_scores":{"frp":-4.6931,"frp_density":-0.8212,"distance_to_industry_km":0.4323},"persistence_7d":0,"persistence_30d":0,"hotspot_density":0,"land_cover_class":50,"land_cover_name":"Built-up","distance_to_industry_km":0.0,"inside_industrial_polygon":1,"nearest_facility_type":"refinery_petrochemical","nearest_facility_name":"Jamnagar Refining Complex","cluster_id":-1,"cluster_fire_count":1,"total_cluster_frp":1.23,"cluster_convex_hull_area_km2":0.0,"is_outbreak_front":false,"is_persistent_cluster":false}},{"type":"Feature","id":"fa06505ae78c87aa","geometry":{"type":"Point","coordinates":[73.43418,16.58814]},"properties":{"hotspot_id":"fa06505ae78c87aa","datetime_utc":"2024-12-31T20:53:00Z","satellite":"NOAA-20","daynight":"N","brightness":330.03,"frp":2.92,"confidence_numeric":60.0,"predicted_class":1,"predicted_label":"Agricultural burning","confidence_score":0.9986,"evidence_scores":{"land_cover_class":2.7036,"distance_to_industry_km":2.208,"local_hour":-0.7359},"persistence_7d":0,"persistence_30d":0,"hotspot_density":0,"land_cover_class":30,"land_cover_name":"Grassland","distance_to_industry_km":231.3249,"inside_industrial_polygon":0,"nearest_facility_type":"steel_smelter","nearest_facility_name":"JSW Dolvi Works","cluster_id":-1,"cluster_fire_count":1,"total_cluster_frp":2.92,"cluster_convex_hull_area_km2":0.0,"is_outbreak_front":false,"is_persistent_cluster":false}},{"type":"Feature","id":"d6a7507eeb599ba8","geometry":{"type":"Point","coordinates":[81.28093,16.36064]},"properties":{"hotspot_id":"d6a7507eeb599ba8","datetime_utc":"2024-12-31T20:53:00Z","satellite":"NOAA-20","daynight":"N","brightness":302.91,"frp":0.52,"confidence_numeric":60.0,"predicted_class":1,"predicted_label":"Agricultural burning","confidence_score":0.9993,"evidence_scores":{"land_cover_class":2.6498,"distance_to_industry_km":2.2646,"local_hour":-0.757},"persistence_7d":0,"persistence_30d":0,"hotspot_density":0,"land_cover_class":40,"land_cover_name":"Cropland","distance_to_industry_km":50.235,"inside_industrial_polygon":0,"nearest_facility_type":"oil_gas_flare","nearest_facility_name":"KG Basin Onshore - Tatipaka / Narsapur","cluster_id":-1,"cluster_fire_count":1,"total_cluster_frp":0.52,"cluster_convex_hull_area_km2":0.0,"is_outbreak_front":false,"is_persistent_cluster":false}},{"type":"Feature","id":"b4986ef885fc8689","geometry":{"type":"Point","coordinates":[75.92859,17.60116]},"properties":{"hotspot_id":"b4986ef885fc8689","datetime_utc":"2024-12-31T20:53:00Z","satellite":"NOAA-20","daynight":"N","brightness":305.26,"frp":0.71,"confidence_numeric":60.0,"predicted_class":1,"predicted_label":"Agricultural burning","confidence_score":0.9992,"evidence_scores":{"land_cover_class":2.6179,"distance_to_industry_km":2.1663,"local_hour":-0.7886},"persistence_7d":0,"persistence_30d":0,"hotspot_density":0,"land_cover_class":30,"land_cover_name":"Grassland","distance_to_industry_km":272.2973,"inside_industrial_polygon":0,"nearest_facility_type":"steel_smelter","nearest_facility_name":"JSW Vijayanagar (Toranagallu)","cluster_id":-1,"cluster_fire_count":1,"total_cluster_frp":0.71,"cluster_convex_hull_area_km2":0.0,"is_outbreak_front":false,"is_persistent_cluster":false}}]}