{"type":"FeatureCollection","name":"latest_clusters","crs":{"type":"name","properties":{"name":"urn:ogc:def:crs:OGC:1.3:CRS84"}},"metadata":{"generated_utc":"2026-09-04T13:43:05Z","run_id":"run_20260904T134305Z","feature_count":1218},"features":[{"type":"Feature","id":484081,"geometry":{"type":"Polygon","coordinates":[[[82.29431107297043,22.35228745548731],[82.29396870303536,22.3520964042263],[82.29359563939055,22.351975817022584],[82.29320621866268,22.35193032797477],[82.2928154060719,22.35196168520146],[82.29243822032691,22.35206868366201],[82.2920891564644,22.352247211465592],[82.2917816288128,22.352490407888833],[82.29152745548731,22.35278892702957],[82.2913364042263,22.353131296964644],[82.29121581702259,22.35350436060945],[82.29117032797478,22.35389378133733],[82.29120168520146,22.354284593928107],[82.29130868366201,22.354661779673084],[82.2914872114656,22.35501084353561],[82.29173040788883,22.355318371187206],[82.29202892702958,22.355572544512686],[82.30296892702957,22.363172544512686],[82.30331129696464,22.363363595773695],[82.30368436060945,22.363484182977412],[82.30407378133732,22.363529672025226],[82.3044645939281,22.363498314798537],[82.30484177967308,22.363391316337985],[82.3051908435356,22.363212788534405],[82.3054983711872,22.362969592111163],[82.30575254451269,22.362671072970425],[82.3059435957737,22.362328703035352],[82.30606418297741,22.361955639390548],[82.30610967202522,22.361566218662666],[82.30607831479854,22.36117540607189],[82.30597131633799,22.360798220326913],[82.3057927885344,22.360449156464387],[82.30554959211116,22.36014162881279],[82.30525107297042,22.35988745548731],[82.29431107297043,22.35228745548731]]]},"properties":{"cluster_date":"2024-12-24","cluster_fire_count":9,"total_cluster_frp":24.95,"max_frp":6.57,"cluster_convex_hull_area_km2":0.7207,"centroid_lat":22.3568,"centroid_lon":82.2985,"mean_persistence_7d":6.6667,"share_forest_shrub":1.0,"share_industrial":0.0,"dominant_land_cover":10,"dominant_class":4,"dominant_label":"Persistent thermal source","is_outbreak_front":false,"is_persistent_cluster":false,"cluster_id":484081}},{"type":"Feature","id":484087,"geometry":{"type":"Polygon","coordinates":[[[82.67006698295535,24.158235093314072],[82.66969081609517,24.158345620460437],[82.66934343995231,24.158527410372557],[82.66903820399713,24.15877347696606],[82.6687868382762,24.159074364039753],[82.66859900263323,24.159418508672136],[82.6684819154866,24.159792685577983],[82.66844007642972,24.160182515348644],[82.66847509331407,24.16057301704465],[82.66858562046043,24.160949183904822],[82.66876741037255,24.16129656004768],[82.66901347696606,24.161601796002863],[82.66931436403975,24.16185316172379],[82.66965850867214,24.162040997366777],[82.67003268557798,24.1621580845134],[82.67042251534865,24.16219992357028],[82.67081301704465,24.162164906685927],[82.67455301704466,24.16145490668593],[82.67492918390484,24.161344379539564],[82.67527656004769,24.161162589627445],[82.67558179600287,24.16091652303394],[82.6758331617238,24.160615635960248],[82.67602099736678,24.160271491327865],[82.67613808451341,24.159897314422018],[82.67617992357029,24.159507484651357],[82.67614490668593,24.15911698295535],[82.67603437953957,24.15874081609518],[82.67585258962745,24.15839343995232],[82.67560652303395,24.15808820399714],[82.67530563596026,24.15783683827621],[82.67496149132786,24.157649002633224],[82.67458731442203,24.1575319154866],[82.67419748465136,24.15749007642972],[82.67380698295536,24.157525093314074],[82.67006698295535,24.158235093314072]]]},"properties":{"cluster_date":"2024-12-24","cluster_fire_count":7,"total_cluster_frp":12.62,"max_frp":2.92,"cluster_convex_hull_area_km2":0.1246,"centroid_lat":24.1585,"centroid_lon":82.6714,"mean_persistence_7d":7.0,"share_forest_shrub":0.0,"share_industrial":1.0,"dominant_land_cover":50,"dominant_class":4,"dominant_label":"Persistent thermal source","is_outbreak_front":false,"is_persistent_cluster":true,"cluster_id":484087}},{"type":"Feature","id":484088,"geometry":{"type":"Polygon","coordinates":[[[82.63694,24.14268],[82.63286,24.14369],[82.62573,24.16471],[82.627,24.16451],[82.63972,24.1549],[82.63694,24.14268]]]},"properties":{"cluster_date":"2024-12-24","cluster_fire_count":11,"total_cluster_frp":17.61,"max_frp":3.64,"cluster_convex_hull_area_km2":3.4533,"centroid_lat":24.1572,"centroid_lon":82.6297,"mean_persistence_7d":6.6364,"share_forest_shrub":0.0,"share_industrial":1.0,"dominant_land_cover":50,"dominant_class":4,"dominant_label":"Persistent thermal source","is_outbreak_front":false,"is_persistent_cluster":true,"cluster_id":484088}},{"type":"Feature","id":484106,"geometry":{"type":"Polygon","coordinates":[[[72.63613,21.10243],[72.6354,21.1037],[72.63461,21.11465],[72.63831,21.11316],[72.64634,21.10805],[72.6466,21.10668],[72.64562,21.10447],[72.63613,21.10243]]]},"properties":{"cluster_date":"2024-12-24","cluster_fire_count":14,"total_cluster_frp":41.54,"max_frp":5.8,"cluster_convex_hull_area_km2":1.16,"centroid_lat":21.1065,"centroid_lon":72.6412,"mean_persistence_7d":7.0,"share_forest_shrub":0.0,"share_industrial":1.0,"dominant_land_cover":50,"dominant_class":3,"dominant_label":"Gas flare","is_outbreak_front":false,"is_persistent_cluster":true,"cluster_id":484106}},{"type":"Feature","id":484107,"geometry":{"type":"Polygon","coordinates":[[[70.08928,23.11299],[70.08924157056082,23.112599819355967],[70.08912775906504,23.11222463313527],[70.08894293922461,23.11187885953396],[70.08869421356238,23.111575786437626],[70.08839114046604,23.111327060775395],[70.08804536686473,23.111142240934978],[70.08767018064404,23.111028429439195],[70.08728,23.11099],[70.08688981935597,23.111028429439195],[70.08651463313528,23.111142240934978],[70.08616885953397,23.111327060775395],[70.08586578643764,23.111575786437626],[70.0856170607754,23.11187885953396],[70.08543224093498,23.11222463313527],[70.0853184294392,23.112599819355967],[70.08528000000001,23.11299],[70.0853184294392,23.113380180644032],[70.08543224093498,23.11375536686473],[70.0856170607754,23.11410114046604],[70.08586578643764,23.114404213562374],[70.08616885953397,23.114652939224605],[70.08651463313528,23.114837759065022],[70.08688981935597,23.114951570560805],[70.08728,23.11499],[70.08767018064404,23.114951570560805],[70.08804536686473,23.114837759065022],[70.08839114046604,23.114652939224605],[70.08869421356238,23.114404213562374],[70.08894293922461,23.11410114046604],[70.08912775906504,23.11375536686473],[70.08924157056082,23.113380180644032],[70.08928,23.11299]]]},"properties":{"cluster_date":"2024-12-24","cluster_fire_count":3,"total_cluster_frp":3.75,"max_frp":1.64,"cluster_convex_hull_area_km2":0.0283,"centroid_lat":23.1185,"centroid_lon":70.0853,"mean_persistence_7d":5.3333,"share_forest_shrub":1.0,"share_industrial":0.0,"dominant_land_cover":30,"dominant_class":4,"dominant_label":"Persistent thermal source","is_outbreak_front":false,"is_persistent_cluster":false,"cluster_id":484107}},{"type":"Feature","id":484111,"geometry":{"type":"Polygon","coordinates":[[[75.1216410748248,34.02459201816717],[75.12125744539472,34.02467292686358],[75.12089697180022,34.02482712331112],[75.12057350683935,34.025048681826796],[75.12029948108918,34.02532908804109],[75.12008542520559,34.02565756610044],[75.11993956523617,34.026021492777254],[75.11986750649773,34.02640688257342],[75.11987201816717,34.0267989251752],[75.11995292686358,34.027182554605275],[75.12010712331112,34.02754302819979],[75.12032868182679,34.02786649316065],[75.12060908804108,34.02814051891083],[75.12093756610044,34.028354574794406],[75.12130149277725,34.028500434763835],[75.12168688257341,34.02857249350228],[75.1220789251752,34.028567981832836],[75.1277089251752,34.02794798183283],[75.12809255460527,34.02786707313642],[75.12845302819977,34.02771287668888],[75.12877649316064,34.027491318173205],[75.12905051891082,34.02721091195891],[75.1292645747944,34.02688243389956],[75.12941043476383,34.02651850722275],[75.12948249350227,34.02613311742658],[75.12947798183282,34.0257410748248],[75.12939707313642,34.025357445394725],[75.12924287668888,34.02499697180021],[75.1290213181732,34.02467350683935],[75.12874091195891,34.02439948108917],[75.12841243389956,34.024185425205594],[75.12804850722274,34.024039565236166],[75.12766311742658,34.02396750649772],[75.12727107482479,34.023972018167164],[75.1216410748248,34.02459201816717]]]},"properties":{"cluster_date":"2024-12-24","cluster_fire_count":3,"total_cluster_frp":11.58,"max_frp":6.97,"cluster_convex_hull_area_km2":0.0593,"centroid_lat":34.0256,"centroid_lon":75.1249,"mean_persistence_7d":0.0,"share_forest_shrub":1.0,"share_industrial":0.0,"dominant_land_cover":30,"dominant_class":1,"dominant_label":"Agricultural burning","is_outbreak_front":false,"is_persistent_cluster":false,"cluster_id":484111}},{"type":"Feature","id":484126,"geometry":{"type":"Polygon","coordinates":[[[81.77248,21.48534],[81.77244157056082,21.48494981935597],[81.77232775906504,21.48457463313527],[81.77214293922461,21.48422885953396],[81.77189421356238,21.483925786437627],[81.77159114046604,21.483677060775396],[81.77124536686473,21.48349224093498],[81.77087018064404,21.483378429439195],[81.77048,21.483340000000002],[81.77008981935597,21.483378429439195],[81.76971463313528,21.48349224093498],[81.76936885953397,21.483677060775396],[81.76906578643764,21.483925786437627],[81.7688170607754,21.48422885953396],[81.76863224093498,21.48457463313527],[81.7685184294392,21.48494981935597],[81.76848000000001,21.48534],[81.7685184294392,21.485730180644033],[81.76863224093498,21.48610536686473],[81.7688170607754,21.48645114046604],[81.76906578643764,21.486754213562374],[81.76936885953397,21.487002939224606],[81.76971463313528,21.487187759065023],[81.77008981935597,21.487301570560806],[81.77048,21.48734],[81.77087018064404,21.487301570560806],[81.77124536686473,21.487187759065023],[81.77159114046604,21.487002939224606],[81.77189421356238,21.486754213562374],[81.77214293922461,21.48645114046604],[81.77232775906504,21.48610536686473],[81.77244157056082,21.485730180644033],[81.77248,21.48534]]]},"properties":{"cluster_date":"2024-12-24","cluster_fire_count":6,"total_cluster_frp":7.19,"max_frp":1.48,"cluster_convex_hull_area_km2":0.2054,"centroid_lat":21.4863,"centroid_lon":81.7685,"mean_persistence_7d":7.0,"share_forest_shrub":1.0,"share_industrial":0.0,"dominant_land_cover":10,"dominant_class":4,"dominant_label":"Persistent thermal source","is_outbreak_front":false,"is_persistent_cluster":false,"cluster_id":484126}},{"type":"Feature","id":484130,"geometry":{"type":"Polygon","coordinates":[[[79.63359111066534,21.235682983254982],[79.63396383512689,21.23556135171084],[79.63430566865532,21.23536934234748],[79.63460347477982,21.235114333977062],[79.63484580897804,21.23480612642825],[79.63502335848266,21.234456563944295],[79.63512930016576,21.234079080015427],[79.63515956274789,21.23368818113733],[79.63511298325498,21.233298889334673],[79.63499135171084,21.232926164873117],[79.63479934234748,21.23258433134469],[79.63454433397706,21.23228652522019],[79.63423612642825,21.232044191021966],[79.6338865639443,21.231866641517353],[79.63350908001543,21.23176069983425],[79.63311818113733,21.231730437252118],[79.63272888933467,21.23177701674502],[79.62896888933467,21.232607016745018],[79.62859616487312,21.23272864828916],[79.62825433134469,21.23292065765252],[79.62795652522018,21.233175666022937],[79.62771419102197,21.23348387357175],[79.62753664151735,21.233833436055704],[79.62743069983425,21.234210919984573],[79.62740043725212,21.234601818862668],[79.62744701674502,21.234991110665327],[79.62756864828917,21.235363835126883],[79.62776065765253,21.23570566865531],[79.62801566602295,21.23600347477981],[79.62832387357176,21.236245808978033],[79.6286734360557,21.236423358482647],[79.62905091998458,21.23652930016575],[79.62944181886267,21.236559562747882],[79.62983111066534,21.23651298325498],[79.63359111066534,21.235682983254982]]]},"properties":{"cluster_date":"2024-12-24","cluster_fire_count":3,"total_cluster_frp":3.04,"max_frp":1.27,"cluster_convex_hull_area_km2":0.0214,"centroid_lat":21.2346,"centroid_lon":79.6306,"mean_persistence_7d":5.0,"share_forest_shrub":1.0,"share_industrial":0.0,"dominant_land_cover":10,"dominant_class":4,"dominant_label":"Persistent thermal source","is_outbreak_front":false,"is_persistent_cluster":false,"cluster_id":484130}},{"type":"Feature","id":484131,"geometry":{"type":"Polygon","coordinates":[[[74.96746,33.00189],[74.96625,33.00247],[74.96391,33.00607],[74.96858,33.00879],[74.96746,33.00189]]]},"properties":{"cluster_date":"2024-12-24","cluster_fire_count":6,"total_cluster_frp":8.9,"max_frp":1.84,"cluster_convex_hull_area_km2":0.1644,"centroid_lat":33.0053,"centroid_lon":74.9668,"mean_persistence_7d":0.0,"share_forest_shrub":1.0,"share_industrial":0.0,"dominant_land_cover":30,"dominant_class":5,"dominant_label":"Unknown","is_outbreak_front":true,"is_persistent_cluster":false,"cluster_id":484131}},{"type":"Feature","id":484132,"geometry":{"type":"Polygon","coordinates":[[[73.51585,26.87461],[73.51569,26.87856],[73.5166,26.87808],[73.51585,26.87461]]]},"properties":{"cluster_date":"2024-12-24","cluster_fire_count":3,"total_cluster_frp":3.95,"max_frp":1.82,"cluster_convex_hull_area_km2":0.0187,"centroid_lat":26.8771,"centroid_lon":73.516,"mean_persistence_7d":5.0,"share_forest_shrub":1.0,"share_industrial":0.0,"dominant_land_cover":30,"dominant_class":4,"dominant_label":"Persistent thermal source","is_outbreak_front":false,"is_persistent_cluster":false,"cluster_id":484132}},{"type":"Feature","id":484133,"geometry":{"type":"Polygon","coordinates":[[[81.38706,21.18575],[81.39348,21.19058],[81.3941,21.1892],[81.38706,21.18575]]]},"properties":{"cluster_date":"2024-12-24","cluster_fire_count":3,"total_cluster_frp":6.2,"max_frp":2.5,"cluster_convex_hull_area_km2":0.0657,"centroid_lat":21.1885,"centroid_lon":81.3915,"mean_persistence_7d":6.3333,"share_forest_shrub":0.0,"share_industrial":1.0,"dominant_land_cover":50,"dominant_class":4,"dominant_label":"Persistent thermal source","is_outbreak_front":false,"is_persistent_cluster":true,"cluster_id":484133}},{"type":"Feature","id":484134,"geometry":{"type":"Polygon","coordinates":[[[70.47655,23.30521],[70.48656,23.31725],[70.48593,23.31393],[70.47655,23.30521]]]},"properties":{"cluster_date":"2024-12-24","cluster_fire_count":3,"total_cluster_frp":2.22,"max_frp":0.82,"cluster_convex_hull_area_km2":0.1397,"centroid_lat":23.3121,"centroid_lon":70.483,"mean_persistence_7d":4.3333,"share_forest_shrub":0.0,"share_industrial":0.0,"dominant_land_cover":60,"dominant_class":4,"dominant_label":"Persistent thermal source","is_outbreak_front":false,"is_persistent_cluster":false,"cluster_id":484134}},{"type":"Feature","id":484135,"geometry":{"type":"Polygon","coordinates":[[[69.85886,22.32942],[69.85324,22.34051],[69.8681,22.33816],[69.86749,22.33486],[69.85886,22.32942]]]},"properties":{"cluster_date":"2024-12-24","cluster_fire_count":5,"total_cluster_frp":7.43,"max_frp":1.8,"cluster_convex_hull_area_km2":0.9701,"centroid_lat":22.3359,"centroid_lon":69.8608,"mean_persistence_7d":4.8,"share_forest_shrub":0.0,"share_industrial":1.0,"dominant_land_cover":50,"dominant_class":3,"dominant_label":"Gas flare","is_outbreak_front":false,"is_persistent_cluster":true,"cluster_id":484135}},{"type":"Feature","id":484136,"geometry":{"type":"Polygon","coordinates":[[[72.84023,21.10395],[72.83829,21.10892],[72.8417,21.10819],[72.84023,21.10395]]]},"properties":{"cluster_date":"2024-12-24","cluster_fire_count":4,"total_cluster_frp":17.69,"max_frp":5.8,"cluster_convex_hull_area_km2":0.0861,"centroid_lat":21.1072,"centroid_lon":72.8403,"mean_persistence_7d":0.0,"share_forest_shrub":1.0,"share_industrial":0.0,"dominant_land_cover":30,"dominant_class":1,"dominant_label":"Agricultural burning","is_outbreak_front":false,"is_persistent_cluster":false,"cluster_id":484136}},{"type":"Feature","id":484137,"geometry":{"type":"Polygon","coordinates":[[[72.88889,20.19134],[72.88538,20.1921],[72.88692,20.19227],[72.88889,20.19134]]]},"properties":{"cluster_date":"2024-12-24","cluster_fire_count":3,"total_cluster_frp":9.3,"max_frp":4.2,"cluster_convex_hull_area_km2":0.0099,"centroid_lat":20.1919,"centroid_lon":72.8871,"mean_persistence_7d":0.0,"share_forest_shrub":1.0,"share_industrial":0.0,"dominant_land_cover":30,"dominant_class":1,"dominant_label":"Agricultural burning","is_outbreak_front":false,"is_persistent_cluster":false,"cluster_id":484137}},{"type":"Feature","id":484138,"geometry":{"type":"Polygon","coordinates":[[[74.25967,18.80264],[74.25709,18.80741],[74.26056,18.80668],[74.25967,18.80264]]]},"properties":{"cluster_date":"2024-12-24","cluster_fire_count":3,"total_cluster_frp":3.93,"max_frp":1.91,"cluster_convex_hull_area_km2":0.0829,"centroid_lat":18.8056,"centroid_lon":74.2591,"mean_persistence_7d":1.0,"share_forest_shrub":1.0,"share_industrial":0.0,"dominant_land_cover":30,"dominant_class":1,"dominant_label":"Agricultural burning","is_outbreak_front":false,"is_persistent_cluster":false,"cluster_id":484138}},{"type":"Feature","id":484139,"geometry":{"type":"Polygon","coordinates":[[[73.03787,18.68184],[73.03078,18.68611],[73.02895,18.68738],[73.02228,18.70423],[73.04012,18.69317],[73.03851,18.68447],[73.03787,18.68184]]]},"properties":{"cluster_date":"2024-12-24","cluster_fire_count":7,"total_cluster_frp":17.07,"max_frp":3.99,"cluster_convex_hull_area_km2":1.9409,"centroid_lat":18.689,"centroid_lon":73.0339,"mean_persistence_7d":5.0,"share_forest_shrub":0.0,"share_industrial":1.0,"dominant_land_cover":50,"dominant_class":4,"dominant_label":"Persistent thermal source","is_outbreak_front":false,"is_persistent_cluster":true,"cluster_id":484139}},{"type":"Feature","id":484140,"geometry":{"type":"Polygon","coordinates":[[[76.44844,17.78467],[76.44752,17.78528],[76.44779,17.78661],[76.44844,17.78467]]]},"properties":{"cluster_date":"2024-12-24","cluster_fire_count":3,"total_cluster_frp":4.57,"max_frp":2.89,"cluster_convex_hull_area_km2":0.0079,"centroid_lat":17.7855,"centroid_lon":76.4479,"mean_persistence_7d":0.0,"share_forest_shrub":1.0,"share_industrial":0.0,"dominant_land_cover":30,"dominant_class":1,"dominant_label":"Agricultural burning","is_outbreak_front":false,"is_persistent_cluster":false,"cluster_id":484140}},{"type":"Feature","id":484141,"geometry":{"type":"Polygon","coordinates":[[[76.65845,15.17711],[76.6554,15.17772],[76.67905,15.18354],[76.65845,15.17711]]]},"properties":{"cluster_date":"2024-12-24","cluster_fire_count":3,"total_cluster_frp":3.63,"max_frp":1.23,"cluster_convex_hull_area_km2":0.1883,"centroid_lat":15.1795,"centroid_lon":76.6643,"mean_persistence_7d":5.6667,"share_forest_shrub":0.0,"share_industrial":1.0,"dominant_land_cover":50,"dominant_class":4,"dominant_label":"Persistent thermal source","is_outbreak_front":false,"is_persistent_cluster":true,"cluster_id":484141}},{"type":"Feature","id":484142,"geometry":{"type":"Polygon","coordinates":[[[75.20199,16.14745],[75.18272,16.16103],[75.18187,16.16581],[75.20199,16.14745]]]},"properties":{"cluster_date":"2024-12-24","cluster_fire_count":3,"total_cluster_frp":5.9,"max_frp":2.39,"cluster_convex_hull_area_km2":0.4669,"centroid_lat":16.1581,"centroid_lon":75.1889,"mean_persistence_7d":0.0,"share_forest_shrub":1.0,"share_industrial":0.0,"dominant_land_cover":30,"dominant_class":1,"dominant_label":"Agricultural burning","is_outbreak_front":false,"is_persistent_cluster":false,"cluster_id":484142}},{"type":"Feature","id":484143,"geometry":{"type":"Polygon","coordinates":[[[87.61204,23.33524],[87.58201,23.34216],[87.5754,23.35354],[87.57449,23.35759],[87.56982,23.38194],[87.61201,23.33795],[87.61385,23.33572],[87.61204,23.33524]]]},"properties":{"cluster_date":"2024-12-25","cluster_fire_count":8,"total_cluster_frp":25.29,"max_frp":6.22,"cluster_convex_hull_area_km2":7.3823,"centroid_lat":23.3484,"centroid_lon":87.5907,"mean_persistence_7d":2.125,"share_forest_shrub":1.0,"share_industrial":0.0,"dominant_land_cover":30,"dominant_class":1,"dominant_label":"Agricultural burning","is_outbreak_front":false,"is_persistent_cluster":false,"cluster_id":484143}},{"type":"Feature","id":484144,"geometry":{"type":"Polygon","coordinates":[[[87.35631,23.37447],[87.34123,23.37917],[87.33503,23.4131],[87.38532,23.38207],[87.38442,23.37991],[87.35631,23.37447]]]},"properties":{"cluster_date":"2024-12-25","cluster_fire_count":13,"total_cluster_frp":46.83,"max_frp":6.61,"cluster_convex_hull_area_km2":9.9116,"centroid_lat":23.3847,"centroid_lon":87.3559,"mean_persistence_7d":1.8462,"share_forest_shrub":1.0,"share_industrial":0.0,"dominant_land_cover":30,"dominant_class":0,"dominant_label":"Wildfire","is_outbreak_front":false,"is_persistent_cluster":false,"cluster_id":484144}},{"type":"Feature","id":484145,"geometry":{"type":"Polygon","coordinates":[[[87.24257,23.55282],[87.23732,23.5539],[87.22955,23.56256],[87.23978,23.56251],[87.24083,23.56057],[87.24257,23.55282]]]},"properties":{"cluster_date":"2024-12-25","cluster_fire_count":14,"total_cluster_frp":38.71,"max_frp":6.71,"cluster_convex_hull_area_km2":0.7655,"centroid_lat":23.5585,"centroid_lon":87.2381,"mean_persistence_7d":6.8571,"share_forest_shrub":0.0,"share_industrial":1.0,"dominant_land_cover":50,"dominant_class":4,"dominant_label":"Persistent thermal source","is_outbreak_front":false,"is_persistent_cluster":true,"cluster_id":484145}},{"type":"Feature","id":484146,"geometry":{"type":"Polygon","coordinates":[[[87.47926,23.66356],[87.4629,23.68155],[87.46538,23.70218],[87.47472,23.70437],[87.48272,23.67509],[87.47926,23.66356]]]},"properties":{"cluster_date":"2024-12-25","cluster_fire_count":7,"total_cluster_frp":30.32,"max_frp":6.45,"cluster_convex_hull_area_km2":5.2503,"centroid_lat":23.6854,"centroid_lon":87.4733,"mean_persistence_7d":1.5714,"share_forest_shrub":1.0,"share_industrial":0.0,"dominant_land_cover":30,"dominant_class":1,"dominant_label":"Agricultural burning","is_outbreak_front":false,"is_persistent_cluster":false,"cluster_id":484146}},{"type":"Feature","id":484147,"geometry":{"type":"Polygon","coordinates":[[[86.44833,23.71338],[86.41791,23.72139],[86.33202,23.78597],[86.32934,23.80509],[86.33032,23.80632],[86.39047,23.78449],[86.40806,23.7679],[86.43543,23.73891],[86.44442,23.72316],[86.44833,23.71338]]]},"properties":{"cluster_date":"2024-12-25","cluster_fire_count":101,"total_cluster_frp":214.66,"max_frp":8.85,"cluster_convex_hull_area_km2":39.0625,"centroid_lat":23.7649,"centroid_lon":86.3892,"mean_persistence_7d":6.9109,"share_forest_shrub":0.0,"share_industrial":1.0,"dominant_land_cover":50,"dominant_class":4,"dominant_label":"Persistent thermal source","is_outbreak_front":false,"is_persistent_cluster":true,"cluster_id":484147}},{"type":"Feature","id":484148,"geometry":{"type":"Polygon","coordinates":[[[93.67244,26.81907],[93.67036,26.82027],[93.68666,26.82158],[93.67244,26.81907]]]},"properties":{"cluster_date":"2024-12-25","cluster_fire_count":3,"total_cluster_frp":9.25,"max_frp":4.45,"cluster_convex_hull_area_km2":0.1183,"centroid_lat":26.8203,"centroid_lon":93.6765,"mean_persistence_7d":0.0,"share_forest_shrub":0.0,"share_industrial":0.0,"dominant_land_cover":40,"dominant_class":1,"dominant_label":"Agricultural burning","is_outbreak_front":false,"is_persistent_cluster":false,"cluster_id":484148}},{"type":"Feature","id":484149,"geometry":{"type":"Polygon","coordinates":[[[94.32387,27.28162],[94.32484,27.28368],[94.35324,27.28703],[94.36662,27.28595],[94.32387,27.28162]]]},"properties":{"cluster_date":"2024-12-25","cluster_fire_count":4,"total_cluster_frp":16.5,"max_frp":5.15,"cluster_convex_hull_area_km2":0.8429,"centroid_lat":27.2846,"centroid_lon":94.3421,"mean_persistence_7d":1.0,"share_forest_shrub":1.0,"share_industrial":0.0,"dominant_land_cover":10,"dominant_class":0,"dominant_label":"Wildfire","is_outbreak_front":false,"is_persistent_cluster":false,"cluster_id":484149}},{"type":"Feature","id":484150,"geometry":{"type":"Polygon","coordinates":[[[95.70641,28.16288],[95.70795,28.16407],[95.70834,28.16418],[95.70641,28.16288]]]},"properties":{"cluster_date":"2024-12-25","cluster_fire_count":3,"total_cluster_frp":6.66,"max_frp":2.66,"cluster_convex_hull_area_km2":0.0016,"centroid_lat":28.1637,"centroid_lon":95.7076,"mean_persistence_7d":0.0,"share_forest_shrub":1.0,"share_industrial":0.0,"dominant_land_cover":10,"dominant_class":0,"dominant_label":"Wildfire","is_outbreak_front":false,"is_persistent_cluster":false,"cluster_id":484150}},{"type":"Feature","id":484151,"geometry":{"type":"Polygon","coordinates":[[[95.97796,28.8948],[95.97746,28.89822],[95.97814,28.89644],[95.97796,28.8948]]]},"properties":{"cluster_date":"2024-12-25","cluster_fire_count":3,"total_cluster_frp":20.09,"max_frp":8.71,"cluster_convex_hull_area_km2":0.0075,"centroid_lat":28.8965,"centroid_lon":95.9779,"mean_persistence_7d":1.0,"share_forest_shrub":1.0,"share_industrial":0.0,"dominant_land_cover":10,"dominant_class":0,"dominant_label":"Wildfire","is_outbreak_front":false,"is_persistent_cluster":false,"cluster_id":484151}},{"type":"Feature","id":484152,"geometry":{"type":"Polygon","coordinates":[[[82.42036,21.20088],[82.42181,21.21339],[82.42417,21.21358],[82.42036,21.20088]]]},"properties":{"cluster_date":"2024-12-25","cluster_fire_count":3,"total_cluster_frp":14.67,"max_frp":5.67,"cluster_convex_hull_area_km2":0.162,"centroid_lat":21.2093,"centroid_lon":82.4221,"mean_persistence_7d":0.0,"share_forest_shrub":1.0,"share_industrial":0.0,"dominant_land_cover":10,"dominant_class":0,"dominant_label":"Wildfire","is_outbreak_front":false,"is_persistent_cluster":false,"cluster_id":484152}},{"type":"Feature","id":484153,"geometry":{"type":"Polygon","coordinates":[[[83.73326,22.03911],[83.73023,22.04314],[83.73016,22.04485],[83.73742,22.04415],[83.7401,22.041],[83.73326,22.03911]]]},"properties":{"cluster_date":"2024-12-25","cluster_fire_count":9,"total_cluster_frp":36.91,"max_frp":8.88,"cluster_convex_hull_area_km2":0.3907,"centroid_lat":22.0424,"centroid_lon":83.7347,"mean_persistence_7d":7.0,"share_forest_shrub":1.0,"share_industrial":0.0,"dominant_land_cover":30,"dominant_class":4,"dominant_label":"Persistent thermal source","is_outbreak_front":false,"is_persistent_cluster":false,"cluster_id":484153}},{"type":"Feature","id":484154,"geometry":{"type":"Polygon","coordinates":[[[82.35377,22.00486],[82.35953,22.01822],[82.36681,22.00783],[82.35377,22.00486]]]},"properties":{"cluster_date":"2024-12-25","cluster_fire_count":3,"total_cluster_frp":13.76,"max_frp":7.88,"cluster_convex_hull_area_km2":0.8645,"centroid_lat":22.0103,"centroid_lon":82.36,"mean_persistence_7d":0.6667,"share_forest_shrub":1.0,"share_industrial":0.0,"dominant_land_cover":10,"dominant_class":0,"dominant_label":"Wildfire","is_outbreak_front":false,"is_persistent_cluster":false,"cluster_id":484154}},{"type":"Feature","id":484155,"geometry":{"type":"Polygon","coordinates":[[[88.03797,23.21754],[88.05756,23.23349],[88.05843,23.22955],[88.03797,23.21754]]]},"properties":{"cluster_date":"2024-12-25","cluster_fire_count":3,"total_cluster_frp":12.64,"max_frp":7.6,"cluster_convex_hull_area_km2":0.4963,"centroid_lat":23.2269,"centroid_lon":88.0513,"mean_persistence_7d":0.6667,"share_forest_shrub":1.0,"share_industrial":0.0,"dominant_land_cover":30,"dominant_class":1,"dominant_label":"Agricultural burning","is_outbreak_front":false,"is_persistent_cluster":false,"cluster_id":484155}},{"type":"Feature","id":484156,"geometry":{"type":"Polygon","coordinates":[[[87.7487,23.19263],[87.74551,23.20534],[87.75076,23.20137],[87.75113,23.19805],[87.7487,23.19263]]]},"properties":{"cluster_date":"2024-12-25","cluster_fire_count":5,"total_cluster_frp":17.38,"max_frp":5.32,"cluster_convex_hull_area_km2":0.3496,"centroid_lat":23.1988,"centroid_lon":87.7488,"mean_persistence_7d":0.0,"share_forest_shrub":1.0,"share_industrial":0.0,"dominant_land_cover":30,"dominant_class":1,"dominant_label":"Agricultural burning","is_outbreak_front":true,"is_persistent_cluster":false,"cluster_id":484156}},{"type":"Feature","id":484157,"geometry":{"type":"Polygon","coordinates":[[[87.38908,23.12764],[87.38137,23.14327],[87.39256,23.14973],[87.38908,23.12764]]]},"properties":{"cluster_date":"2024-12-25","cluster_fire_count":4,"total_cluster_frp":11.41,"max_frp":3.15,"cluster_convex_hull_area_km2":1.2254,"centroid_lat":23.1375,"centroid_lon":87.3879,"mean_persistence_7d":1.0,"share_forest_shrub":1.0,"share_industrial":0.0,"dominant_land_cover":30,"dominant_class":1,"dominant_label":"Agricultural burning","is_outbreak_front":false,"is_persistent_cluster":false,"cluster_id":484157}},{"type":"Feature","id":484158,"geometry":{"type":"Polygon","coordinates":[[[87.99366,23.41564],[88.00019,23.42097],[87.99736,23.41633],[87.99366,23.41564]]]},"properties":{"cluster_date":"2024-12-25","cluster_fire_count":3,"total_cluster_frp":19.09,"max_frp":6.61,"cluster_convex_hull_area_km2":0.0828,"centroid_lat":23.4176,"centroid_lon":87.9971,"mean_persistence_7d":2.0,"share_forest_shrub":1.0,"share_industrial":0.0,"dominant_land_cover":30,"dominant_class":1,"dominant_label":"Agricultural burning","is_outbreak_front":false,"is_persistent_cluster":false,"cluster_id":484158}},{"type":"Feature","id":484159,"geometry":{"type":"Polygon","coordinates":[[[87.79523,23.39496],[87.77825,23.40009],[87.80105,23.40436],[87.79523,23.39496]]]},"properties":{"cluster_date":"2024-12-25","cluster_fire_count":3,"total_cluster_frp":6.97,"max_frp":3.46,"cluster_convex_hull_area_km2":1.0312,"centroid_lat":23.3998,"centroid_lon":87.7915,"mean_persistence_7d":0.3333,"share_forest_shrub":1.0,"share_industrial":0.0,"dominant_land_cover":30,"dominant_class":1,"dominant_label":"Agricultural burning","is_outbreak_front":false,"is_persistent_cluster":false,"cluster_id":484159}},{"type":"Feature","id":484160,"geometry":{"type":"Polygon","coordinates":[[[88.12402,23.7167],[88.13029,23.74104],[88.14108,23.74306],[88.12402,23.7167]]]},"properties":{"cluster_date":"2024-12-25","cluster_fire_count":3,"total_cluster_frp":10.01,"max_frp":4.12,"cluster_convex_hull_area_km2":1.3568,"centroid_lat":23.7336,"centroid_lon":88.1318,"mean_persistence_7d":0.6667,"share_forest_shrub":1.0,"share_industrial":0.0,"dominant_land_cover":30,"dominant_class":1,"dominant_label":"Agricultural burning","is_outbreak_front":false,"is_persistent_cluster":false,"cluster_id":484160}},{"type":"Feature","id":484161,"geometry":{"type":"Polygon","coordinates":[[[86.92103,23.66539],[86.91702,23.66872],[86.92158,23.66976],[86.92475,23.66717],[86.92103,23.66539]]]},"properties":{"cluster_date":"2024-12-25","cluster_fire_count":6,"total_cluster_frp":10.2,"max_frp":3.39,"cluster_convex_hull_area_km2":0.1881,"centroid_lat":23.6676,"centroid_lon":86.9216,"mean_persistence_7d":7.0,"share_forest_shrub":1.0,"share_industrial":0.0,"dominant_land_cover":30,"dominant_class":4,"dominant_label":"Persistent thermal source","is_outbreak_front":false,"is_persistent_cluster":false,"cluster_id":484161}},{"type":"Feature","id":484162,"geometry":{"type":"Polygon","coordinates":[[[86.3975,23.67604],[86.39603,23.67694],[86.3912,23.68184],[86.3868,23.6873],[86.38744,23.69192],[86.39268,23.68763],[86.39546,23.68409],[86.40118,23.6764],[86.3975,23.67604]]]},"properties":{"cluster_date":"2024-12-25","cluster_fire_count":18,"total_cluster_frp":55.81,"max_frp":7.18,"cluster_convex_hull_area_km2":0.836,"centroid_lat":23.6838,"centroid_lon":86.3926,"mean_persistence_7d":6.9444,"share_forest_shrub":0.0,"share_industrial":1.0,"dominant_land_cover":50,"dominant_class":4,"dominant_label":"Persistent thermal source","is_outbreak_front":false,"is_persistent_cluster":true,"cluster_id":484162}},{"type":"Feature","id":484163,"geometry":{"type":"Polygon","coordinates":[[[86.0893,23.67107],[86.06821,23.678],[86.07453,23.70464],[86.10133,23.67939],[86.09997,23.6778],[86.0893,23.67107]]]},"properties":{"cluster_date":"2024-12-25","cluster_fire_count":15,"total_cluster_frp":31.33,"max_frp":4.81,"cluster_convex_hull_area_km2":6.1923,"centroid_lat":23.6808,"centroid_lon":86.0863,"mean_persistence_7d":6.5333,"share_forest_shrub":0.0,"share_industrial":1.0,"dominant_land_cover":50,"dominant_class":4,"dominant_label":"Persistent thermal source","is_outbreak_front":false,"is_persistent_cluster":true,"cluster_id":484163}},{"type":"Feature","id":484164,"geometry":{"type":"Polygon","coordinates":[[[91.7062,25.26786],[91.69989,25.2805],[91.71268,25.27572],[91.7062,25.26786]]]},"properties":{"cluster_date":"2024-12-25","cluster_fire_count":4,"total_cluster_frp":19.38,"max_frp":10.03,"cluster_convex_hull_area_km2":0.7057,"centroid_lat":25.2748,"centroid_lon":91.7069,"mean_persistence_7d":0.75,"share_forest_shrub":1.0,"share_industrial":0.0,"dominant_land_cover":10,"dominant_class":0,"dominant_label":"Wildfire","is_outbreak_front":false,"is_persistent_cluster":false,"cluster_id":484164}},{"type":"Feature","id":484165,"geometry":{"type":"Polygon","coordinates":[[[95.40298,27.60427],[95.40011,27.60645],[95.40327,27.60716],[95.40417,27.60598],[95.40298,27.60427]]]},"properties":{"cluster_date":"2024-12-25","cluster_fire_count":4,"total_cluster_frp":4.32,"max_frp":2.1,"cluster_convex_hull_area_km2":0.0627,"centroid_lat":27.606,"centroid_lon":95.4026,"mean_persistence_7d":6.0,"share_forest_shrub":1.0,"share_industrial":0.0,"dominant_land_cover":10,"dominant_class":4,"dominant_label":"Persistent thermal source","is_outbreak_front":false,"is_persistent_cluster":false,"cluster_id":484165}},{"type":"Feature","id":484166,"geometry":{"type":"Polygon","coordinates":[[[83.42686,27.13717],[83.42675,27.13769],[83.42876,27.13935],[83.43061,27.138],[83.42686,27.13717]]]},"properties":{"cluster_date":"2024-12-25","cluster_fire_count":4,"total_cluster_frp":17.47,"max_frp":5.54,"cluster_convex_hull_area_km2":0.0414,"centroid_lat":27.1381,"centroid_lon":83.4282,"mean_persistence_7d":0.0,"share_forest_shrub":0.0,"share_industrial":0.0,"dominant_land_cover":40,"dominant_class":1,"dominant_label":"Agricultural burning","is_outbreak_front":false,"is_persistent_cluster":false,"cluster_id":484166}},{"type":"Feature","id":484167,"geometry":{"type":"Polygon","coordinates":[[[74.9903,33.00617],[74.97514,33.00655],[74.95992,33.01039],[74.96041,33.01324],[74.97019,33.01887],[74.99295,33.01633],[74.9923,33.01291],[74.99137,33.00953],[74.9903,33.00617]]]},"properties":{"cluster_date":"2024-12-25","cluster_fire_count":22,"total_cluster_frp":68.97,"max_frp":15.43,"cluster_convex_hull_area_km2":3.1651,"centroid_lat":33.0116,"centroid_lon":74.9803,"mean_persistence_7d":0.5,"share_forest_shrub":1.0,"share_industrial":0.0,"dominant_land_cover":30,"dominant_class":0,"dominant_label":"Wildfire","is_outbreak_front":true,"is_persistent_cluster":false,"cluster_id":484167}},{"type":"Feature","id":484168,"geometry":{"type":"Polygon","coordinates":[[[76.7422,15.63615],[76.7504,15.65439],[76.76583,15.67371],[76.77773,15.66866],[76.7422,15.63615]]]},"properties":{"cluster_date":"2024-12-25","cluster_fire_count":4,"total_cluster_frp":17.23,"max_frp":5.9,"cluster_convex_hull_area_km2":4.0128,"centroid_lat":15.6582,"centroid_lon":76.759,"mean_persistence_7d":1.5,"share_forest_shrub":1.0,"share_industrial":0.0,"dominant_land_cover":30,"dominant_class":1,"dominant_label":"Agricultural burning","is_outbreak_front":false,"is_persistent_cluster":false,"cluster_id":484168}},{"type":"Feature","id":484169,"geometry":{"type":"Polygon","coordinates":[[[76.84088,15.66775],[76.80979,15.6768],[76.81342,15.67734],[76.84036,15.67108],[76.84088,15.66775]]]},"properties":{"cluster_date":"2024-12-25","cluster_fire_count":4,"total_cluster_frp":18.54,"max_frp":4.95,"cluster_convex_hull_area_km2":0.7922,"centroid_lat":15.6732,"centroid_lon":76.8261,"mean_persistence_7d":1.5,"share_forest_shrub":1.0,"share_industrial":0.0,"dominant_land_cover":30,"dominant_class":1,"dominant_label":"Agricultural burning","is_outbreak_front":false,"is_persistent_cluster":false,"cluster_id":484169}},{"type":"Feature","id":484170,"geometry":{"type":"Polygon","coordinates":[[[76.44756,16.7486],[76.43801,16.75849],[76.43916,16.76023],[76.44756,16.7486]]]},"properties":{"cluster_date":"2024-12-25","cluster_fire_count":3,"total_cluster_frp":6.8,"max_frp":5.29,"cluster_convex_hull_area_km2":0.1613,"centroid_lat":16.7558,"centroid_lon":76.4416,"mean_persistence_7d":0.6667,"share_forest_shrub":1.0,"share_industrial":0.0,"dominant_land_cover":30,"dominant_class":1,"dominant_label":"Agricultural burning","is_outbreak_front":false,"is_persistent_cluster":false,"cluster_id":484170}},{"type":"Feature","id":484171,"geometry":{"type":"Polygon","coordinates":[[[76.20251,17.20207],[76.20251,17.2042],[76.21518,17.20867],[76.20251,17.20207]]]},"properties":{"cluster_date":"2024-12-25","cluster_fire_count":3,"total_cluster_frp":5.63,"max_frp":2.76,"cluster_convex_hull_area_km2":0.1548,"centroid_lat":17.205,"centroid_lon":76.2067,"mean_persistence_7d":0.0,"share_forest_shrub":1.0,"share_industrial":0.0,"dominant_land_cover":30,"dominant_class":1,"dominant_label":"Agricultural burning","is_outbreak_front":false,"is_persistent_cluster":false,"cluster_id":484171}},{"type":"Feature","id":484172,"geometry":{"type":"Polygon","coordinates":[[[73.04507,18.6786],[73.03414,18.68029],[73.02901,18.68419],[73.01988,18.70634],[73.02352,18.70578],[73.04312,18.69425],[73.04507,18.6786]]]},"properties":{"cluster_date":"2024-12-25","cluster_fire_count":18,"total_cluster_frp":22.14,"max_frp":3.24,"cluster_convex_hull_area_km2":4.0176,"centroid_lat":18.6886,"centroid_lon":73.0351,"mean_persistence_7d":5.0,"share_forest_shrub":0.0,"share_industrial":1.0,"dominant_land_cover":50,"dominant_class":4,"dominant_label":"Persistent thermal source","is_outbreak_front":false,"is_persistent_cluster":true,"cluster_id":484172}},{"type":"Feature","id":484173,"geometry":{"type":"Polygon","coordinates":[[[75.66995,19.46565],[75.6694,19.46897],[75.67059,19.46612],[75.66995,19.46565]]]},"properties":{"cluster_date":"2024-12-25","cluster_fire_count":3,"total_cluster_frp":11.76,"max_frp":6.33,"cluster_convex_hull_area_km2":0.0134,"centroid_lat":19.4669,"centroid_lon":75.67,"mean_persistence_7d":0.0,"share_forest_shrub":1.0,"share_industrial":0.0,"dominant_land_cover":30,"dominant_class":1,"dominant_label":"Agricultural burning","is_outbreak_front":false,"is_persistent_cluster":false,"cluster_id":484173}},{"type":"Feature","id":484174,"geometry":{"type":"Polygon","coordinates":[[[75.01761,19.69201],[75.01737,19.6923],[75.01682,19.6956],[75.01761,19.69201]]]},"properties":{"cluster_date":"2024-12-25","cluster_fire_count":3,"total_cluster_frp":35.22,"max_frp":25.7,"cluster_convex_hull_area_km2":0.0035,"centroid_lat":19.6933,"centroid_lon":75.0173,"mean_persistence_7d":0.0,"share_forest_shrub":1.0,"share_industrial":0.0,"dominant_land_cover":30,"dominant_class":1,"dominant_label":"Agricultural burning","is_outbreak_front":false,"is_persistent_cluster":false,"cluster_id":484174}},{"type":"Feature","id":484175,"geometry":{"type":"Polygon","coordinates":[[[82.29675,22.35166],[82.29079,22.35234],[82.28819,22.3529],[82.28908,22.35579],[82.29149,22.35825],[82.29726,22.36079],[82.30417,22.35987],[82.30439,22.35559],[82.29675,22.35166]]]},"properties":{"cluster_date":"2024-12-25","cluster_fire_count":15,"total_cluster_frp":65.14,"max_frp":10.54,"cluster_convex_hull_area_km2":1.1235,"centroid_lat":22.3559,"centroid_lon":82.2962,"mean_persistence_7d":6.5333,"share_forest_shrub":1.0,"share_industrial":0.0,"dominant_land_cover":10,"dominant_class":4,"dominant_label":"Persistent thermal source","is_outbreak_front":false,"is_persistent_cluster":false,"cluster_id":484175}},{"type":"Feature","id":484176,"geometry":{"type":"Polygon","coordinates":[[[72.65534,21.10013],[72.63503,21.1003],[72.63423,21.10082],[72.6348,21.10419],[72.64906,21.10695],[72.65534,21.10013]]]},"properties":{"cluster_date":"2024-12-25","cluster_fire_count":8,"total_cluster_frp":61.55,"max_frp":20.86,"cluster_convex_hull_area_km2":1.0896,"centroid_lat":21.1032,"centroid_lon":72.6421,"mean_persistence_7d":7.0,"share_forest_shrub":0.0,"share_industrial":1.0,"dominant_land_cover":50,"dominant_class":3,"dominant_label":"Gas flare","is_outbreak_front":false,"is_persistent_cluster":true,"cluster_id":484176}},{"type":"Feature","id":484177,"geometry":{"type":"Polygon","coordinates":[[[78.37308,22.00737],[78.35738,22.01278],[78.36113,22.01312],[78.37308,22.00737]]]},"properties":{"cluster_date":"2024-12-25","cluster_fire_count":3,"total_cluster_frp":14.06,"max_frp":5.34,"cluster_convex_hull_area_km2":0.141,"centroid_lat":22.0111,"centroid_lon":78.3639,"mean_persistence_7d":0.0,"share_forest_shrub":1.0,"share_industrial":0.0,"dominant_land_cover":10,"dominant_class":0,"dominant_label":"Wildfire","is_outbreak_front":false,"is_persistent_cluster":false,"cluster_id":484177}},{"type":"Feature","id":484178,"geometry":{"type":"Polygon","coordinates":[[[72.80128,21.62097],[72.80221,21.62317],[72.80516,21.6216],[72.80128,21.62097]]]},"properties":{"cluster_date":"2024-12-25","cluster_fire_count":3,"total_cluster_frp":18.4,"max_frp":7.62,"cluster_convex_hull_area_km2":0.0439,"centroid_lat":21.6219,"centroid_lon":72.8029,"mean_persistence_7d":3.0,"share_forest_shrub":1.0,"share_industrial":0.0,"dominant_land_cover":30,"dominant_class":1,"dominant_label":"Agricultural burning","is_outbreak_front":false,"is_persistent_cluster":false,"cluster_id":484178}},{"type":"Feature","id":484179,"geometry":{"type":"Polygon","coordinates":[[[79.16103,22.64159],[79.16045,22.64552],[79.16366,22.64273],[79.16103,22.64159]]]},"properties":{"cluster_date":"2024-12-25","cluster_fire_count":3,"total_cluster_frp":10.74,"max_frp":4.1,"cluster_convex_hull_area_km2":0.0602,"centroid_lat":22.6433,"centroid_lon":79.1617,"mean_persistence_7d":1.0,"share_forest_shrub":1.0,"share_industrial":0.0,"dominant_land_cover":10,"dominant_class":0,"dominant_label":"Wildfire","is_outbreak_front":false,"is_persistent_cluster":false,"cluster_id":484179}},{"type":"Feature","id":484180,"geometry":{"type":"Polygon","coordinates":[[[72.89581,21.88905],[72.89456,21.89579],[72.90228,21.89704],[72.90353,21.8903],[72.89581,21.88905]]]},"properties":{"cluster_date":"2024-12-25","cluster_fire_count":8,"total_cluster_frp":34.7,"max_frp":6.59,"cluster_convex_hull_area_km2":0.5904,"centroid_lat":21.8926,"centroid_lon":72.8991,"mean_persistence_7d":0.875,"share_forest_shrub":1.0,"share_industrial":0.0,"dominant_land_cover":30,"dominant_class":1,"dominant_label":"Agricultural burning","is_outbreak_front":true,"is_persistent_cluster":false,"cluster_id":484180}},{"type":"Feature","id":484181,"geometry":{"type":"Polygon","coordinates":[[[86.19552,23.7718],[86.19526,23.77413],[86.20594,23.78066],[86.20924,23.78109],[86.21028,23.77964],[86.20888,23.77391],[86.19552,23.7718]]]},"properties":{"cluster_date":"2024-12-25","cluster_fire_count":11,"total_cluster_frp":36.61,"max_frp":7.32,"cluster_convex_hull_area_km2":0.8384,"centroid_lat":23.7773,"centroid_lon":86.2048,"mean_persistence_7d":6.7273,"share_forest_shrub":1.0,"share_industrial":0.5455,"dominant_land_cover":10,"dominant_class":4,"dominant_label":"Persistent thermal source","is_outbreak_front":false,"is_persistent_cluster":true,"cluster_id":484181}},{"type":"Feature","id":484182,"geometry":{"type":"Polygon","coordinates":[[[72.72406,22.14768],[72.72343,22.15105],[72.72732,22.15168],[72.72406,22.14768]]]},"properties":{"cluster_date":"2024-12-25","cluster_fire_count":3,"total_cluster_frp":7.17,"max_frp":2.39,"cluster_convex_hull_area_km2":0.0742,"centroid_lat":22.1501,"centroid_lon":72.7249,"mean_persistence_7d":1.0,"share_forest_shrub":1.0,"share_industrial":0.0,"dominant_land_cover":30,"dominant_class":1,"dominant_label":"Agricultural burning","is_outbreak_front":false,"is_persistent_cluster":false,"cluster_id":484182}},{"type":"Feature","id":484183,"geometry":{"type":"Polygon","coordinates":[[[72.74184,22.2449],[72.73281,22.25039],[72.73218,22.25376],[72.74184,22.2449]]]},"properties":{"cluster_date":"2024-12-25","cluster_fire_count":4,"total_cluster_frp":9.88,"max_frp":2.86,"cluster_convex_hull_area_km2":0.1481,"centroid_lat":22.2492,"centroid_lon":72.736,"mean_persistence_7d":1.0,"share_forest_shrub":1.0,"share_industrial":0.0,"dominant_land_cover":30,"dominant_class":1,"dominant_label":"Agricultural burning","is_outbreak_front":false,"is_persistent_cluster":false,"cluster_id":484183}},{"type":"Feature","id":484184,"geometry":{"type":"Polygon","coordinates":[[[72.43404,22.31766],[72.4334,22.32106],[72.44524,22.32298],[72.44588,22.31959],[72.43799,22.3183],[72.43404,22.31766]]]},"properties":{"cluster_date":"2024-12-25","cluster_fire_count":5,"total_cluster_frp":29.35,"max_frp":6.86,"cluster_convex_hull_area_km2":0.4551,"centroid_lat":22.3199,"centroid_lon":72.4393,"mean_persistence_7d":0.0,"share_forest_shrub":1.0,"share_industrial":0.0,"dominant_land_cover":30,"dominant_class":1,"dominant_label":"Agricultural burning","is_outbreak_front":true,"is_persistent_cluster":false,"cluster_id":484184}},{"type":"Feature","id":484185,"geometry":{"type":"Polygon","coordinates":[[[77.36824,23.05609],[77.36978,23.05953],[77.37431,23.06011],[77.37191,23.05646],[77.36824,23.05609]]]},"properties":{"cluster_date":"2024-12-25","cluster_fire_count":6,"total_cluster_frp":75.86,"max_frp":23.49,"cluster_convex_hull_area_km2":0.1484,"centroid_lat":23.0581,"centroid_lon":77.3714,"mean_persistence_7d":0.0,"share_forest_shrub":1.0,"share_industrial":0.0,"dominant_land_cover":10,"dominant_class":0,"dominant_label":"Wildfire","is_outbreak_front":true,"is_persistent_cluster":false,"cluster_id":484185}},{"type":"Feature","id":484186,"geometry":{"type":"Polygon","coordinates":[[[70.27369,22.28457],[70.27417,22.28645],[70.27718,22.28577],[70.27369,22.28457]]]},"properties":{"cluster_date":"2024-12-25","cluster_fire_count":3,"total_cluster_frp":8.9,"max_frp":3.89,"cluster_convex_hull_area_km2":0.0329,"centroid_lat":22.2856,"centroid_lon":70.275,"mean_persistence_7d":0.0,"share_forest_shrub":1.0,"share_industrial":0.0,"dominant_land_cover":30,"dominant_class":1,"dominant_label":"Agricultural burning","is_outbreak_front":false,"is_persistent_cluster":false,"cluster_id":484186}},{"type":"Feature","id":484187,"geometry":{"type":"Polygon","coordinates":[[[72.18034,22.73772],[72.17903,22.74455],[72.18237,22.74862],[72.18701,22.74588],[72.18433,22.73839],[72.18034,22.73772]]]},"properties":{"cluster_date":"2024-12-25","cluster_fire_count":8,"total_cluster_frp":74.2,"max_frp":14.02,"cluster_convex_hull_area_km2":0.6147,"centroid_lat":22.7429,"centroid_lon":72.1824,"mean_persistence_7d":1.0,"share_forest_shrub":1.0,"share_industrial":0.0,"dominant_land_cover":30,"dominant_class":1,"dominant_label":"Agricultural burning","is_outbreak_front":true,"is_persistent_cluster":false,"cluster_id":484187}},{"type":"Feature","id":484188,"geometry":{"type":"Polygon","coordinates":[[[82.63457,24.14558],[82.61691,24.15978],[82.62262,24.16625],[82.62827,24.16611],[82.62964,24.16532],[82.63457,24.14558]]]},"properties":{"cluster_date":"2024-12-25","cluster_fire_count":5,"total_cluster_frp":10.47,"max_frp":4.4,"cluster_convex_hull_area_km2":1.8051,"centroid_lat":24.1606,"centroid_lon":82.6264,"mean_persistence_7d":7.0,"share_forest_shrub":0.0,"share_industrial":1.0,"dominant_land_cover":50,"dominant_class":4,"dominant_label":"Persistent thermal source","is_outbreak_front":false,"is_persistent_cluster":true,"cluster_id":484188}},{"type":"Feature","id":484189,"geometry":{"type":"Polygon","coordinates":[[[71.5323,26.43969],[71.52622,26.44915],[71.51945,26.46197],[71.52211,26.46938],[71.52613,26.47004],[71.53486,26.46799],[71.5323,26.43969]]]},"properties":{"cluster_date":"2024-12-25","cluster_fire_count":14,"total_cluster_frp":41.12,"max_frp":4.0,"cluster_convex_hull_area_km2":2.9095,"centroid_lat":26.4595,"centroid_lon":71.5271,"mean_persistence_7d":0.6429,"share_forest_shrub":0.0,"share_industrial":0.0,"dominant_land_cover":60,"dominant_class":1,"dominant_label":"Agricultural burning","is_outbreak_front":false,"is_persistent_cluster":false,"cluster_id":484189}},{"type":"Feature","id":484190,"geometry":{"type":"Polygon","coordinates":[[[80.60995,27.71035],[80.61301,27.71137],[80.63931,27.71404],[80.63631,27.71284],[80.60995,27.71035]]]},"properties":{"cluster_date":"2024-12-25","cluster_fire_count":4,"total_cluster_frp":14.07,"max_frp":4.89,"cluster_convex_hull_area_km2":0.2259,"centroid_lat":27.7122,"centroid_lon":80.6246,"mean_persistence_7d":0.5,"share_forest_shrub":0.0,"share_industrial":0.0,"dominant_land_cover":40,"dominant_class":1,"dominant_label":"Agricultural burning","is_outbreak_front":false,"is_persistent_cluster":false,"cluster_id":484190}},{"type":"Feature","id":484191,"geometry":{"type":"Polygon","coordinates":[[[80.82337,28.45847],[80.81721,28.46158],[80.82513,28.46242],[80.82337,28.45847]]]},"properties":{"cluster_date":"2024-12-25","cluster_fire_count":3,"total_cluster_frp":18.64,"max_frp":8.82,"cluster_convex_hull_area_km2":0.1565,"centroid_lat":28.4608,"centroid_lon":80.8219,"mean_persistence_7d":0.0,"share_forest_shrub":1.0,"share_industrial":0.0,"dominant_land_cover":30,"dominant_class":1,"dominant_label":"Agricultural burning","is_outbreak_front":false,"is_persistent_cluster":false,"cluster_id":484191}},{"type":"Feature","id":484192,"geometry":{"type":"Polygon","coordinates":[[[71.98004,27.46062],[71.97545,27.46332],[71.98724,27.4652],[71.98004,27.46062]]]},"properties":{"cluster_date":"2024-12-25","cluster_fire_count":4,"total_cluster_frp":12.75,"max_frp":4.28,"cluster_convex_hull_area_km2":0.2138,"centroid_lat":27.4634,"centroid_lon":71.9815,"mean_persistence_7d":1.0,"share_forest_shrub":0.0,"share_industrial":0.0,"dominant_land_cover":60,"dominant_class":1,"dominant_label":"Agricultural burning","is_outbreak_front":false,"is_persistent_cluster":false,"cluster_id":484192}},{"type":"Feature","id":484193,"geometry":{"type":"Polygon","coordinates":[[[80.23775,30.1233],[80.23318,30.1237],[80.24181,30.12455],[80.23775,30.1233]]]},"properties":{"cluster_date":"2024-12-25","cluster_fire_count":3,"total_cluster_frp":22.95,"max_frp":10.29,"cluster_convex_hull_area_km2":0.0381,"centroid_lat":30.1239,"centroid_lon":80.2376,"mean_persistence_7d":0.0,"share_forest_shrub":1.0,"share_industrial":0.0,"dominant_land_cover":10,"dominant_class":0,"dominant_label":"Wildfire","is_outbreak_front":false,"is_persistent_cluster":false,"cluster_id":484193}},{"type":"Feature","id":484194,"geometry":{"type":"Polygon","coordinates":[[[75.42006,33.20515],[75.41811,33.20863],[75.41914,33.2108],[75.42202,33.2069],[75.42006,33.20515]]]},"properties":{"cluster_date":"2024-12-25","cluster_fire_count":4,"total_cluster_frp":12.68,"max_frp":5.24,"cluster_convex_hull_area_km2":0.1046,"centroid_lat":33.2079,"centroid_lon":75.4198,"mean_persistence_7d":0.0,"share_forest_shrub":1.0,"share_industrial":0.0,"dominant_land_cover":30,"dominant_class":1,"dominant_label":"Agricultural burning","is_outbreak_front":false,"is_persistent_cluster":false,"cluster_id":484194}},{"type":"Feature","id":484195,"geometry":{"type":"Polygon","coordinates":[[[75.22371,33.28169],[75.21419,33.29507],[75.21574,33.29386],[75.22371,33.28169]]]},"properties":{"cluster_date":"2024-12-25","cluster_fire_count":3,"total_cluster_frp":11.57,"max_frp":6.01,"cluster_convex_hull_area_km2":0.047,"centroid_lat":33.2902,"centroid_lon":75.2179,"mean_persistence_7d":0.0,"share_forest_shrub":1.0,"share_industrial":0.0,"dominant_land_cover":30,"dominant_class":1,"dominant_label":"Agricultural burning","is_outbreak_front":false,"is_persistent_cluster":false,"cluster_id":484195}},{"type":"Feature","id":484196,"geometry":{"type":"Polygon","coordinates":[[[75.12768,34.02533],[75.13075,34.02941],[75.13208,34.02941],[75.13358,34.02725],[75.12768,34.02533]]]},"properties":{"cluster_date":"2024-12-25","cluster_fire_count":4,"total_cluster_frp":22.32,"max_frp":10.19,"cluster_convex_hull_area_km2":0.107,"centroid_lat":34.0279,"centroid_lon":75.131,"mean_persistence_7d":1.0,"share_forest_shrub":1.0,"share_industrial":0.0,"dominant_land_cover":30,"dominant_class":1,"dominant_label":"Agricultural burning","is_outbreak_front":false,"is_persistent_cluster":false,"cluster_id":484196}},{"type":"Feature","id":484197,"geometry":{"type":"Polygon","coordinates":[[[79.32188,22.93051],[79.32111,22.93145],[79.32561,22.93184],[79.32188,22.93051]]]},"properties":{"cluster_date":"2024-12-25","cluster_fire_count":3,"total_cluster_frp":15.02,"max_frp":6.01,"cluster_convex_hull_area_km2":0.0247,"centroid_lat":22.9313,"centroid_lon":79.3229,"mean_persistence_7d":0.6667,"share_forest_shrub":1.0,"share_industrial":0.0,"dominant_land_cover":10,"dominant_class":0,"dominant_label":"Wildfire","is_outbreak_front":false,"is_persistent_cluster":false,"cluster_id":484197}},{"type":"Feature","id":484198,"geometry":{"type":"Polygon","coordinates":[[[95.47483,27.46229],[95.47437,27.46292],[95.47823,27.4623],[95.47483,27.46229]]]},"properties":{"cluster_date":"2024-12-25","cluster_fire_count":3,"total_cluster_frp":2.92,"max_frp":1.06,"cluster_convex_hull_area_km2":0.0113,"centroid_lat":27.4625,"centroid_lon":95.4758,"mean_persistence_7d":6.0,"share_forest_shrub":0.0,"share_industrial":1.0,"dominant_land_cover":50,"dominant_class":4,"dominant_label":"Persistent thermal source","is_outbreak_front":false,"is_persistent_cluster":true,"cluster_id":484198}},{"type":"Feature","id":484199,"geometry":{"type":"Polygon","coordinates":[[[86.86118,24.11347],[86.85847,24.11635],[86.85648,24.11923],[86.85992,24.12178],[86.86118,24.11347]]]},"properties":{"cluster_date":"2024-12-25","cluster_fire_count":5,"total_cluster_frp":5.64,"max_frp":1.47,"cluster_convex_hull_area_km2":0.1833,"centroid_lat":24.117,"centroid_lon":86.8594,"mean_persistence_7d":7.0,"share_forest_shrub":1.0,"share_industrial":0.0,"dominant_land_cover":30,"dominant_class":4,"dominant_label":"Persistent thermal source","is_outbreak_front":false,"is_persistent_cluster":false,"cluster_id":484199}},{"type":"Feature","id":484200,"geometry":{"type":"Polygon","coordinates":[[[87.09904,23.68968],[87.10558,23.69528],[87.11423,23.69696],[87.1189,23.69645],[87.12358,23.69593],[87.1223,23.69136],[87.09904,23.68968]]]},"properties":{"cluster_date":"2024-12-25","cluster_fire_count":19,"total_cluster_frp":31.43,"max_frp":2.62,"cluster_convex_hull_area_km2":1.2237,"centroid_lat":23.6933,"centroid_lon":87.1132,"mean_persistence_7d":6.7368,"share_forest_shrub":0.0,"share_industrial":1.0,"dominant_land_cover":50,"dominant_class":4,"dominant_label":"Persistent thermal source","is_outbreak_front":false,"is_persistent_cluster":true,"cluster_id":484200}},{"type":"Feature","id":484201,"geometry":{"type":"Polygon","coordinates":[[[85.00327,23.72764],[85.0046,23.73775],[85.01006,23.74023],[85.01225,23.7364],[85.00327,23.72764]]]},"properties":{"cluster_date":"2024-12-25","cluster_fire_count":7,"total_cluster_frp":10.3,"max_frp":3.25,"cluster_convex_hull_area_km2":0.5726,"centroid_lat":23.7363,"centroid_lon":85.0085,"mean_persistence_7d":6.0,"share_forest_shrub":1.0,"share_industrial":0.0,"dominant_land_cover":10,"dominant_class":4,"dominant_label":"Persistent thermal source","is_outbreak_front":false,"is_persistent_cluster":false,"cluster_id":484201}},{"type":"Feature","id":484202,"geometry":{"type":"Polygon","coordinates":[[[86.78957,23.61126],[86.78718,23.61652],[86.79171,23.6168],[86.78957,23.61126]]]},"properties":{"cluster_date":"2024-12-25","cluster_fire_count":4,"total_cluster_frp":6.01,"max_frp":2.2,"cluster_convex_hull_area_km2":0.1331,"centroid_lat":23.6145,"centroid_lon":86.7895,"mean_persistence_7d":6.0,"share_forest_shrub":1.0,"share_industrial":0.0,"dominant_land_cover":30,"dominant_class":4,"dominant_label":"Persistent thermal source","is_outbreak_front":false,"is_persistent_cluster":false,"cluster_id":484202}},{"type":"Feature","id":484203,"geometry":{"type":"Polygon","coordinates":[[[87.08549,23.55819],[87.08007,23.56221],[87.08053,23.56479],[87.08496,23.56521],[87.08549,23.55819]]]},"properties":{"cluster_date":"2024-12-25","cluster_fire_count":5,"total_cluster_frp":8.7,"max_frp":2.23,"cluster_convex_hull_area_km2":0.2563,"centroid_lat":23.5625,"centroid_lon":87.0828,"mean_persistence_7d":5.0,"share_forest_shrub":0.0,"share_industrial":1.0,"dominant_land_cover":50,"dominant_class":4,"dominant_label":"Persistent thermal source","is_outbreak_front":false,"is_persistent_cluster":true,"cluster_id":484203}},{"type":"Feature","id":484204,"geometry":{"type":"Polygon","coordinates":[[[85.29081,23.69678],[85.28815,23.69937],[85.29015,23.69962],[85.29186,23.69946],[85.29081,23.69678]]]},"properties":{"cluster_date":"2024-12-25","cluster_fire_count":4,"total_cluster_frp":3.21,"max_frp":1.01,"cluster_convex_hull_area_km2":0.0575,"centroid_lat":23.6988,"centroid_lon":85.2902,"mean_persistence_7d":6.0,"share_forest_shrub":0.0,"share_industrial":1.0,"dominant_land_cover":50,"dominant_class":4,"dominant_label":"Persistent thermal source","is_outbreak_front":false,"is_persistent_cluster":true,"cluster_id":484204}},{"type":"Feature","id":484205,"geometry":{"type":"Polygon","coordinates":[[[84.99739,23.66262],[84.99486,23.668],[84.99304,23.67234],[84.99538,23.67306],[84.99798,23.66768],[84.99811,23.6638],[84.99739,23.66262]]]},"properties":{"cluster_date":"2024-12-25","cluster_fire_count":7,"total_cluster_frp":7.27,"max_frp":1.48,"cluster_convex_hull_area_km2":0.2517,"centroid_lat":23.6678,"centroid_lon":84.9961,"mean_persistence_7d":6.0,"share_forest_shrub":1.0,"share_industrial":0.0,"dominant_land_cover":10,"dominant_class":4,"dominant_label":"Persistent thermal source","is_outbreak_front":false,"is_persistent_cluster":false,"cluster_id":484205}},{"type":"Feature","id":484206,"geometry":{"type":"Polygon","coordinates":[[[80.45451,29.81599],[80.43785,29.8246],[80.45264,29.82187],[80.45646,29.8202],[80.45634,29.81642],[80.45451,29.81599]]]},"properties":{"cluster_date":"2024-12-25","cluster_fire_count":6,"total_cluster_frp":8.83,"max_frp":2.25,"cluster_convex_hull_area_km2":0.5624,"centroid_lat":29.8195,"centroid_lon":80.4518,"mean_persistence_7d":0.0,"share_forest_shrub":1.0,"share_industrial":0.0,"dominant_land_cover":10,"dominant_class":0,"dominant_label":"Wildfire","is_outbreak_front":true,"is_persistent_cluster":false,"cluster_id":484206}},{"type":"Feature","id":484207,"geometry":{"type":"Polygon","coordinates":[[[83.20238,26.75887],[83.19431,26.76059],[83.19624,26.76357],[83.20238,26.75887]]]},"properties":{"cluster_date":"2024-12-25","cluster_fire_count":4,"total_cluster_frp":4.32,"max_frp":1.32,"cluster_convex_hull_area_km2":0.1453,"centroid_lat":26.7608,"centroid_lon":83.198,"mean_persistence_7d":6.0,"share_forest_shrub":0.0,"share_industrial":0.0,"dominant_land_cover":40,"dominant_class":4,"dominant_label":"Persistent thermal source","is_outbreak_front":false,"is_persistent_cluster":false,"cluster_id":484207}},{"type":"Feature","id":484208,"geometry":{"type":"Polygon","coordinates":[[[79.47725,26.64201],[79.47222,26.64594],[79.47915,26.64471],[79.47725,26.64201]]]},"properties":{"cluster_date":"2024-12-25","cluster_fire_count":3,"total_cluster_frp":1.94,"max_frp":0.89,"cluster_convex_hull_area_km2":0.1119,"centroid_lat":26.6442,"centroid_lon":79.4762,"mean_persistence_7d":5.6667,"share_forest_shrub":0.0,"share_industrial":0.0,"dominant_land_cover":40,"dominant_class":4,"dominant_label":"Persistent thermal source","is_outbreak_front":false,"is_persistent_cluster":false,"cluster_id":484208}},{"type":"Feature","id":484209,"geometry":{"type":"Polygon","coordinates":[[[87.15704,23.66375],[87.15569,23.66548],[87.15722,23.66543],[87.15704,23.66375]]]},"properties":{"cluster_date":"2024-12-25","cluster_fire_count":3,"total_cluster_frp":3.2,"max_frp":1.19,"cluster_convex_hull_area_km2":0.014,"centroid_lat":23.6649,"centroid_lon":87.1566,"mean_persistence_7d":5.0,"share_forest_shrub":0.0,"share_industrial":1.0,"dominant_land_cover":50,"dominant_class":4,"dominant_label":"Persistent thermal source","is_outbreak_front":false,"is_persistent_cluster":true,"cluster_id":484209}},{"type":"Feature","id":484210,"geometry":{"type":"Polygon","coordinates":[[[85.49371,23.82221],[85.49425,23.82478],[85.49959,23.82425],[85.49371,23.82221]]]},"properties":{"cluster_date":"2024-12-25","cluster_fire_count":3,"total_cluster_frp":5.68,"max_frp":2.71,"cluster_convex_hull_area_km2":0.076,"centroid_lat":23.8237,"centroid_lon":85.4959,"mean_persistence_7d":6.0,"share_forest_shrub":1.0,"share_industrial":0.0,"dominant_land_cover":10,"dominant_class":4,"dominant_label":"Persistent thermal source","is_outbreak_front":false,"is_persistent_cluster":false,"cluster_id":484210}},{"type":"Feature","id":484211,"geometry":{"type":"Polygon","coordinates":[[[84.93485,23.83033],[84.92843,23.83095],[84.94572,23.83956],[84.93485,23.83033]]]},"properties":{"cluster_date":"2024-12-25","cluster_fire_count":5,"total_cluster_frp":3.52,"max_frp":0.88,"cluster_convex_hull_area_km2":0.358,"centroid_lat":23.8327,"centroid_lon":84.9353,"mean_persistence_7d":5.8,"share_forest_shrub":1.0,"share_industrial":0.0,"dominant_land_cover":10,"dominant_class":4,"dominant_label":"Persistent thermal source","is_outbreak_front":false,"is_persistent_cluster":false,"cluster_id":484211}},{"type":"Feature","id":484212,"geometry":{"type":"Polygon","coordinates":[[[84.8456,23.808],[84.84299,23.80814],[84.83975,23.80845],[84.84364,23.81326],[84.84734,23.81019],[84.8456,23.808]]]},"properties":{"cluster_date":"2024-12-25","cluster_fire_count":5,"total_cluster_frp":5.21,"max_frp":1.43,"cluster_convex_hull_area_km2":0.237,"centroid_lat":23.8096,"centroid_lon":84.8439,"mean_persistence_7d":7.0,"share_forest_shrub":1.0,"share_industrial":0.0,"dominant_land_cover":10,"dominant_class":4,"dominant_label":"Persistent thermal source","is_outbreak_front":false,"is_persistent_cluster":false,"cluster_id":484212}},{"type":"Feature","id":484213,"geometry":{"type":"Polygon","coordinates":[[[87.35977,23.48163],[87.36039,23.48595],[87.36487,23.48544],[87.35977,23.48163]]]},"properties":{"cluster_date":"2024-12-25","cluster_fire_count":3,"total_cluster_frp":3.77,"max_frp":1.73,"cluster_convex_hull_area_km2":0.107,"centroid_lat":23.4843,"centroid_lon":87.3617,"mean_persistence_7d":5.0,"share_forest_shrub":1.0,"share_industrial":0.0,"dominant_land_cover":30,"dominant_class":4,"dominant_label":"Persistent thermal source","is_outbreak_front":false,"is_persistent_cluster":false,"cluster_id":484213}},{"type":"Feature","id":484214,"geometry":{"type":"Polygon","coordinates":[[[82.6739,22.32541],[82.65705,22.32558],[82.65513,22.32703],[82.6739,22.32541]]]},"properties":{"cluster_date":"2024-12-25","cluster_fire_count":3,"total_cluster_frp":2.76,"max_frp":1.3,"cluster_convex_hull_area_km2":0.1323,"centroid_lat":22.326,"centroid_lon":82.662,"mean_persistence_7d":2.6667,"share_forest_shrub":0.0,"share_industrial":1.0,"dominant_land_cover":50,"dominant_class":4,"dominant_label":"Persistent thermal source","is_outbreak_front":false,"is_persistent_cluster":false,"cluster_id":484214}},{"type":"Feature","id":484215,"geometry":{"type":"Polygon","coordinates":[[[82.5299,22.31318],[82.52685,22.31708],[82.53249,22.32004],[82.56191,22.32636],[82.56409,22.32553],[82.56397,22.32322],[82.5299,22.31318]]]},"properties":{"cluster_date":"2024-12-25","cluster_fire_count":10,"total_cluster_frp":11.14,"max_frp":1.49,"cluster_convex_hull_area_km2":1.9171,"centroid_lat":22.3209,"centroid_lon":82.547,"mean_persistence_7d":5.9,"share_forest_shrub":0.3,"share_industrial":0.9,"dominant_land_cover":50,"dominant_class":4,"dominant_label":"Persistent thermal source","is_outbreak_front":false,"is_persistent_cluster":true,"cluster_id":484215}},{"type":"Feature","id":484216,"geometry":{"type":"Polygon","coordinates":[[[83.38137,22.02468],[83.36432,22.02961],[83.35117,22.03636],[83.35042,22.04201],[83.35236,22.04135],[83.36694,22.03301],[83.38137,22.02468]]]},"properties":{"cluster_date":"2024-12-25","cluster_fire_count":9,"total_cluster_frp":10.66,"max_frp":2.21,"cluster_convex_hull_area_km2":1.2458,"centroid_lat":22.0347,"centroid_lon":83.3608,"mean_persistence_7d":5.7778,"share_forest_shrub":0.0,"share_industrial":1.0,"dominant_land_cover":50,"dominant_class":4,"dominant_label":"Persistent thermal source","is_outbreak_front":false,"is_persistent_cluster":true,"cluster_id":484216}},{"type":"Feature","id":484217,"geometry":{"type":"Polygon","coordinates":[[[83.23779,21.98013],[83.23151,21.9836],[83.23051,21.98642],[83.23465,21.9838],[83.23779,21.98013]]]},"properties":{"cluster_date":"2024-12-25","cluster_fire_count":4,"total_cluster_frp":5.95,"max_frp":2.61,"cluster_convex_hull_area_km2":0.1167,"centroid_lat":21.9835,"centroid_lon":83.2336,"mean_persistence_7d":5.0,"share_forest_shrub":1.0,"share_industrial":0.0,"dominant_land_cover":10,"dominant_class":4,"dominant_label":"Persistent thermal source","is_outbreak_front":false,"is_persistent_cluster":false,"cluster_id":484217}},{"type":"Feature","id":484218,"geometry":{"type":"Polygon","coordinates":[[[82.66534,22.00579],[82.67019,22.00888],[82.66964,22.00585],[82.66534,22.00579]]]},"properties":{"cluster_date":"2024-12-25","cluster_fire_count":3,"total_cluster_frp":6.77,"max_frp":2.61,"cluster_convex_hull_area_km2":0.0715,"centroid_lat":22.0068,"centroid_lon":82.6684,"mean_persistence_7d":6.0,"share_forest_shrub":1.0,"share_industrial":0.0,"dominant_land_cover":10,"dominant_class":4,"dominant_label":"Persistent thermal source","is_outbreak_front":false,"is_persistent_cluster":false,"cluster_id":484218}},{"type":"Feature","id":484219,"geometry":{"type":"Polygon","coordinates":[[[83.35077,21.91906],[83.34692,21.91943],[83.34483,21.92001],[83.33385,21.92657],[83.33515,21.93759],[83.35284,21.92219],[83.35077,21.91906]]]},"properties":{"cluster_date":"2024-12-25","cluster_fire_count":12,"total_cluster_frp":17.18,"max_frp":3.28,"cluster_convex_hull_area_km2":1.7262,"centroid_lat":21.9252,"centroid_lon":83.344,"mean_persistence_7d":4.4167,"share_forest_shrub":0.0,"share_industrial":1.0,"dominant_land_cover":50,"dominant_class":4,"dominant_label":"Persistent thermal source","is_outbreak_front":false,"is_persistent_cluster":true,"cluster_id":484219}},{"type":"Feature","id":484220,"geometry":{"type":"Polygon","coordinates":[[[83.82198,21.74987],[83.81483,21.75059],[83.82414,21.77486],[83.82503,21.77652],[83.84398,21.76221],[83.83984,21.75721],[83.82198,21.74987]]]},"properties":{"cluster_date":"2024-12-25","cluster_fire_count":9,"total_cluster_frp":18.67,"max_frp":2.83,"cluster_convex_hull_area_km2":4.4469,"centroid_lat":21.7618,"centroid_lon":83.8325,"mean_persistence_7d":5.4444,"share_forest_shrub":1.0,"share_industrial":0.0,"dominant_land_cover":30,"dominant_class":4,"dominant_label":"Persistent thermal source","is_outbreak_front":false,"is_persistent_cluster":false,"cluster_id":484220}},{"type":"Feature","id":484221,"geometry":{"type":"Polygon","coordinates":[[[82.04171,21.80076],[82.03722,21.80128],[82.03929,21.8055],[82.04109,21.80364],[82.04171,21.80076]]]},"properties":{"cluster_date":"2024-12-25","cluster_fire_count":4,"total_cluster_frp":4.7,"max_frp":1.34,"cluster_convex_hull_area_km2":0.1326,"centroid_lat":21.8028,"centroid_lon":82.0398,"mean_persistence_7d":7.0,"share_forest_shrub":1.0,"share_industrial":0.0,"dominant_land_cover":10,"dominant_class":4,"dominant_label":"Persistent thermal source","is_outbreak_front":false,"is_persistent_cluster":false,"cluster_id":484221}},{"type":"Feature","id":484222,"geometry":{"type":"Polygon","coordinates":[[[81.77222,21.48767],[81.76711,21.48979],[81.76577,21.49075],[81.76876,21.49161],[81.77222,21.48767]]]},"properties":{"cluster_date":"2024-12-25","cluster_fire_count":4,"total_cluster_frp":7.33,"max_frp":2.59,"cluster_convex_hull_area_km2":0.093,"centroid_lat":21.49,"centroid_lon":81.7685,"mean_persistence_7d":7.0,"share_forest_shrub":1.0,"share_industrial":0.0,"dominant_land_cover":10,"dominant_class":4,"dominant_label":"Persistent thermal source","is_outbreak_front":false,"is_persistent_cluster":false,"cluster_id":484222}},{"type":"Feature","id":484223,"geometry":{"type":"Polygon","coordinates":[[[81.64161,21.36538],[81.6373,21.37189],[81.63796,21.37797],[81.64306,21.39038],[81.64799,21.38992],[81.67914,21.38141],[81.68181,21.37829],[81.67538,21.36844],[81.64161,21.36538]]]},"properties":{"cluster_date":"2024-12-25","cluster_fire_count":17,"total_cluster_frp":34.22,"max_frp":3.38,"cluster_convex_hull_area_km2":8.604,"centroid_lat":21.3779,"centroid_lon":81.6519,"mean_persistence_7d":6.0,"share_forest_shrub":0.0,"share_industrial":1.0,"dominant_land_cover":50,"dominant_class":4,"dominant_label":"Persistent thermal source","is_outbreak_front":false,"is_persistent_cluster":true,"cluster_id":484223}},{"type":"Feature","id":484224,"geometry":{"type":"Polygon","coordinates":[[[81.38283,21.18231],[81.38464,21.18873],[81.39504,21.20057],[81.3944,21.19441],[81.3853,21.18285],[81.38283,21.18231]]]},"properties":{"cluster_date":"2024-12-25","cluster_fire_count":6,"total_cluster_frp":11.9,"max_frp":2.66,"cluster_convex_hull_area_km2":0.7341,"centroid_lat":21.1896,"centroid_lon":81.3885,"mean_persistence_7d":6.1667,"share_forest_shrub":0.0,"share_industrial":1.0,"dominant_land_cover":50,"dominant_class":4,"dominant_label":"Persistent thermal source","is_outbreak_front":false,"is_persistent_cluster":true,"cluster_id":484224}},{"type":"Feature","id":484225,"geometry":{"type":"Polygon","coordinates":[[[80.78446,17.95732],[80.77942,17.95832],[80.78205,17.95874],[80.78446,17.95732]]]},"properties":{"cluster_date":"2024-12-25","cluster_fire_count":3,"total_cluster_frp":6.79,"max_frp":2.46,"cluster_convex_hull_area_km2":0.027,"centroid_lat":17.9581,"centroid_lon":80.782,"mean_persistence_7d":5.0,"share_forest_shrub":1.0,"share_industrial":0.0,"dominant_land_cover":30,"dominant_class":4,"dominant_label":"Persistent thermal source","is_outbreak_front":false,"is_persistent_cluster":false,"cluster_id":484225}},{"type":"Feature","id":484226,"geometry":{"type":"Polygon","coordinates":[[[75.54127,33.30737],[75.53967,33.30853],[75.539,33.3091],[75.54127,33.30737]]]},"properties":{"cluster_date":"2024-12-25","cluster_fire_count":3,"total_cluster_frp":4.34,"max_frp":1.99,"cluster_convex_hull_area_km2":0.0007,"centroid_lat":33.3083,"centroid_lon":75.54,"mean_persistence_7d":0.0,"share_forest_shrub":1.0,"share_industrial":0.0,"dominant_land_cover":30,"dominant_class":1,"dominant_label":"Agricultural burning","is_outbreak_front":false,"is_persistent_cluster":false,"cluster_id":484226}},{"type":"Feature","id":484227,"geometry":{"type":"Polygon","coordinates":[[[75.30342,33.2827],[75.29964,33.28602],[75.30447,33.28604],[75.30496,33.285],[75.30342,33.2827]]]},"properties":{"cluster_date":"2024-12-25","cluster_fire_count":4,"total_cluster_frp":9.44,"max_frp":2.95,"cluster_convex_hull_area_km2":0.0961,"centroid_lat":33.2849,"centroid_lon":75.3031,"mean_persistence_7d":1.25,"share_forest_shrub":1.0,"share_industrial":0.0,"dominant_land_cover":30,"dominant_class":1,"dominant_label":"Agricultural burning","is_outbreak_front":false,"is_persistent_cluster":false,"cluster_id":484227}},{"type":"Feature","id":484228,"geometry":{"type":"Polygon","coordinates":[[[76.00903,32.54895],[76.00462,32.54961],[76.00089,32.55135],[76.0057,32.55138],[76.00998,32.55053],[76.01011,32.54951],[76.00903,32.54895]]]},"properties":{"cluster_date":"2024-12-25","cluster_fire_count":6,"total_cluster_frp":11.16,"max_frp":3.52,"cluster_convex_hull_area_km2":0.1319,"centroid_lat":32.5502,"centroid_lon":76.0067,"mean_persistence_7d":0.0,"share_forest_shrub":1.0,"share_industrial":0.0,"dominant_land_cover":10,"dominant_class":0,"dominant_label":"Wildfire","is_outbreak_front":true,"is_persistent_cluster":false,"cluster_id":484228}},{"type":"Feature","id":484229,"geometry":{"type":"Polygon","coordinates":[[[77.21777,28.33712],[77.21896,28.34148],[77.23953,28.36013],[77.24282,28.35692],[77.22089,28.33731],[77.21777,28.33712]]]},"properties":{"cluster_date":"2024-12-25","cluster_fire_count":8,"total_cluster_frp":9.11,"max_frp":1.7,"cluster_convex_hull_area_km2":1.4188,"centroid_lat":28.3443,"centroid_lon":77.2254,"mean_persistence_7d":2.0,"share_forest_shrub":0.0,"share_industrial":0.0,"dominant_land_cover":40,"dominant_class":4,"dominant_label":"Persistent thermal source","is_outbreak_front":false,"is_persistent_cluster":false,"cluster_id":484229}},{"type":"Feature","id":484230,"geometry":{"type":"Polygon","coordinates":[[[73.51509,26.87435],[73.51419,26.87755],[73.51446,26.87942],[73.51667,26.87649],[73.51509,26.87435]]]},"properties":{"cluster_date":"2024-12-25","cluster_fire_count":5,"total_cluster_frp":5.11,"max_frp":1.35,"cluster_convex_hull_area_km2":0.0632,"centroid_lat":26.8771,"centroid_lon":73.5152,"mean_persistence_7d":6.0,"share_forest_shrub":1.0,"share_industrial":0.0,"dominant_land_cover":30,"dominant_class":4,"dominant_label":"Persistent thermal source","is_outbreak_front":false,"is_persistent_cluster":false,"cluster_id":484230}},{"type":"Feature","id":484231,"geometry":{"type":"Polygon","coordinates":[[[82.33492,23.16343],[82.33606,23.168],[82.33763,23.17179],[82.34374,23.17027],[82.34124,23.16691],[82.33492,23.16343]]]},"properties":{"cluster_date":"2024-12-25","cluster_fire_count":7,"total_cluster_frp":19.09,"max_frp":4.93,"cluster_convex_hull_area_km2":0.3849,"centroid_lat":23.1679,"centroid_lon":82.3381,"mean_persistence_7d":7.0,"share_forest_shrub":1.0,"share_industrial":0.0,"dominant_land_cover":10,"dominant_class":4,"dominant_label":"Persistent thermal source","is_outbreak_front":false,"is_persistent_cluster":false,"cluster_id":484231}},{"type":"Feature","id":484232,"geometry":{"type":"Polygon","coordinates":[[[70.48732,23.31418],[70.48799,23.31757],[70.48767,23.31586],[70.48732,23.31418]]]},"properties":{"cluster_date":"2024-12-25","cluster_fire_count":3,"total_cluster_frp":2.41,"max_frp":1.09,"cluster_convex_hull_area_km2":0.0003,"centroid_lat":23.3159,"centroid_lon":70.4877,"mean_persistence_7d":6.0,"share_forest_shrub":0.0,"share_industrial":0.0,"dominant_land_cover":60,"dominant_class":4,"dominant_label":"Persistent thermal source","is_outbreak_front":false,"is_persistent_cluster":false,"cluster_id":484232}},{"type":"Feature","id":484233,"geometry":{"type":"Polygon","coordinates":[[[72.56595,22.97603],[72.56252,22.98004],[72.58865,22.98763],[72.56595,22.97603]]]},"properties":{"cluster_date":"2024-12-25","cluster_fire_count":5,"total_cluster_frp":3.49,"max_frp":1.0,"cluster_convex_hull_area_km2":0.7143,"centroid_lat":22.9799,"centroid_lon":72.57,"mean_persistence_7d":2.4,"share_forest_shrub":1.0,"share_industrial":0.0,"dominant_land_cover":30,"dominant_class":4,"dominant_label":"Persistent thermal source","is_outbreak_front":false,"is_persistent_cluster":false,"cluster_id":484233}},{"type":"Feature","id":484234,"geometry":{"type":"Polygon","coordinates":[[[68.71143,23.42884],[68.71034,23.4322],[68.71407,23.43161],[68.71143,23.42884]]]},"properties":{"cluster_date":"2024-12-25","cluster_fire_count":3,"total_cluster_frp":1.97,"max_frp":0.97,"cluster_convex_hull_area_km2":0.0647,"centroid_lat":23.4309,"centroid_lon":68.7119,"mean_persistence_7d":7.0,"share_forest_shrub":1.0,"share_industrial":0.0,"dominant_land_cover":30,"dominant_class":4,"dominant_label":"Persistent thermal source","is_outbreak_front":false,"is_persistent_cluster":false,"cluster_id":484234}},{"type":"Feature","id":484235,"geometry":{"type":"Polygon","coordinates":[[[70.9204,22.78584],[70.92097,22.7895],[70.92167,22.7885],[70.9204,22.78584]]]},"properties":{"cluster_date":"2024-12-25","cluster_fire_count":3,"total_cluster_frp":3.01,"max_frp":1.13,"cluster_convex_hull_area_km2":0.0171,"centroid_lat":22.7879,"centroid_lon":70.921,"mean_persistence_7d":5.0,"share_forest_shrub":1.0,"share_industrial":0.0,"dominant_land_cover":30,"dominant_class":4,"dominant_label":"Persistent thermal source","is_outbreak_front":false,"is_persistent_cluster":false,"cluster_id":484235}},{"type":"Feature","id":484236,"geometry":{"type":"Polygon","coordinates":[[[78.63697,20.69715],[78.62254,20.70375],[78.62164,20.7048],[78.63697,20.69715]]]},"properties":{"cluster_date":"2024-12-25","cluster_fire_count":3,"total_cluster_frp":3.26,"max_frp":1.12,"cluster_convex_hull_area_km2":0.0512,"centroid_lat":20.7019,"centroid_lon":78.627,"mean_persistence_7d":3.6667,"share_forest_shrub":1.0,"share_industrial":0.0,"dominant_land_cover":10,"dominant_class":4,"dominant_label":"Persistent thermal source","is_outbreak_front":false,"is_persistent_cluster":false,"cluster_id":484236}},{"type":"Feature","id":484237,"geometry":{"type":"Polygon","coordinates":[[[71.4598,20.91023],[71.45811,20.91204],[71.46002,20.91111],[71.4598,20.91023]]]},"properties":{"cluster_date":"2024-12-25","cluster_fire_count":4,"total_cluster_frp":6.85,"max_frp":1.88,"cluster_convex_hull_area_km2":0.0105,"centroid_lat":20.9111,"centroid_lon":71.4593,"mean_persistence_7d":6.0,"share_forest_shrub":1.0,"share_industrial":0.0,"dominant_land_cover":30,"dominant_class":4,"dominant_label":"Persistent thermal source","is_outbreak_front":false,"is_persistent_cluster":false,"cluster_id":484237}},{"type":"Feature","id":484238,"geometry":{"type":"Polygon","coordinates":[[[73.05177,19.10003],[73.04216,19.10884],[73.04208,19.11031],[73.05281,19.10404],[73.05202,19.10051],[73.05177,19.10003]]]},"properties":{"cluster_date":"2024-12-25","cluster_fire_count":6,"total_cluster_frp":6.54,"max_frp":1.42,"cluster_convex_hull_area_km2":0.358,"centroid_lat":19.1046,"centroid_lon":73.0489,"mean_persistence_7d":4.1667,"share_forest_shrub":1.0,"share_industrial":0.0,"dominant_land_cover":30,"dominant_class":4,"dominant_label":"Persistent thermal source","is_outbreak_front":false,"is_persistent_cluster":false,"cluster_id":484238}},{"type":"Feature","id":484239,"geometry":{"type":"Polygon","coordinates":[[[73.59262,16.55232],[73.59148,16.55427],[73.59205,16.55759],[73.59316,16.55679],[73.59262,16.55232]]]},"properties":{"cluster_date":"2024-12-25","cluster_fire_count":4,"total_cluster_frp":8.78,"max_frp":4.42,"cluster_convex_hull_area_km2":0.0594,"centroid_lat":16.5552,"centroid_lon":73.5923,"mean_persistence_7d":0.0,"share_forest_shrub":1.0,"share_industrial":0.0,"dominant_land_cover":10,"dominant_class":0,"dominant_label":"Wildfire","is_outbreak_front":false,"is_persistent_cluster":false,"cluster_id":484239}},{"type":"Feature","id":484240,"geometry":{"type":"Polygon","coordinates":[[[76.67181,15.16825],[76.65399,15.1752],[76.65471,15.17893],[76.66472,15.18106],[76.67403,15.17945],[76.67181,15.16825]]]},"properties":{"cluster_date":"2024-12-25","cluster_fire_count":6,"total_cluster_frp":12.65,"max_frp":2.6,"cluster_convex_hull_area_km2":1.8874,"centroid_lat":15.1768,"centroid_lon":76.6631,"mean_persistence_7d":5.6667,"share_forest_shrub":0.0,"share_industrial":1.0,"dominant_land_cover":50,"dominant_class":4,"dominant_label":"Persistent thermal source","is_outbreak_front":false,"is_persistent_cluster":true,"cluster_id":484240}},{"type":"Feature","id":484241,"geometry":{"type":"Polygon","coordinates":[[[76.38001,15.17183],[76.37643,15.17257],[76.37586,15.17696],[76.38001,15.17183]]]},"properties":{"cluster_date":"2024-12-25","cluster_fire_count":3,"total_cluster_frp":6.05,"max_frp":2.38,"cluster_convex_hull_area_km2":0.0895,"centroid_lat":15.1738,"centroid_lon":76.3774,"mean_persistence_7d":4.0,"share_forest_shrub":1.0,"share_industrial":0.0,"dominant_land_cover":30,"dominant_class":4,"dominant_label":"Persistent thermal source","is_outbreak_front":false,"is_persistent_cluster":false,"cluster_id":484241}},{"type":"Feature","id":484242,"geometry":{"type":"Polygon","coordinates":[[[91.49593,25.35914],[91.49392,25.36729],[91.50424,25.36077],[91.50008,25.35995],[91.49593,25.35914]]]},"properties":{"cluster_date":"2024-12-26","cluster_fire_count":6,"total_cluster_frp":51.59,"max_frp":11.69,"cluster_convex_hull_area_km2":0.381,"centroid_lat":25.3615,"centroid_lon":91.4986,"mean_persistence_7d":0.0,"share_forest_shrub":1.0,"share_industrial":0.0,"dominant_land_cover":10,"dominant_class":0,"dominant_label":"Wildfire","is_outbreak_front":true,"is_persistent_cluster":false,"cluster_id":484242}},{"type":"Feature","id":484243,"geometry":{"type":"Polygon","coordinates":[[[91.27628,25.42758],[91.27254,25.42823],[91.27448,25.43351],[91.27767,25.4295],[91.27628,25.42758]]]},"properties":{"cluster_date":"2024-12-26","cluster_fire_count":5,"total_cluster_frp":19.06,"max_frp":5.02,"cluster_convex_hull_area_km2":0.1753,"centroid_lat":25.4297,"centroid_lon":91.2752,"mean_persistence_7d":0.0,"share_forest_shrub":1.0,"share_industrial":0.0,"dominant_land_cover":10,"dominant_class":0,"dominant_label":"Wildfire","is_outbreak_front":true,"is_persistent_cluster":false,"cluster_id":484243}},{"type":"Feature","id":484244,"geometry":{"type":"Polygon","coordinates":[[[91.65121,25.61693],[91.65066,25.62113],[91.65266,25.61896],[91.65121,25.61693]]]},"properties":{"cluster_date":"2024-12-26","cluster_fire_count":3,"total_cluster_frp":11.91,"max_frp":4.33,"cluster_convex_hull_area_km2":0.0386,"centroid_lat":25.619,"centroid_lon":91.6515,"mean_persistence_7d":0.0,"share_forest_shrub":1.0,"share_industrial":0.0,"dominant_land_cover":10,"dominant_class":0,"dominant_label":"Wildfire","is_outbreak_front":false,"is_persistent_cluster":false,"cluster_id":484244}},{"type":"Feature","id":484245,"geometry":{"type":"Polygon","coordinates":[[[95.09576,26.5597],[95.09483,26.56443],[95.09444,26.56942],[95.09819,26.57354],[95.11066,26.56293],[95.10976,26.56147],[95.09576,26.5597]]]},"properties":{"cluster_date":"2024-12-26","cluster_fire_count":7,"total_cluster_frp":99.21,"max_frp":40.39,"cluster_convex_hull_area_km2":1.3926,"centroid_lat":26.5649,"centroid_lon":95.1,"mean_persistence_7d":1.2857,"share_forest_shrub":1.0,"share_industrial":0.0,"dominant_land_cover":10,"dominant_class":0,"dominant_label":"Wildfire","is_outbreak_front":false,"is_persistent_cluster":false,"cluster_id":484245}},{"type":"Feature","id":484246,"geometry":{"type":"Polygon","coordinates":[[[95.02489,26.54726],[95.01279,26.54874],[95.01189,26.55141],[95.0123,26.55217],[95.01532,26.55619],[95.01863,26.55783],[95.03197,26.56071],[95.03349,26.55609],[95.02992,26.55037],[95.02489,26.54726]]]},"properties":{"cluster_date":"2024-12-26","cluster_fire_count":27,"total_cluster_frp":373.77,"max_frp":27.7,"cluster_convex_hull_area_km2":2.0373,"centroid_lat":26.5538,"centroid_lon":95.0229,"mean_persistence_7d":0.0,"share_forest_shrub":1.0,"share_industrial":0.0,"dominant_land_cover":10,"dominant_class":0,"dominant_label":"Wildfire","is_outbreak_front":true,"is_persistent_cluster":false,"cluster_id":484246}},{"type":"Feature","id":484247,"geometry":{"type":"Polygon","coordinates":[[[94.82725,26.59474],[94.83854,26.60286],[94.83823,26.60014],[94.82725,26.59474]]]},"properties":{"cluster_date":"2024-12-26","cluster_fire_count":3,"total_cluster_frp":21.83,"max_frp":14.26,"cluster_convex_hull_area_km2":0.1499,"centroid_lat":26.5992,"centroid_lon":94.8347,"mean_persistence_7d":1.0,"share_forest_shrub":1.0,"share_industrial":0.0,"dominant_land_cover":10,"dominant_class":4,"dominant_label":"Persistent thermal source","is_outbreak_front":false,"is_persistent_cluster":false,"cluster_id":484247}},{"type":"Feature","id":484248,"geometry":{"type":"Polygon","coordinates":[[[94.92037,26.65064],[94.91983,26.65549],[94.92129,26.65301],[94.92037,26.65064]]]},"properties":{"cluster_date":"2024-12-26","cluster_fire_count":3,"total_cluster_frp":24.59,"max_frp":9.94,"cluster_convex_hull_area_km2":0.0305,"centroid_lat":26.653,"centroid_lon":94.9205,"mean_persistence_7d":0.0,"share_forest_shrub":1.0,"share_industrial":0.0,"dominant_land_cover":10,"dominant_class":0,"dominant_label":"Wildfire","is_outbreak_front":false,"is_persistent_cluster":false,"cluster_id":484248}},{"type":"Feature","id":484249,"geometry":{"type":"Polygon","coordinates":[[[94.80357,26.64378],[94.80289,26.64721],[94.80328,26.65026],[94.80555,26.65473],[94.80907,26.65651],[94.81885,26.65695],[94.81579,26.64937],[94.81213,26.64522],[94.80357,26.64378]]]},"properties":{"cluster_date":"2024-12-26","cluster_fire_count":18,"total_cluster_frp":368.58,"max_frp":81.26,"cluster_convex_hull_area_km2":1.5002,"centroid_lat":26.6505,"centroid_lon":94.8095,"mean_persistence_7d":0.0,"share_forest_shrub":1.0,"share_industrial":0.0,"dominant_land_cover":10,"dominant_class":0,"dominant_label":"Wildfire","is_outbreak_front":true,"is_persistent_cluster":false,"cluster_id":484249}},{"type":"Feature","id":484250,"geometry":{"type":"Polygon","coordinates":[[[94.99865,26.89139],[95.00331,26.89908],[95.00065,26.89162],[94.99865,26.89139]]]},"properties":{"cluster_date":"2024-12-26","cluster_fire_count":3,"total_cluster_frp":16.02,"max_frp":7.0,"cluster_convex_hull_area_km2":0.0759,"centroid_lat":26.894,"centroid_lon":95.0009,"mean_persistence_7d":0.0,"share_forest_shrub":0.0,"share_industrial":0.0,"dominant_land_cover":40,"dominant_class":1,"dominant_label":"Agricultural burning","is_outbreak_front":false,"is_persistent_cluster":false,"cluster_id":484250}},{"type":"Feature","id":484251,"geometry":{"type":"Polygon","coordinates":[[[95.47167,27.03363],[95.46846,27.03469],[95.47089,27.03696],[95.47496,27.03763],[95.47414,27.03587],[95.47167,27.03363]]]},"properties":{"cluster_date":"2024-12-26","cluster_fire_count":5,"total_cluster_frp":50.31,"max_frp":20.87,"cluster_convex_hull_area_km2":0.1402,"centroid_lat":27.0358,"centroid_lon":95.472,"mean_persistence_7d":0.0,"share_forest_shrub":1.0,"share_industrial":0.0,"dominant_land_cover":10,"dominant_class":0,"dominant_label":"Wildfire","is_outbreak_front":true,"is_persistent_cluster":false,"cluster_id":484251}},{"type":"Feature","id":484252,"geometry":{"type":"Polygon","coordinates":[[[94.4616,27.54391],[94.46087,27.54734],[94.46436,27.55149],[94.4651,27.54806],[94.4616,27.54391]]]},"properties":{"cluster_date":"2024-12-26","cluster_fire_count":5,"total_cluster_frp":33.41,"max_frp":15.59,"cluster_convex_hull_area_km2":0.1589,"centroid_lat":27.5475,"centroid_lon":94.463,"mean_persistence_7d":0.0,"share_forest_shrub":1.0,"share_industrial":0.0,"dominant_land_cover":10,"dominant_class":0,"dominant_label":"Wildfire","is_outbreak_front":true,"is_persistent_cluster":false,"cluster_id":484252}},{"type":"Feature","id":484253,"geometry":{"type":"Polygon","coordinates":[[[85.26358,20.78413],[85.25924,20.78498],[85.24637,20.79465],[85.25316,20.80778],[85.25567,20.81105],[85.26562,20.79176],[85.26648,20.78875],[85.26358,20.78413]]]},"properties":{"cluster_date":"2024-12-26","cluster_fire_count":26,"total_cluster_frp":58.48,"max_frp":6.79,"cluster_convex_hull_area_km2":3.0561,"centroid_lat":20.7943,"centroid_lon":85.2568,"mean_persistence_7d":2.5769,"share_forest_shrub":0.0,"share_industrial":1.0,"dominant_land_cover":50,"dominant_class":4,"dominant_label":"Persistent thermal source","is_outbreak_front":false,"is_persistent_cluster":false,"cluster_id":484253}},{"type":"Feature","id":484254,"geometry":{"type":"Polygon","coordinates":[[[88.10241,22.04721],[88.09901,22.0519],[88.12293,22.05732],[88.12606,22.05665],[88.12797,22.05099],[88.10241,22.04721]]]},"properties":{"cluster_date":"2024-12-26","cluster_fire_count":12,"total_cluster_frp":30.15,"max_frp":7.78,"cluster_convex_hull_area_km2":1.8037,"centroid_lat":22.0522,"centroid_lon":88.1153,"mean_persistence_7d":2.75,"share_forest_shrub":0.0,"share_industrial":1.0,"dominant_land_cover":50,"dominant_class":3,"dominant_label":"Gas flare","is_outbreak_front":false,"is_persistent_cluster":false,"cluster_id":484254}},{"type":"Feature","id":484255,"geometry":{"type":"Polygon","coordinates":[[[87.28848,22.35705],[87.2725,22.378],[87.27292,22.37886],[87.27549,22.3804],[87.28878,22.3817],[87.29923,22.3723],[87.3029,22.36892],[87.30258,22.36379],[87.28848,22.35705]]]},"properties":{"cluster_date":"2024-12-26","cluster_fire_count":19,"total_cluster_frp":43.43,"max_frp":4.09,"cluster_convex_hull_area_km2":4.6784,"centroid_lat":22.3729,"centroid_lon":87.288,"mean_persistence_7d":4.7895,"share_forest_shrub":1.0,"share_industrial":0.0,"dominant_land_cover":30,"dominant_class":4,"dominant_label":"Persistent thermal source","is_outbreak_front":false,"is_persistent_cluster":false,"cluster_id":484255}},{"type":"Feature","id":484256,"geometry":{"type":"Polygon","coordinates":[[[84.89104,21.83463],[84.89154,21.83502],[84.89394,21.8359],[84.89605,21.83507],[84.89104,21.83463]]]},"properties":{"cluster_date":"2024-12-26","cluster_fire_count":4,"total_cluster_frp":28.47,"max_frp":11.63,"cluster_convex_hull_area_km2":0.0308,"centroid_lat":21.8352,"centroid_lon":84.8931,"mean_persistence_7d":0.0,"share_forest_shrub":1.0,"share_industrial":0.0,"dominant_land_cover":30,"dominant_class":1,"dominant_label":"Agricultural burning","is_outbreak_front":false,"is_persistent_cluster":false,"cluster_id":484256}},{"type":"Feature","id":484257,"geometry":{"type":"Polygon","coordinates":[[[88.05044,23.25954],[88.0486,23.28133],[88.05001,23.27771],[88.05044,23.25954]]]},"properties":{"cluster_date":"2024-12-26","cluster_fire_count":3,"total_cluster_frp":9.42,"max_frp":5.62,"cluster_convex_hull_area_km2":0.1311,"centroid_lat":23.2729,"centroid_lon":88.0497,"mean_persistence_7d":1.0,"share_forest_shrub":1.0,"share_industrial":0.0,"dominant_land_cover":30,"dominant_class":1,"dominant_label":"Agricultural burning","is_outbreak_front":false,"is_persistent_cluster":false,"cluster_id":484257}},{"type":"Feature","id":484258,"geometry":{"type":"Polygon","coordinates":[[[87.73061,23.30028],[87.71281,23.30768],[87.71306,23.30984],[87.73076,23.30254],[87.73061,23.30028]]]},"properties":{"cluster_date":"2024-12-26","cluster_fire_count":4,"total_cluster_frp":19.7,"max_frp":6.82,"cluster_convex_hull_area_km2":0.4433,"centroid_lat":23.3051,"centroid_lon":87.7218,"mean_persistence_7d":1.0,"share_forest_shrub":1.0,"share_industrial":0.0,"dominant_land_cover":30,"dominant_class":1,"dominant_label":"Agricultural burning","is_outbreak_front":false,"is_persistent_cluster":false,"cluster_id":484258}},{"type":"Feature","id":484259,"geometry":{"type":"Polygon","coordinates":[[[88.01524,23.36836],[88.02287,23.381],[88.02356,23.37994],[88.01524,23.36836]]]},"properties":{"cluster_date":"2024-12-26","cluster_fire_count":3,"total_cluster_frp":8.06,"max_frp":3.97,"cluster_convex_hull_area_km2":0.0915,"centroid_lat":23.3764,"centroid_lon":88.0206,"mean_persistence_7d":0.6667,"share_forest_shrub":1.0,"share_industrial":0.0,"dominant_land_cover":30,"dominant_class":1,"dominant_label":"Agricultural burning","is_outbreak_front":false,"is_persistent_cluster":false,"cluster_id":484259}},{"type":"Feature","id":484260,"geometry":{"type":"Polygon","coordinates":[[[87.87638,23.43952],[87.87424,23.44143],[87.89089,23.44281],[87.8938,23.44014],[87.87638,23.43952]]]},"properties":{"cluster_date":"2024-12-26","cluster_fire_count":4,"total_cluster_frp":10.9,"max_frp":3.47,"cluster_convex_hull_area_km2":0.452,"centroid_lat":23.441,"centroid_lon":87.8838,"mean_persistence_7d":0.0,"share_forest_shrub":1.0,"share_industrial":0.0,"dominant_land_cover":30,"dominant_class":1,"dominant_label":"Agricultural burning","is_outbreak_front":false,"is_persistent_cluster":false,"cluster_id":484260}},{"type":"Feature","id":484261,"geometry":{"type":"Polygon","coordinates":[[[87.79308,23.65678],[87.79269,23.65917],[87.79634,23.65996],[87.79672,23.6576],[87.79308,23.65678]]]},"properties":{"cluster_date":"2024-12-26","cluster_fire_count":4,"total_cluster_frp":26.89,"max_frp":7.85,"cluster_convex_hull_area_km2":0.0974,"centroid_lat":23.6584,"centroid_lon":87.7947,"mean_persistence_7d":0.0,"share_forest_shrub":1.0,"share_industrial":0.0,"dominant_land_cover":30,"dominant_class":1,"dominant_label":"Agricultural burning","is_outbreak_front":false,"is_persistent_cluster":false,"cluster_id":484261}},{"type":"Feature","id":484262,"geometry":{"type":"Polygon","coordinates":[[[87.99341,23.78502],[87.98225,23.82034],[87.9809,23.82555],[87.99823,23.80189],[87.99341,23.78502]]]},"properties":{"cluster_date":"2024-12-26","cluster_fire_count":4,"total_cluster_frp":12.32,"max_frp":5.82,"cluster_convex_hull_area_km2":2.2617,"centroid_lat":23.8082,"centroid_lon":87.9887,"mean_persistence_7d":1.5,"share_forest_shrub":1.0,"share_industrial":0.0,"dominant_land_cover":30,"dominant_class":1,"dominant_label":"Agricultural burning","is_outbreak_front":false,"is_persistent_cluster":false,"cluster_id":484262}},{"type":"Feature","id":484263,"geometry":{"type":"Polygon","coordinates":[[[87.7877,24.02368],[87.79213,24.03578],[87.79856,24.04276],[87.7877,24.02368]]]},"properties":{"cluster_date":"2024-12-26","cluster_fire_count":3,"total_cluster_frp":8.11,"max_frp":3.4,"cluster_convex_hull_area_km2":0.2539,"centroid_lat":24.0341,"centroid_lon":87.7928,"mean_persistence_7d":1.3333,"share_forest_shrub":1.0,"share_industrial":0.0,"dominant_land_cover":30,"dominant_class":1,"dominant_label":"Agricultural burning","is_outbreak_front":false,"is_persistent_cluster":false,"cluster_id":484263}},{"type":"Feature","id":484264,"geometry":{"type":"Polygon","coordinates":[[[86.44822,23.7137],[86.4161,23.71945],[86.32948,23.78722],[86.32616,23.80637],[86.32909,23.80714],[86.39202,23.78513],[86.43856,23.73389],[86.44822,23.7137]]]},"properties":{"cluster_date":"2024-12-26","cluster_fire_count":94,"total_cluster_frp":237.31,"max_frp":6.82,"cluster_convex_hull_area_km2":42.2034,"centroid_lat":23.7697,"centroid_lon":86.383,"mean_persistence_7d":6.9468,"share_forest_shrub":0.0,"share_industrial":1.0,"dominant_land_cover":50,"dominant_class":4,"dominant_label":"Persistent thermal source","is_outbreak_front":false,"is_persistent_cluster":true,"cluster_id":484264}},{"type":"Feature","id":484265,"geometry":{"type":"Polygon","coordinates":[[[94.97158,26.56293],[94.97072,26.5663],[94.97482,26.56699],[94.97568,26.56361],[94.97158,26.56293]]]},"properties":{"cluster_date":"2024-12-26","cluster_fire_count":4,"total_cluster_frp":67.82,"max_frp":31.48,"cluster_convex_hull_area_km2":0.1534,"centroid_lat":26.565,"centroid_lon":94.9732,"mean_persistence_7d":0.0,"share_forest_shrub":1.0,"share_industrial":0.0,"dominant_land_cover":10,"dominant_class":0,"dominant_label":"Wildfire","is_outbreak_front":false,"is_persistent_cluster":false,"cluster_id":484265}},{"type":"Feature","id":484266,"geometry":{"type":"Polygon","coordinates":[[[95.62251,26.93887],[95.62849,26.95017],[95.6293,26.94686],[95.62251,26.93887]]]},"properties":{"cluster_date":"2024-12-26","cluster_fire_count":3,"total_cluster_frp":59.93,"max_frp":28.37,"cluster_convex_hull_area_km2":0.1535,"centroid_lat":26.9453,"centroid_lon":95.6268,"mean_persistence_7d":0.0,"share_forest_shrub":1.0,"share_industrial":0.0,"dominant_land_cover":30,"dominant_class":1,"dominant_label":"Agricultural burning","is_outbreak_front":false,"is_persistent_cluster":false,"cluster_id":484266}},{"type":"Feature","id":484267,"geometry":{"type":"Polygon","coordinates":[[[95.26614,27.31609],[95.26419,27.3175],[95.26802,27.31685],[95.26614,27.31609]]]},"properties":{"cluster_date":"2024-12-26","cluster_fire_count":3,"total_cluster_frp":3.45,"max_frp":1.54,"cluster_convex_hull_area_km2":0.0219,"centroid_lat":27.3168,"centroid_lon":95.2661,"mean_persistence_7d":6.0,"share_forest_shrub":0.0,"share_industrial":1.0,"dominant_land_cover":50,"dominant_class":3,"dominant_label":"Gas flare","is_outbreak_front":false,"is_persistent_cluster":true,"cluster_id":484267}},{"type":"Feature","id":484268,"geometry":{"type":"Polygon","coordinates":[[[80.24158,30.12424],[80.23348,30.14538],[80.23378,30.15218],[80.24426,30.14882],[80.24158,30.12424]]]},"properties":{"cluster_date":"2024-12-26","cluster_fire_count":4,"total_cluster_frp":22.72,"max_frp":8.39,"cluster_convex_hull_area_km2":1.7039,"centroid_lat":30.1427,"centroid_lon":80.2383,"mean_persistence_7d":0.25,"share_forest_shrub":1.0,"share_industrial":0.0,"dominant_land_cover":10,"dominant_class":0,"dominant_label":"Wildfire","is_outbreak_front":false,"is_persistent_cluster":false,"cluster_id":484268}},{"type":"Feature","id":484269,"geometry":{"type":"Polygon","coordinates":[[[73.94558,15.32649],[73.94341,15.32782],[73.94146,15.32924],[73.95094,15.3385],[73.95178,15.33403],[73.94558,15.32649]]]},"properties":{"cluster_date":"2024-12-26","cluster_fire_count":6,"total_cluster_frp":47.85,"max_frp":9.43,"cluster_convex_hull_area_km2":0.5768,"centroid_lat":15.331,"centroid_lon":73.9464,"mean_persistence_7d":0.0,"share_forest_shrub":1.0,"share_industrial":0.0,"dominant_land_cover":30,"dominant_class":1,"dominant_label":"Agricultural burning","is_outbreak_front":true,"is_persistent_cluster":false,"cluster_id":484269}},{"type":"Feature","id":484270,"geometry":{"type":"Polygon","coordinates":[[[73.62643,16.44977],[73.62588,16.45178],[73.62588,16.45308],[73.62949,16.45364],[73.63046,16.45266],[73.63004,16.45033],[73.62643,16.44977]]]},"properties":{"cluster_date":"2024-12-26","cluster_fire_count":7,"total_cluster_frp":36.57,"max_frp":8.65,"cluster_convex_hull_area_km2":0.1612,"centroid_lat":16.4517,"centroid_lon":73.6282,"mean_persistence_7d":0.7143,"share_forest_shrub":1.0,"share_industrial":0.0,"dominant_land_cover":10,"dominant_class":0,"dominant_label":"Wildfire","is_outbreak_front":true,"is_persistent_cluster":false,"cluster_id":484270}},{"type":"Feature","id":484271,"geometry":{"type":"Polygon","coordinates":[[[73.99149,16.70654],[73.99346,16.70733],[73.99507,16.70708],[73.99149,16.70654]]]},"properties":{"cluster_date":"2024-12-26","cluster_fire_count":3,"total_cluster_frp":11.4,"max_frp":4.71,"cluster_convex_hull_area_km2":0.0102,"centroid_lat":16.707,"centroid_lon":73.9933,"mean_persistence_7d":0.0,"share_forest_shrub":1.0,"share_industrial":0.0,"dominant_land_cover":10,"dominant_class":0,"dominant_label":"Wildfire","is_outbreak_front":false,"is_persistent_cluster":false,"cluster_id":484271}},{"type":"Feature","id":484272,"geometry":{"type":"Polygon","coordinates":[[[80.78461,17.95941],[80.78133,17.96076],[80.77993,17.9619],[80.78302,17.96128],[80.78461,17.95941]]]},"properties":{"cluster_date":"2024-12-26","cluster_fire_count":4,"total_cluster_frp":7.58,"max_frp":4.44,"cluster_convex_hull_area_km2":0.0378,"centroid_lat":17.9608,"centroid_lon":80.7822,"mean_persistence_7d":5.0,"share_forest_shrub":1.0,"share_industrial":0.0,"dominant_land_cover":30,"dominant_class":4,"dominant_label":"Persistent thermal source","is_outbreak_front":false,"is_persistent_cluster":false,"cluster_id":484272}},{"type":"Feature","id":484273,"geometry":{"type":"Polygon","coordinates":[[[73.275,18.12307],[73.27187,18.12476],[73.27548,18.12533],[73.275,18.12307]]]},"properties":{"cluster_date":"2024-12-26","cluster_fire_count":4,"total_cluster_frp":20.56,"max_frp":5.79,"cluster_convex_hull_area_km2":0.0449,"centroid_lat":18.1245,"centroid_lon":73.2739,"mean_persistence_7d":0.0,"share_forest_shrub":1.0,"share_industrial":0.0,"dominant_land_cover":10,"dominant_class":0,"dominant_label":"Wildfire","is_outbreak_front":false,"is_persistent_cluster":false,"cluster_id":484273}},{"type":"Feature","id":484274,"geometry":{"type":"Polygon","coordinates":[[[86.60876,20.23953],[86.60085,20.24501],[86.60985,20.24424],[86.61279,20.2404],[86.60876,20.23953]]]},"properties":{"cluster_date":"2024-12-26","cluster_fire_count":8,"total_cluster_frp":18.98,"max_frp":4.78,"cluster_convex_hull_area_km2":0.3421,"centroid_lat":20.2427,"centroid_lon":86.6076,"mean_persistence_7d":0.375,"share_forest_shrub":0.0,"share_industrial":1.0,"dominant_land_cover":50,"dominant_class":3,"dominant_label":"Gas flare","is_outbreak_front":false,"is_persistent_cluster":false,"cluster_id":484274}},{"type":"Feature","id":484275,"geometry":{"type":"Polygon","coordinates":[[[77.9194,20.11177],[77.92587,20.11978],[77.92648,20.1164],[77.9194,20.11177]]]},"properties":{"cluster_date":"2024-12-26","cluster_fire_count":4,"total_cluster_frp":22.72,"max_frp":7.98,"cluster_convex_hull_area_km2":0.1496,"centroid_lat":20.1159,"centroid_lon":77.9236,"mean_persistence_7d":1.0,"share_forest_shrub":1.0,"share_industrial":0.0,"dominant_land_cover":10,"dominant_class":0,"dominant_label":"Wildfire","is_outbreak_front":false,"is_persistent_cluster":false,"cluster_id":484275}},{"type":"Feature","id":484276,"geometry":{"type":"Polygon","coordinates":[[[73.36723,19.54981],[73.36572,19.55309],[73.36709,19.55087],[73.36723,19.54981]]]},"properties":{"cluster_date":"2024-12-26","cluster_fire_count":3,"total_cluster_frp":16.07,"max_frp":6.87,"cluster_convex_hull_area_km2":0.0064,"centroid_lat":19.5513,"centroid_lon":73.3667,"mean_persistence_7d":0.0,"share_forest_shrub":1.0,"share_industrial":0.0,"dominant_land_cover":10,"dominant_class":0,"dominant_label":"Wildfire","is_outbreak_front":false,"is_persistent_cluster":false,"cluster_id":484276}},{"type":"Feature","id":484277,"geometry":{"type":"Polygon","coordinates":[[[79.27193,20.7737],[79.27178,20.77839],[79.27235,20.77508],[79.27193,20.7737]]]},"properties":{"cluster_date":"2024-12-26","cluster_fire_count":3,"total_cluster_frp":4.34,"max_frp":2.06,"cluster_convex_hull_area_km2":0.0121,"centroid_lat":20.7757,"centroid_lon":79.272,"mean_persistence_7d":0.0,"share_forest_shrub":1.0,"share_industrial":0.0,"dominant_land_cover":10,"dominant_class":0,"dominant_label":"Wildfire","is_outbreak_front":false,"is_persistent_cluster":false,"cluster_id":484277}},{"type":"Feature","id":484278,"geometry":{"type":"Polygon","coordinates":[[[82.90092,21.57818],[82.90038,21.58355],[82.90217,21.58225],[82.90092,21.57818]]]},"properties":{"cluster_date":"2024-12-26","cluster_fire_count":3,"total_cluster_frp":13.39,"max_frp":5.9,"cluster_convex_hull_area_km2":0.0492,"centroid_lat":21.5813,"centroid_lon":82.9012,"mean_persistence_7d":0.0,"share_forest_shrub":1.0,"share_industrial":0.0,"dominant_land_cover":10,"dominant_class":0,"dominant_label":"Wildfire","is_outbreak_front":false,"is_persistent_cluster":false,"cluster_id":484278}},{"type":"Feature","id":484279,"geometry":{"type":"Polygon","coordinates":[[[83.35291,21.65241],[83.35548,21.65972],[83.35719,21.65679],[83.35602,21.65419],[83.35291,21.65241]]]},"properties":{"cluster_date":"2024-12-26","cluster_fire_count":4,"total_cluster_frp":28.63,"max_frp":11.33,"cluster_convex_hull_area_km2":0.1437,"centroid_lat":21.6558,"centroid_lon":83.3554,"mean_persistence_7d":0.0,"share_forest_shrub":1.0,"share_industrial":0.0,"dominant_land_cover":10,"dominant_class":0,"dominant_label":"Wildfire","is_outbreak_front":false,"is_persistent_cluster":false,"cluster_id":484279}},{"type":"Feature","id":484280,"geometry":{"type":"Polygon","coordinates":[[[82.68603,21.64261],[82.68101,21.64565],[82.6688,21.66623],[82.67829,21.66379],[82.68781,21.65347],[82.68835,21.64816],[82.68603,21.64261]]]},"properties":{"cluster_date":"2024-12-26","cluster_fire_count":15,"total_cluster_frp":154.58,"max_frp":18.43,"cluster_convex_hull_area_km2":2.1268,"centroid_lat":21.6536,"centroid_lon":82.6816,"mean_persistence_7d":0.6667,"share_forest_shrub":1.0,"share_industrial":0.0,"dominant_land_cover":10,"dominant_class":0,"dominant_label":"Wildfire","is_outbreak_front":true,"is_persistent_cluster":false,"cluster_id":484280}},{"type":"Feature","id":484281,"geometry":{"type":"Polygon","coordinates":[[[82.54767,21.65071],[82.55457,21.65138],[82.55288,21.65077],[82.54767,21.65071]]]},"properties":{"cluster_date":"2024-12-26","cluster_fire_count":4,"total_cluster_frp":119.84,"max_frp":92.45,"cluster_convex_hull_area_km2":0.017,"centroid_lat":21.651,"centroid_lon":82.5516,"mean_persistence_7d":0.0,"share_forest_shrub":1.0,"share_industrial":0.0,"dominant_land_cover":10,"dominant_class":0,"dominant_label":"Wildfire","is_outbreak_front":false,"is_persistent_cluster":false,"cluster_id":484281}},{"type":"Feature","id":484282,"geometry":{"type":"Polygon","coordinates":[[[82.86172,21.70672],[82.87789,21.72381],[82.87953,21.7234],[82.86172,21.70672]]]},"properties":{"cluster_date":"2024-12-26","cluster_fire_count":3,"total_cluster_frp":21.8,"max_frp":8.84,"cluster_convex_hull_area_km2":0.1912,"centroid_lat":21.718,"centroid_lon":82.873,"mean_persistence_7d":1.0,"share_forest_shrub":1.0,"share_industrial":0.0,"dominant_land_cover":10,"dominant_class":0,"dominant_label":"Wildfire","is_outbreak_front":false,"is_persistent_cluster":false,"cluster_id":484282}},{"type":"Feature","id":484283,"geometry":{"type":"Polygon","coordinates":[[[83.12594,21.74914],[83.15065,21.75773],[83.15256,21.75767],[83.12594,21.74914]]]},"properties":{"cluster_date":"2024-12-26","cluster_fire_count":3,"total_cluster_frp":9.99,"max_frp":4.14,"cluster_convex_hull_area_km2":0.0986,"centroid_lat":21.7548,"centroid_lon":83.1431,"mean_persistence_7d":0.0,"share_forest_shrub":1.0,"share_industrial":0.0,"dominant_land_cover":10,"dominant_class":0,"dominant_label":"Wildfire","is_outbreak_front":false,"is_persistent_cluster":false,"cluster_id":484283}},{"type":"Feature","id":484284,"geometry":{"type":"Polygon","coordinates":[[[82.78577,21.74904],[82.78194,21.75184],[82.77833,21.77347],[82.78722,21.77859],[82.79234,21.77554],[82.7927,21.77483],[82.79324,21.76948],[82.78577,21.74904]]]},"properties":{"cluster_date":"2024-12-26","cluster_fire_count":9,"total_cluster_frp":68.77,"max_frp":13.86,"cluster_convex_hull_area_km2":3.0267,"centroid_lat":21.7667,"centroid_lon":82.7871,"mean_persistence_7d":0.8889,"share_forest_shrub":1.0,"share_industrial":0.0,"dominant_land_cover":10,"dominant_class":0,"dominant_label":"Wildfire","is_outbreak_front":true,"is_persistent_cluster":false,"cluster_id":484284}},{"type":"Feature","id":484285,"geometry":{"type":"Polygon","coordinates":[[[82.42992,21.70858],[82.42259,21.71316],[82.42295,21.71565],[82.43898,21.71999],[82.42992,21.70858]]]},"properties":{"cluster_date":"2024-12-26","cluster_fire_count":10,"total_cluster_frp":68.74,"max_frp":11.84,"cluster_convex_hull_area_km2":0.9018,"centroid_lat":21.714,"centroid_lon":82.4294,"mean_persistence_7d":0.0,"share_forest_shrub":1.0,"share_industrial":0.0,"dominant_land_cover":10,"dominant_class":0,"dominant_label":"Wildfire","is_outbreak_front":true,"is_persistent_cluster":false,"cluster_id":484285}},{"type":"Feature","id":484286,"geometry":{"type":"Polygon","coordinates":[[[82.84726,21.78274],[82.84985,21.78563],[82.85184,21.78334],[82.84726,21.78274]]]},"properties":{"cluster_date":"2024-12-26","cluster_fire_count":3,"total_cluster_frp":10.76,"max_frp":4.37,"cluster_convex_hull_area_km2":0.0644,"centroid_lat":21.7839,"centroid_lon":82.8496,"mean_persistence_7d":0.0,"share_forest_shrub":1.0,"share_industrial":0.0,"dominant_land_cover":10,"dominant_class":0,"dominant_label":"Wildfire","is_outbreak_front":false,"is_persistent_cluster":false,"cluster_id":484286}},{"type":"Feature","id":484287,"geometry":{"type":"Polygon","coordinates":[[[83.16273,21.83695],[83.1517,21.8489],[83.15374,21.8843],[83.1703,21.87119],[83.16273,21.83695]]]},"properties":{"cluster_date":"2024-12-26","cluster_fire_count":6,"total_cluster_frp":27.09,"max_frp":7.19,"cluster_convex_hull_area_km2":5.9562,"centroid_lat":21.8584,"centroid_lon":83.1616,"mean_persistence_7d":0.0,"share_forest_shrub":1.0,"share_industrial":0.0,"dominant_land_cover":10,"dominant_class":0,"dominant_label":"Wildfire","is_outbreak_front":true,"is_persistent_cluster":false,"cluster_id":484287}},{"type":"Feature","id":484288,"geometry":{"type":"Polygon","coordinates":[[[84.03122,21.97455],[84.02835,21.97494],[84.02664,21.97624],[84.02836,21.97712],[84.03272,21.97531],[84.03122,21.97455]]]},"properties":{"cluster_date":"2024-12-26","cluster_fire_count":5,"total_cluster_frp":17.55,"max_frp":4.65,"cluster_convex_hull_area_km2":0.0882,"centroid_lat":21.9756,"centroid_lon":84.0295,"mean_persistence_7d":0.0,"share_forest_shrub":1.0,"share_industrial":0.0,"dominant_land_cover":30,"dominant_class":1,"dominant_label":"Agricultural burning","is_outbreak_front":true,"is_persistent_cluster":false,"cluster_id":484288}},{"type":"Feature","id":484289,"geometry":{"type":"Polygon","coordinates":[[[82.75687,21.83997],[82.75661,21.84101],[82.75679,21.84151],[82.75687,21.83997]]]},"properties":{"cluster_date":"2024-12-26","cluster_fire_count":3,"total_cluster_frp":11.37,"max_frp":4.16,"cluster_convex_hull_area_km2":0.0017,"centroid_lat":21.8408,"centroid_lon":82.7568,"mean_persistence_7d":0.0,"share_forest_shrub":1.0,"share_industrial":0.0,"dominant_land_cover":10,"dominant_class":0,"dominant_label":"Wildfire","is_outbreak_front":false,"is_persistent_cluster":false,"cluster_id":484289}},{"type":"Feature","id":484290,"geometry":{"type":"Polygon","coordinates":[[[82.49368,21.82055],[82.49334,21.82507],[82.49709,21.8209],[82.49368,21.82055]]]},"properties":{"cluster_date":"2024-12-26","cluster_fire_count":4,"total_cluster_frp":18.43,"max_frp":9.07,"cluster_convex_hull_area_km2":0.0856,"centroid_lat":21.822,"centroid_lon":82.4945,"mean_persistence_7d":0.0,"share_forest_shrub":1.0,"share_industrial":0.0,"dominant_land_cover":10,"dominant_class":0,"dominant_label":"Wildfire","is_outbreak_front":false,"is_persistent_cluster":false,"cluster_id":484290}},{"type":"Feature","id":484291,"geometry":{"type":"Polygon","coordinates":[[[82.74579,21.87667],[82.73312,21.90488],[82.74622,21.91034],[82.74659,21.8769],[82.74579,21.87667]]]},"properties":{"cluster_date":"2024-12-26","cluster_fire_count":8,"total_cluster_frp":47.02,"max_frp":8.12,"cluster_convex_hull_area_km2":2.5642,"centroid_lat":21.8986,"centroid_lon":82.7413,"mean_persistence_7d":0.75,"share_forest_shrub":1.0,"share_industrial":0.0,"dominant_land_cover":10,"dominant_class":0,"dominant_label":"Wildfire","is_outbreak_front":true,"is_persistent_cluster":false,"cluster_id":484291}},{"type":"Feature","id":484292,"geometry":{"type":"Polygon","coordinates":[[[82.69557,21.87761],[82.68884,21.89157],[82.69627,21.90369],[82.69978,21.90458],[82.70082,21.90429],[82.69557,21.87761]]]},"properties":{"cluster_date":"2024-12-26","cluster_fire_count":5,"total_cluster_frp":24.79,"max_frp":5.49,"cluster_convex_hull_area_km2":1.6825,"centroid_lat":21.8963,"centroid_lon":82.6963,"mean_persistence_7d":0.4,"share_forest_shrub":1.0,"share_industrial":0.0,"dominant_land_cover":10,"dominant_class":0,"dominant_label":"Wildfire","is_outbreak_front":true,"is_persistent_cluster":false,"cluster_id":484292}},{"type":"Feature","id":484293,"geometry":{"type":"Polygon","coordinates":[[[82.63462,21.88436],[82.63079,21.90975],[82.63493,21.9219],[82.63711,21.91994],[82.65051,21.89446],[82.63462,21.88436]]]},"properties":{"cluster_date":"2024-12-26","cluster_fire_count":6,"total_cluster_frp":19.16,"max_frp":5.46,"cluster_convex_hull_area_km2":4.2647,"centroid_lat":21.9068,"centroid_lon":82.6367,"mean_persistence_7d":0.6667,"share_forest_shrub":1.0,"share_industrial":0.0,"dominant_land_cover":10,"dominant_class":0,"dominant_label":"Wildfire","is_outbreak_front":true,"is_persistent_cluster":false,"cluster_id":484293}},{"type":"Feature","id":484294,"geometry":{"type":"Polygon","coordinates":[[[82.40798,21.85404],[82.39105,21.87449],[82.39568,21.88343],[82.40417,21.87916],[82.40798,21.85404]]]},"properties":{"cluster_date":"2024-12-26","cluster_fire_count":6,"total_cluster_frp":24.22,"max_frp":5.7,"cluster_convex_hull_area_km2":2.4406,"centroid_lat":21.8755,"centroid_lon":82.3991,"mean_persistence_7d":0.5,"share_forest_shrub":1.0,"share_industrial":0.0,"dominant_land_cover":10,"dominant_class":0,"dominant_label":"Wildfire","is_outbreak_front":true,"is_persistent_cluster":false,"cluster_id":484294}},{"type":"Feature","id":484295,"geometry":{"type":"Polygon","coordinates":[[[83.73537,22.0381],[83.72718,22.04103],[83.72699,22.04332],[83.72807,22.04473],[83.73544,22.04426],[83.73915,22.04187],[83.73537,22.0381]]]},"properties":{"cluster_date":"2024-12-26","cluster_fire_count":20,"total_cluster_frp":150.16,"max_frp":16.33,"cluster_convex_hull_area_km2":0.5727,"centroid_lat":22.0421,"centroid_lon":83.7329,"mean_persistence_7d":7.0,"share_forest_shrub":1.0,"share_industrial":0.0,"dominant_land_cover":30,"dominant_class":4,"dominant_label":"Persistent thermal source","is_outbreak_front":false,"is_persistent_cluster":false,"cluster_id":484295}},{"type":"Feature","id":484296,"geometry":{"type":"Polygon","coordinates":[[[82.47964,21.8857],[82.4535,21.88731],[82.48953,21.88831],[82.4885,21.8869],[82.47964,21.8857]]]},"properties":{"cluster_date":"2024-12-26","cluster_fire_count":5,"total_cluster_frp":24.73,"max_frp":6.7,"cluster_convex_hull_area_km2":0.5257,"centroid_lat":21.8871,"centroid_lon":82.4784,"mean_persistence_7d":1.2,"share_forest_shrub":1.0,"share_industrial":0.0,"dominant_land_cover":10,"dominant_class":0,"dominant_label":"Wildfire","is_outbreak_front":false,"is_persistent_cluster":false,"cluster_id":484296}},{"type":"Feature","id":484297,"geometry":{"type":"Polygon","coordinates":[[[82.90289,21.95924],[82.88323,21.97632],[82.90458,21.96031],[82.90289,21.95924]]]},"properties":{"cluster_date":"2024-12-26","cluster_fire_count":3,"total_cluster_frp":9.38,"max_frp":4.68,"cluster_convex_hull_area_km2":0.2747,"centroid_lat":21.9653,"centroid_lon":82.8969,"mean_persistence_7d":0.0,"share_forest_shrub":1.0,"share_industrial":0.0,"dominant_land_cover":10,"dominant_class":0,"dominant_label":"Wildfire","is_outbreak_front":false,"is_persistent_cluster":false,"cluster_id":484297}},{"type":"Feature","id":484298,"geometry":{"type":"Polygon","coordinates":[[[84.87057,22.20792],[84.86277,22.20946],[84.86053,22.21039],[84.86369,22.21352],[84.87014,22.21765],[84.87192,22.21745],[84.87589,22.21224],[84.8754,22.21122],[84.87057,22.20792]]]},"properties":{"cluster_date":"2024-12-26","cluster_fire_count":16,"total_cluster_frp":28.22,"max_frp":3.89,"cluster_convex_hull_area_km2":0.9503,"centroid_lat":22.2124,"centroid_lon":84.8681,"mean_persistence_7d":4.3125,"share_forest_shrub":0.0,"share_industrial":1.0,"dominant_land_cover":50,"dominant_class":4,"dominant_label":"Persistent thermal source","is_outbreak_front":false,"is_persistent_cluster":true,"cluster_id":484298}},{"type":"Feature","id":484299,"geometry":{"type":"Polygon","coordinates":[[[82.43532,21.91793],[82.41273,21.91862],[82.40615,21.9324],[82.43532,21.91793]]]},"properties":{"cluster_date":"2024-12-26","cluster_fire_count":3,"total_cluster_frp":18.78,"max_frp":7.64,"cluster_convex_hull_area_km2":1.6893,"centroid_lat":21.923,"centroid_lon":82.4181,"mean_persistence_7d":0.3333,"share_forest_shrub":1.0,"share_industrial":0.0,"dominant_land_cover":10,"dominant_class":0,"dominant_label":"Wildfire","is_outbreak_front":false,"is_persistent_cluster":false,"cluster_id":484299}},{"type":"Feature","id":484300,"geometry":{"type":"Polygon","coordinates":[[[82.57318,21.92909],[82.55179,21.93244],[82.57949,21.95533],[82.57608,21.92994],[82.57318,21.92909]]]},"properties":{"cluster_date":"2024-12-26","cluster_fire_count":4,"total_cluster_frp":11.92,"max_frp":4.53,"cluster_convex_hull_area_km2":3.5965,"centroid_lat":21.9367,"centroid_lon":82.5701,"mean_persistence_7d":1.0,"share_forest_shrub":1.0,"share_industrial":0.0,"dominant_land_cover":10,"dominant_class":0,"dominant_label":"Wildfire","is_outbreak_front":false,"is_persistent_cluster":false,"cluster_id":484300}},{"type":"Feature","id":484301,"geometry":{"type":"Polygon","coordinates":[[[82.37557,21.99186],[82.3487,22.02125],[82.36888,22.01639],[82.36942,22.01549],[82.37557,21.99186]]]},"properties":{"cluster_date":"2024-12-26","cluster_fire_count":5,"total_cluster_frp":21.78,"max_frp":5.75,"cluster_convex_hull_area_km2":2.5845,"centroid_lat":22.0123,"centroid_lon":82.366,"mean_persistence_7d":0.8,"share_forest_shrub":1.0,"share_industrial":0.0,"dominant_land_cover":10,"dominant_class":0,"dominant_label":"Wildfire","is_outbreak_front":true,"is_persistent_cluster":false,"cluster_id":484301}},{"type":"Feature","id":484302,"geometry":{"type":"Polygon","coordinates":[[[82.68655,22.03631],[82.68311,22.03918],[82.68607,22.04031],[82.68766,22.03976],[82.68655,22.03631]]]},"properties":{"cluster_date":"2024-12-26","cluster_fire_count":4,"total_cluster_frp":12.56,"max_frp":4.28,"cluster_convex_hull_area_km2":0.1017,"centroid_lat":22.0389,"centroid_lon":82.6858,"mean_persistence_7d":0.0,"share_forest_shrub":1.0,"share_industrial":0.0,"dominant_land_cover":10,"dominant_class":0,"dominant_label":"Wildfire","is_outbreak_front":false,"is_persistent_cluster":false,"cluster_id":484302}},{"type":"Feature","id":484303,"geometry":{"type":"Polygon","coordinates":[[[82.53202,22.1376],[82.5313,22.13835],[82.53325,22.13826],[82.53202,22.1376]]]},"properties":{"cluster_date":"2024-12-26","cluster_fire_count":3,"total_cluster_frp":13.98,"max_frp":5.72,"cluster_convex_hull_area_km2":0.0077,"centroid_lat":22.1381,"centroid_lon":82.5322,"mean_persistence_7d":0.0,"share_forest_shrub":1.0,"share_industrial":0.0,"dominant_land_cover":10,"dominant_class":0,"dominant_label":"Wildfire","is_outbreak_front":false,"is_persistent_cluster":false,"cluster_id":484303}},{"type":"Feature","id":484304,"geometry":{"type":"Polygon","coordinates":[[[82.2157,22.11692],[82.18413,22.14359],[82.20008,22.15372],[82.24445,22.15536],[82.2157,22.11692]]]},"properties":{"cluster_date":"2024-12-26","cluster_fire_count":7,"total_cluster_frp":22.23,"max_frp":4.0,"cluster_convex_hull_area_km2":13.2122,"centroid_lat":22.1404,"centroid_lon":82.2157,"mean_persistence_7d":0.5714,"share_forest_shrub":1.0,"share_industrial":0.0,"dominant_land_cover":10,"dominant_class":0,"dominant_label":"Wildfire","is_outbreak_front":true,"is_persistent_cluster":false,"cluster_id":484304}},{"type":"Feature","id":484305,"geometry":{"type":"Polygon","coordinates":[[[86.20573,22.7858],[86.20113,22.78708],[86.19764,22.792],[86.19868,22.79636],[86.20904,22.79886],[86.20573,22.7858]]]},"properties":{"cluster_date":"2024-12-26","cluster_fire_count":7,"total_cluster_frp":16.84,"max_frp":5.35,"cluster_convex_hull_area_km2":1.0221,"centroid_lat":22.791,"centroid_lon":86.2028,"mean_persistence_7d":5.4286,"share_forest_shrub":0.0,"share_industrial":1.0,"dominant_land_cover":50,"dominant_class":4,"dominant_label":"Persistent thermal source","is_outbreak_front":false,"is_persistent_cluster":true,"cluster_id":484305}},{"type":"Feature","id":484306,"geometry":{"type":"Polygon","coordinates":[[[82.29318,22.35169],[82.29232,22.35219],[82.29099,22.35494],[82.30064,22.3633],[82.3054,22.35971],[82.30676,22.35702],[82.30516,22.35538],[82.29318,22.35169]]]},"properties":{"cluster_date":"2024-12-26","cluster_fire_count":21,"total_cluster_frp":87.42,"max_frp":8.73,"cluster_convex_hull_area_km2":1.0478,"centroid_lat":22.3563,"centroid_lon":82.2988,"mean_persistence_7d":6.7143,"share_forest_shrub":1.0,"share_industrial":0.0,"dominant_land_cover":10,"dominant_class":4,"dominant_label":"Persistent thermal source","is_outbreak_front":false,"is_persistent_cluster":false,"cluster_id":484306}},{"type":"Feature","id":484307,"geometry":{"type":"Polygon","coordinates":[[[72.63319,21.1005],[72.63379,21.10479],[72.63559,21.11373],[72.64601,21.10871],[72.64851,21.10155],[72.63319,21.1005]]]},"properties":{"cluster_date":"2024-12-26","cluster_fire_count":14,"total_cluster_frp":77.44,"max_frp":16.47,"cluster_convex_hull_area_km2":1.4668,"centroid_lat":21.1055,"centroid_lon":72.64,"mean_persistence_7d":6.9286,"share_forest_shrub":0.0,"share_industrial":1.0,"dominant_land_cover":50,"dominant_class":3,"dominant_label":"Gas flare","is_outbreak_front":false,"is_persistent_cluster":true,"cluster_id":484307}},{"type":"Feature","id":484308,"geometry":{"type":"Polygon","coordinates":[[[79.79968,22.53172],[79.79903,22.53229],[79.79912,22.53504],[79.80286,22.53559],[79.79968,22.53172]]]},"properties":{"cluster_date":"2024-12-26","cluster_fire_count":4,"total_cluster_frp":27.91,"max_frp":8.8,"cluster_convex_hull_area_km2":0.0798,"centroid_lat":22.5337,"centroid_lon":79.8002,"mean_persistence_7d":0.0,"share_forest_shrub":1.0,"share_industrial":0.0,"dominant_land_cover":10,"dominant_class":0,"dominant_label":"Wildfire","is_outbreak_front":false,"is_persistent_cluster":false,"cluster_id":484308}},{"type":"Feature","id":484309,"geometry":{"type":"Polygon","coordinates":[[[87.38935,23.47797],[87.36076,23.48272],[87.35825,23.48449],[87.36205,23.48501],[87.38935,23.47797]]]},"properties":{"cluster_date":"2024-12-26","cluster_fire_count":5,"total_cluster_frp":8.72,"max_frp":3.45,"cluster_convex_hull_area_km2":0.4331,"centroid_lat":23.4829,"centroid_lon":87.3666,"mean_persistence_7d":4.0,"share_forest_shrub":1.0,"share_industrial":0.0,"dominant_land_cover":30,"dominant_class":4,"dominant_label":"Persistent thermal source","is_outbreak_front":false,"is_persistent_cluster":false,"cluster_id":484309}},{"type":"Feature","id":484310,"geometry":{"type":"Polygon","coordinates":[[[82.33678,23.1634],[82.33418,23.16521],[82.3355,23.17016],[82.34249,23.16968],[82.34548,23.16724],[82.34418,23.16643],[82.33678,23.1634]]]},"properties":{"cluster_date":"2024-12-26","cluster_fire_count":13,"total_cluster_frp":36.51,"max_frp":7.1,"cluster_convex_hull_area_km2":0.527,"centroid_lat":23.1671,"centroid_lon":82.34,"mean_persistence_7d":7.0,"share_forest_shrub":1.0,"share_industrial":0.0,"dominant_land_cover":10,"dominant_class":4,"dominant_label":"Persistent thermal source","is_outbreak_front":false,"is_persistent_cluster":false,"cluster_id":484310}},{"type":"Feature","id":484311,"geometry":{"type":"Polygon","coordinates":[[[86.39662,23.6786],[86.38534,23.68418],[86.38075,23.69081],[86.3896,23.69291],[86.39405,23.68823],[86.39726,23.68367],[86.39662,23.6786]]]},"properties":{"cluster_date":"2024-12-26","cluster_fire_count":19,"total_cluster_frp":58.48,"max_frp":8.53,"cluster_convex_hull_area_km2":1.3065,"centroid_lat":23.6862,"centroid_lon":86.3905,"mean_persistence_7d":7.0,"share_forest_shrub":0.0,"share_industrial":1.0,"dominant_land_cover":50,"dominant_class":4,"dominant_label":"Persistent thermal source","is_outbreak_front":false,"is_persistent_cluster":true,"cluster_id":484311}},{"type":"Feature","id":484312,"geometry":{"type":"Polygon","coordinates":[[[86.20557,23.77151],[86.19662,23.77329],[86.19554,23.77454],[86.20468,23.78374],[86.23315,23.79449],[86.23399,23.7928],[86.21096,23.77492],[86.20557,23.77151]]]},"properties":{"cluster_date":"2024-12-26","cluster_fire_count":15,"total_cluster_frp":44.26,"max_frp":8.03,"cluster_convex_hull_area_km2":3.0973,"centroid_lat":23.7806,"centroid_lon":86.209,"mean_persistence_7d":6.4667,"share_forest_shrub":0.8,"share_industrial":0.6667,"dominant_land_cover":10,"dominant_class":4,"dominant_label":"Persistent thermal source","is_outbreak_front":false,"is_persistent_cluster":true,"cluster_id":484312}},{"type":"Feature","id":484313,"geometry":{"type":"Polygon","coordinates":[[[77.62771,23.10893],[77.6539,23.11655],[77.65774,23.11716],[77.62771,23.10893]]]},"properties":{"cluster_date":"2024-12-26","cluster_fire_count":3,"total_cluster_frp":10.38,"max_frp":4.39,"cluster_convex_hull_area_km2":0.0724,"centroid_lat":23.1142,"centroid_lon":77.6465,"mean_persistence_7d":0.0,"share_forest_shrub":1.0,"share_industrial":0.0,"dominant_land_cover":10,"dominant_class":0,"dominant_label":"Wildfire","is_outbreak_front":false,"is_persistent_cluster":false,"cluster_id":484313}},{"type":"Feature","id":484314,"geometry":{"type":"Polygon","coordinates":[[[79.2819,23.45269],[79.282,23.45319],[79.28508,23.45656],[79.28565,23.45325],[79.2819,23.45269]]]},"properties":{"cluster_date":"2024-12-26","cluster_fire_count":4,"total_cluster_frp":19.2,"max_frp":5.57,"cluster_convex_hull_area_km2":0.0758,"centroid_lat":23.4539,"centroid_lon":79.2837,"mean_persistence_7d":0.0,"share_forest_shrub":1.0,"share_industrial":0.0,"dominant_land_cover":10,"dominant_class":0,"dominant_label":"Wildfire","is_outbreak_front":false,"is_persistent_cluster":false,"cluster_id":484314}},{"type":"Feature","id":484315,"geometry":{"type":"Polygon","coordinates":[[[79.71147,23.61048],[79.7141,23.61769],[79.71734,23.62158],[79.72544,23.62514],[79.73257,23.62381],[79.71147,23.61048]]]},"properties":{"cluster_date":"2024-12-26","cluster_fire_count":7,"total_cluster_frp":26.83,"max_frp":5.67,"cluster_convex_hull_area_km2":1.1151,"centroid_lat":23.6205,"centroid_lon":79.7217,"mean_persistence_7d":0.0,"share_forest_shrub":1.0,"share_industrial":0.0,"dominant_land_cover":30,"dominant_class":1,"dominant_label":"Agricultural burning","is_outbreak_front":true,"is_persistent_cluster":false,"cluster_id":484315}},{"type":"Feature","id":484316,"geometry":{"type":"Polygon","coordinates":[[[82.634,24.14354],[82.62585,24.16631],[82.62977,24.1668],[82.63173,24.16683],[82.63223,24.16607],[82.63616,24.14412],[82.634,24.14354]]]},"properties":{"cluster_date":"2024-12-26","cluster_fire_count":11,"total_cluster_frp":29.01,"max_frp":6.55,"cluster_convex_hull_area_km2":1.0745,"centroid_lat":24.1599,"centroid_lon":82.6312,"mean_persistence_7d":7.0,"share_forest_shrub":0.0,"share_industrial":1.0,"dominant_land_cover":50,"dominant_class":4,"dominant_label":"Persistent thermal source","is_outbreak_front":false,"is_persistent_cluster":true,"cluster_id":484316}},{"type":"Feature","id":484317,"geometry":{"type":"Polygon","coordinates":[[[76.58939,24.06426],[76.5847,24.06699],[76.58874,24.06767],[76.59277,24.06834],[76.58939,24.06426]]]},"properties":{"cluster_date":"2024-12-26","cluster_fire_count":4,"total_cluster_frp":34.09,"max_frp":10.32,"cluster_convex_hull_area_km2":0.1538,"centroid_lat":24.0668,"centroid_lon":76.5889,"mean_persistence_7d":1.0,"share_forest_shrub":1.0,"share_industrial":0.0,"dominant_land_cover":30,"dominant_class":1,"dominant_label":"Agricultural burning","is_outbreak_front":false,"is_persistent_cluster":false,"cluster_id":484317}},{"type":"Feature","id":484318,"geometry":{"type":"Polygon","coordinates":[[[84.21664,25.21972],[84.20604,25.23705],[84.20905,25.24968],[84.21021,25.24831],[84.21645,25.22141],[84.21664,25.21972]]]},"properties":{"cluster_date":"2024-12-26","cluster_fire_count":5,"total_cluster_frp":11.45,"max_frp":2.87,"cluster_convex_hull_area_km2":1.1586,"centroid_lat":25.2352,"centroid_lon":84.2117,"mean_persistence_7d":0.8,"share_forest_shrub":0.0,"share_industrial":0.0,"dominant_land_cover":40,"dominant_class":1,"dominant_label":"Agricultural burning","is_outbreak_front":false,"is_persistent_cluster":false,"cluster_id":484318}},{"type":"Feature","id":484319,"geometry":{"type":"Polygon","coordinates":[[[84.45387,25.27727],[84.4533,25.28147],[84.46489,25.29128],[84.45387,25.27727]]]},"properties":{"cluster_date":"2024-12-26","cluster_fire_count":3,"total_cluster_frp":10.75,"max_frp":4.97,"cluster_convex_hull_area_km2":0.2912,"centroid_lat":25.2833,"centroid_lon":84.4574,"mean_persistence_7d":1.3333,"share_forest_shrub":0.0,"share_industrial":0.0,"dominant_land_cover":40,"dominant_class":1,"dominant_label":"Agricultural burning","is_outbreak_front":false,"is_persistent_cluster":false,"cluster_id":484319}},{"type":"Feature","id":484320,"geometry":{"type":"Polygon","coordinates":[[[84.67053,25.9632],[84.66998,25.9675],[84.67093,25.96765],[84.67053,25.9632]]]},"properties":{"cluster_date":"2024-12-26","cluster_fire_count":3,"total_cluster_frp":13.77,"max_frp":5.23,"cluster_convex_hull_area_km2":0.0223,"centroid_lat":25.9661,"centroid_lon":84.6705,"mean_persistence_7d":0.0,"share_forest_shrub":0.0,"share_industrial":0.0,"dominant_land_cover":40,"dominant_class":1,"dominant_label":"Agricultural burning","is_outbreak_front":false,"is_persistent_cluster":false,"cluster_id":484320}},{"type":"Feature","id":484321,"geometry":{"type":"Polygon","coordinates":[[[77.47165,28.15712],[77.44897,28.17064],[77.47554,28.15772],[77.47165,28.15712]]]},"properties":{"cluster_date":"2024-12-26","cluster_fire_count":3,"total_cluster_frp":10.37,"max_frp":4.05,"cluster_convex_hull_area_km2":0.3483,"centroid_lat":28.1618,"centroid_lon":77.4654,"mean_persistence_7d":0.0,"share_forest_shrub":0.0,"share_industrial":0.0,"dominant_land_cover":40,"dominant_class":1,"dominant_label":"Agricultural burning","is_outbreak_front":false,"is_persistent_cluster":false,"cluster_id":484321}},{"type":"Feature","id":484322,"geometry":{"type":"Polygon","coordinates":[[[78.61115,29.17892],[78.61302,29.18506],[78.64173,29.18193],[78.61115,29.17892]]]},"properties":{"cluster_date":"2024-12-26","cluster_fire_count":3,"total_cluster_frp":9.66,"max_frp":6.0,"cluster_convex_hull_area_km2":0.9518,"centroid_lat":29.182,"centroid_lon":78.622,"mean_persistence_7d":0.0,"share_forest_shrub":0.0,"share_industrial":0.0,"dominant_land_cover":40,"dominant_class":1,"dominant_label":"Agricultural burning","is_outbreak_front":false,"is_persistent_cluster":false,"cluster_id":484322}},{"type":"Feature","id":484323,"geometry":{"type":"Polygon","coordinates":[[[77.4193,29.24296],[77.41739,29.27327],[77.4403,29.25974],[77.4193,29.24296]]]},"properties":{"cluster_date":"2024-12-26","cluster_fire_count":3,"total_cluster_frp":6.64,"max_frp":2.44,"cluster_convex_hull_area_km2":3.492,"centroid_lat":29.2587,"centroid_lon":77.4257,"mean_persistence_7d":0.3333,"share_forest_shrub":0.0,"share_industrial":0.0,"dominant_land_cover":40,"dominant_class":1,"dominant_label":"Agricultural burning","is_outbreak_front":false,"is_persistent_cluster":false,"cluster_id":484323}},{"type":"Feature","id":484324,"geometry":{"type":"Polygon","coordinates":[[[77.53616,29.42867],[77.53258,29.45284],[77.53768,29.42939],[77.53616,29.42867]]]},"properties":{"cluster_date":"2024-12-26","cluster_fire_count":3,"total_cluster_frp":12.07,"max_frp":5.13,"cluster_convex_hull_area_km2":0.2051,"centroid_lat":29.437,"centroid_lon":77.5355,"mean_persistence_7d":0.3333,"share_forest_shrub":0.0,"share_industrial":0.0,"dominant_land_cover":40,"dominant_class":1,"dominant_label":"Agricultural burning","is_outbreak_front":false,"is_persistent_cluster":false,"cluster_id":484324}},{"type":"Feature","id":484325,"geometry":{"type":"Polygon","coordinates":[[[77.24428,29.39224],[77.22655,29.44054],[77.23726,29.46872],[77.24908,29.47051],[77.24428,29.39224]]]},"properties":{"cluster_date":"2024-12-26","cluster_fire_count":6,"total_cluster_frp":17.41,"max_frp":5.14,"cluster_convex_hull_area_km2":10.0866,"centroid_lat":29.4427,"centroid_lon":77.239,"mean_persistence_7d":0.5,"share_forest_shrub":0.0,"share_industrial":0.0,"dominant_land_cover":40,"dominant_class":1,"dominant_label":"Agricultural burning","is_outbreak_front":false,"is_persistent_cluster":false,"cluster_id":484325}},{"type":"Feature","id":484326,"geometry":{"type":"Polygon","coordinates":[[[77.47832,29.50419],[77.48367,29.51618],[77.50447,29.55003],[77.51067,29.52363],[77.47832,29.50419]]]},"properties":{"cluster_date":"2024-12-26","cluster_fire_count":4,"total_cluster_frp":9.89,"max_frp":4.79,"cluster_convex_hull_area_km2":5.4381,"centroid_lat":29.5235,"centroid_lon":77.4943,"mean_persistence_7d":0.25,"share_forest_shrub":0.0,"share_industrial":0.0,"dominant_land_cover":40,"dominant_class":1,"dominant_label":"Agricultural burning","is_outbreak_front":false,"is_persistent_cluster":false,"cluster_id":484326}},{"type":"Feature","id":484327,"geometry":{"type":"Polygon","coordinates":[[[77.44162,29.52345],[77.4555,29.55615],[77.4601,29.55344],[77.44162,29.52345]]]},"properties":{"cluster_date":"2024-12-26","cluster_fire_count":4,"total_cluster_frp":8.39,"max_frp":2.94,"cluster_convex_hull_area_km2":0.9803,"centroid_lat":29.5447,"centroid_lon":77.4527,"mean_persistence_7d":0.25,"share_forest_shrub":0.0,"share_industrial":0.0,"dominant_land_cover":40,"dominant_class":1,"dominant_label":"Agricultural burning","is_outbreak_front":false,"is_persistent_cluster":false,"cluster_id":484327}},{"type":"Feature","id":484328,"geometry":{"type":"Polygon","coordinates":[[[75.24104,29.58599],[75.2403,29.58937],[75.24447,29.59007],[75.24104,29.58599]]]},"properties":{"cluster_date":"2024-12-26","cluster_fire_count":3,"total_cluster_frp":24.87,"max_frp":8.29,"cluster_convex_hull_area_km2":0.0762,"centroid_lat":29.5885,"centroid_lon":75.2419,"mean_persistence_7d":1.0,"share_forest_shrub":0.0,"share_industrial":0.0,"dominant_land_cover":40,"dominant_class":1,"dominant_label":"Agricultural burning","is_outbreak_front":false,"is_persistent_cluster":false,"cluster_id":484328}},{"type":"Feature","id":484329,"geometry":{"type":"Polygon","coordinates":[[[75.20712,29.62234],[75.2022,29.62502],[75.20638,29.62572],[75.21056,29.62642],[75.2113,29.62304],[75.20712,29.62234]]]},"properties":{"cluster_date":"2024-12-26","cluster_fire_count":5,"total_cluster_frp":30.21,"max_frp":7.09,"cluster_convex_hull_area_km2":0.229,"centroid_lat":29.6245,"centroid_lon":75.2075,"mean_persistence_7d":0.0,"share_forest_shrub":0.0,"share_industrial":0.0,"dominant_land_cover":40,"dominant_class":1,"dominant_label":"Agricultural burning","is_outbreak_front":false,"is_persistent_cluster":false,"cluster_id":484329}},{"type":"Feature","id":484330,"geometry":{"type":"Polygon","coordinates":[[[75.30984,29.72759],[75.30497,29.73027],[75.30423,29.73364],[75.30763,29.73771],[75.314,29.72829],[75.30984,29.72759]]]},"properties":{"cluster_date":"2024-12-26","cluster_fire_count":7,"total_cluster_frp":19.71,"max_frp":3.26,"cluster_convex_hull_area_km2":0.5285,"centroid_lat":29.7318,"centroid_lon":75.3083,"mean_persistence_7d":0.0,"share_forest_shrub":0.0,"share_industrial":0.0,"dominant_land_cover":40,"dominant_class":1,"dominant_label":"Agricultural burning","is_outbreak_front":false,"is_persistent_cluster":false,"cluster_id":484330}},{"type":"Feature","id":484331,"geometry":{"type":"Polygon","coordinates":[[[79.52696,30.51383],[79.52612,30.51556],[79.53015,30.51609],[79.53146,30.51422],[79.52696,30.51383]]]},"properties":{"cluster_date":"2024-12-26","cluster_fire_count":4,"total_cluster_frp":29.2,"max_frp":10.26,"cluster_convex_hull_area_km2":0.0847,"centroid_lat":30.5149,"centroid_lon":79.5287,"mean_persistence_7d":0.0,"share_forest_shrub":1.0,"share_industrial":0.0,"dominant_land_cover":10,"dominant_class":0,"dominant_label":"Wildfire","is_outbreak_front":false,"is_persistent_cluster":false,"cluster_id":484331}},{"type":"Feature","id":484332,"geometry":{"type":"Polygon","coordinates":[[[74.41582,32.8634],[74.41872,32.86502],[74.42393,32.86562],[74.41582,32.8634]]]},"properties":{"cluster_date":"2024-12-26","cluster_fire_count":3,"total_cluster_frp":12.67,"max_frp":6.41,"cluster_convex_hull_area_km2":0.0343,"centroid_lat":32.8647,"centroid_lon":74.4195,"mean_persistence_7d":0.0,"share_forest_shrub":1.0,"share_industrial":0.0,"dominant_land_cover":30,"dominant_class":1,"dominant_label":"Agricultural burning","is_outbreak_front":false,"is_persistent_cluster":false,"cluster_id":484332}},{"type":"Feature","id":484333,"geometry":{"type":"Polygon","coordinates":[[[75.92564,32.85275],[75.92976,32.85339],[75.93014,32.85324],[75.92564,32.85275]]]},"properties":{"cluster_date":"2024-12-26","cluster_fire_count":4,"total_cluster_frp":15.16,"max_frp":5.0,"cluster_convex_hull_area_km2":0.0044,"centroid_lat":32.8531,"centroid_lon":75.9281,"mean_persistence_7d":0.0,"share_forest_shrub":1.0,"share_industrial":0.0,"dominant_land_cover":10,"dominant_class":0,"dominant_label":"Wildfire","is_outbreak_front":false,"is_persistent_cluster":false,"cluster_id":484333}},{"type":"Feature","id":484334,"geometry":{"type":"Polygon","coordinates":[[[76.18201,32.50411],[76.17939,32.50467],[76.17853,32.50547],[76.18262,32.5061],[76.1853,32.50446],[76.18201,32.50411]]]},"properties":{"cluster_date":"2024-12-26","cluster_fire_count":6,"total_cluster_frp":23.18,"max_frp":5.26,"cluster_convex_hull_area_km2":0.0805,"centroid_lat":32.505,"centroid_lon":76.1818,"mean_persistence_7d":0.0,"share_forest_shrub":1.0,"share_industrial":0.0,"dominant_land_cover":10,"dominant_class":0,"dominant_label":"Wildfire","is_outbreak_front":true,"is_persistent_cluster":false,"cluster_id":484334}},{"type":"Feature","id":484335,"geometry":{"type":"Polygon","coordinates":[[[74.13499,34.61172],[74.13107,34.61332],[74.12967,34.61473],[74.13562,34.61406],[74.13499,34.61172]]]},"properties":{"cluster_date":"2024-12-26","cluster_fire_count":4,"total_cluster_frp":10.87,"max_frp":3.17,"cluster_convex_hull_area_km2":0.0893,"centroid_lat":34.6135,"centroid_lon":74.1328,"mean_persistence_7d":1.0,"share_forest_shrub":1.0,"share_industrial":0.0,"dominant_land_cover":30,"dominant_class":1,"dominant_label":"Agricultural burning","is_outbreak_front":false,"is_persistent_cluster":false,"cluster_id":484335}},{"type":"Feature","id":484336,"geometry":{"type":"Polygon","coordinates":[[[74.45618,33.70992],[74.45545,33.71325],[74.45833,33.71187],[74.45618,33.70992]]]},"properties":{"cluster_date":"2024-12-26","cluster_fire_count":3,"total_cluster_frp":20.16,"max_frp":10.2,"cluster_convex_hull_area_km2":0.0437,"centroid_lat":33.7117,"centroid_lon":74.4567,"mean_persistence_7d":0.0,"share_forest_shrub":1.0,"share_industrial":0.0,"dominant_land_cover":30,"dominant_class":1,"dominant_label":"Agricultural burning","is_outbreak_front":false,"is_persistent_cluster":false,"cluster_id":484336}},{"type":"Feature","id":484337,"geometry":{"type":"Polygon","coordinates":[[[75.54074,33.30436],[75.53937,33.30821],[75.54029,33.30829],[75.54189,33.30478],[75.54074,33.30436]]]},"properties":{"cluster_date":"2024-12-26","cluster_fire_count":5,"total_cluster_frp":29.41,"max_frp":8.3,"cluster_convex_hull_area_km2":0.0427,"centroid_lat":33.3061,"centroid_lon":75.5407,"mean_persistence_7d":1.0,"share_forest_shrub":1.0,"share_industrial":0.0,"dominant_land_cover":30,"dominant_class":1,"dominant_label":"Agricultural burning","is_outbreak_front":true,"is_persistent_cluster":false,"cluster_id":484337}},{"type":"Feature","id":484338,"geometry":{"type":"Polygon","coordinates":[[[75.40982,33.19886],[75.41065,33.20258],[75.42223,33.20782],[75.42276,33.20449],[75.41123,33.19925],[75.40982,33.19886]]]},"properties":{"cluster_date":"2024-12-26","cluster_fire_count":5,"total_cluster_frp":20.82,"max_frp":6.43,"cluster_convex_hull_area_km2":0.4476,"centroid_lat":33.2026,"centroid_lon":75.4153,"mean_persistence_7d":1.2,"share_forest_shrub":1.0,"share_industrial":0.0,"dominant_land_cover":30,"dominant_class":1,"dominant_label":"Agricultural burning","is_outbreak_front":false,"is_persistent_cluster":false,"cluster_id":484338}},{"type":"Feature","id":484339,"geometry":{"type":"Polygon","coordinates":[[[75.87383,33.23941],[75.87205,33.23945],[75.86768,33.2399],[75.87165,33.24368],[75.87502,33.24495],[75.87663,33.2442],[75.87974,33.24229],[75.87934,33.24042],[75.87383,33.23941]]]},"properties":{"cluster_date":"2024-12-26","cluster_fire_count":10,"total_cluster_frp":33.6,"max_frp":10.13,"cluster_convex_hull_area_km2":0.4232,"centroid_lat":33.2419,"centroid_lon":75.8746,"mean_persistence_7d":1.1,"share_forest_shrub":1.0,"share_industrial":0.0,"dominant_land_cover":30,"dominant_class":0,"dominant_label":"Wildfire","is_outbreak_front":false,"is_persistent_cluster":false,"cluster_id":484339}},{"type":"Feature","id":484340,"geometry":{"type":"Polygon","coordinates":[[[73.03358,18.65531],[73.02077,18.70445],[73.02265,18.70469],[73.04189,18.69077],[73.03358,18.65531]]]},"properties":{"cluster_date":"2024-12-26","cluster_fire_count":16,"total_cluster_frp":36.79,"max_frp":4.96,"cluster_convex_hull_area_km2":5.0567,"centroid_lat":18.6861,"centroid_lon":73.0347,"mean_persistence_7d":4.9375,"share_forest_shrub":0.0,"share_industrial":1.0,"dominant_land_cover":50,"dominant_class":4,"dominant_label":"Persistent thermal source","is_outbreak_front":false,"is_persistent_cluster":true,"cluster_id":484340}},{"type":"Feature","id":484341,"geometry":{"type":"Polygon","coordinates":[[[86.00079,20.9628],[85.99781,20.97054],[86.00968,20.99958],[86.01311,21.00002],[86.01984,20.99871],[86.02144,20.97033],[86.01859,20.96542],[86.00969,20.96331],[86.00079,20.9628]]]},"properties":{"cluster_date":"2024-12-26","cluster_fire_count":21,"total_cluster_frp":64.92,"max_frp":9.41,"cluster_convex_hull_area_km2":6.9902,"centroid_lat":20.9774,"centroid_lon":86.0103,"mean_persistence_7d":2.1429,"share_forest_shrub":1.0,"share_industrial":0.0,"dominant_land_cover":10,"dominant_class":4,"dominant_label":"Persistent thermal source","is_outbreak_front":false,"is_persistent_cluster":false,"cluster_id":484341}},{"type":"Feature","id":484342,"geometry":{"type":"Polygon","coordinates":[[[77.40945,22.97864],[77.40611,22.98046],[77.41122,22.98108],[77.40945,22.97864]]]},"properties":{"cluster_date":"2024-12-26","cluster_fire_count":3,"total_cluster_frp":14.37,"max_frp":5.19,"cluster_convex_hull_area_km2":0.0621,"centroid_lat":22.9801,"centroid_lon":77.4089,"mean_persistence_7d":0.0,"share_forest_shrub":1.0,"share_industrial":0.0,"dominant_land_cover":10,"dominant_class":0,"dominant_label":"Wildfire","is_outbreak_front":false,"is_persistent_cluster":false,"cluster_id":484342}},{"type":"Feature","id":484343,"geometry":{"type":"Polygon","coordinates":[[[77.48493,29.10273],[77.47946,29.10521],[77.49519,29.12497],[77.48493,29.10273]]]},"properties":{"cluster_date":"2024-12-26","cluster_fire_count":3,"total_cluster_frp":9.17,"max_frp":4.13,"cluster_convex_hull_area_km2":0.7691,"centroid_lat":29.111,"centroid_lon":77.4865,"mean_persistence_7d":0.0,"share_forest_shrub":0.0,"share_industrial":0.0,"dominant_land_cover":40,"dominant_class":1,"dominant_label":"Agricultural burning","is_outbreak_front":false,"is_persistent_cluster":false,"cluster_id":484343}},{"type":"Feature","id":484344,"geometry":{"type":"Polygon","coordinates":[[[95.39211,26.80154],[95.38793,26.80187],[95.38593,26.80611],[95.38618,26.80751],[95.38907,26.81026],[95.39285,26.81284],[95.39803,26.81219],[95.39697,26.80853],[95.3956,26.80589],[95.39211,26.80154]]]},"properties":{"cluster_date":"2024-12-26","cluster_fire_count":18,"total_cluster_frp":101.1,"max_frp":9.21,"cluster_convex_hull_area_km2":0.923,"centroid_lat":26.807,"centroid_lon":95.3916,"mean_persistence_7d":0.0,"share_forest_shrub":1.0,"share_industrial":0.0,"dominant_land_cover":30,"dominant_class":0,"dominant_label":"Wildfire","is_outbreak_front":true,"is_persistent_cluster":false,"cluster_id":484344}},{"type":"Feature","id":484345,"geometry":{"type":"Polygon","coordinates":[[[93.18336,26.22419],[93.18114,26.22556],[93.18225,26.22512],[93.18336,26.22419]]]},"properties":{"cluster_date":"2024-12-26","cluster_fire_count":3,"total_cluster_frp":3.22,"max_frp":1.48,"cluster_convex_hull_area_km2":0.0029,"centroid_lat":26.225,"centroid_lon":93.1822,"mean_persistence_7d":0.0,"share_forest_shrub":1.0,"share_industrial":0.0,"dominant_land_cover":30,"dominant_class":1,"dominant_label":"Agricultural burning","is_outbreak_front":false,"is_persistent_cluster":false,"cluster_id":484345}},{"type":"Feature","id":484346,"geometry":{"type":"Polygon","coordinates":[[[86.85824,24.11762],[86.85715,24.12289],[86.85951,24.1202],[86.85824,24.11762]]]},"properties":{"cluster_date":"2024-12-26","cluster_fire_count":3,"total_cluster_frp":3.71,"max_frp":1.36,"cluster_convex_hull_area_km2":0.0514,"centroid_lat":24.1202,"centroid_lon":86.8583,"mean_persistence_7d":7.0,"share_forest_shrub":1.0,"share_industrial":0.0,"dominant_land_cover":30,"dominant_class":4,"dominant_label":"Persistent thermal source","is_outbreak_front":false,"is_persistent_cluster":false,"cluster_id":484346}},{"type":"Feature","id":484347,"geometry":{"type":"Polygon","coordinates":[[[87.09656,23.689],[87.09497,23.69226],[87.10033,23.69786],[87.1192,23.6964],[87.12206,23.69496],[87.12328,23.69229],[87.12097,23.69042],[87.09656,23.689]]]},"properties":{"cluster_date":"2024-12-26","cluster_fire_count":20,"total_cluster_frp":40.97,"max_frp":3.59,"cluster_convex_hull_area_km2":2.0122,"centroid_lat":23.6935,"centroid_lon":87.1104,"mean_persistence_7d":7.0,"share_forest_shrub":0.0,"share_industrial":1.0,"dominant_land_cover":50,"dominant_class":4,"dominant_label":"Persistent thermal source","is_outbreak_front":false,"is_persistent_cluster":true,"cluster_id":484347}},{"type":"Feature","id":484348,"geometry":{"type":"Polygon","coordinates":[[[84.93162,23.82742],[84.92515,23.82817],[84.94595,23.84037],[84.93499,23.82837],[84.93162,23.82742]]]},"properties":{"cluster_date":"2024-12-26","cluster_fire_count":6,"total_cluster_frp":7.27,"max_frp":1.96,"cluster_convex_hull_area_km2":0.6758,"centroid_lat":23.8307,"centroid_lon":84.9342,"mean_persistence_7d":5.8333,"share_forest_shrub":1.0,"share_industrial":0.0,"dominant_land_cover":10,"dominant_class":4,"dominant_label":"Persistent thermal source","is_outbreak_front":false,"is_persistent_cluster":false,"cluster_id":484348}},{"type":"Feature","id":484349,"geometry":{"type":"Polygon","coordinates":[[[85.56631,23.78049],[85.5509,23.78782],[85.55031,23.78885],[85.55053,23.79097],[85.56187,23.79859],[85.5672,23.78462],[85.56631,23.78049]]]},"properties":{"cluster_date":"2024-12-26","cluster_fire_count":9,"total_cluster_frp":12.57,"max_frp":1.73,"cluster_convex_hull_area_km2":1.741,"centroid_lat":23.7875,"centroid_lon":85.5599,"mean_persistence_7d":4.6667,"share_forest_shrub":1.0,"share_industrial":0.0,"dominant_land_cover":10,"dominant_class":4,"dominant_label":"Persistent thermal source","is_outbreak_front":false,"is_persistent_cluster":false,"cluster_id":484349}},{"type":"Feature","id":484350,"geometry":{"type":"Polygon","coordinates":[[[86.92038,23.66575],[86.91505,23.6676],[86.9177,23.66874],[86.92255,23.66766],[86.9235,23.66726],[86.92038,23.66575]]]},"properties":{"cluster_date":"2024-12-26","cluster_fire_count":6,"total_cluster_frp":9.24,"max_frp":2.3,"cluster_convex_hull_area_km2":0.1372,"centroid_lat":23.6674,"centroid_lon":86.9199,"mean_persistence_7d":7.0,"share_forest_shrub":1.0,"share_industrial":0.0,"dominant_land_cover":30,"dominant_class":4,"dominant_label":"Persistent thermal source","is_outbreak_front":false,"is_persistent_cluster":false,"cluster_id":484350}},{"type":"Feature","id":484351,"geometry":{"type":"Polygon","coordinates":[[[87.1463,23.60926],[87.14076,23.61327],[87.14739,23.61382],[87.1463,23.60926]]]},"properties":{"cluster_date":"2024-12-26","cluster_fire_count":4,"total_cluster_frp":4.56,"max_frp":1.47,"cluster_convex_hull_area_km2":0.161,"centroid_lat":23.6122,"centroid_lon":87.1447,"mean_persistence_7d":6.0,"share_forest_shrub":0.0,"share_industrial":1.0,"dominant_land_cover":50,"dominant_class":4,"dominant_label":"Persistent thermal source","is_outbreak_front":false,"is_persistent_cluster":true,"cluster_id":484351}},{"type":"Feature","id":484352,"geometry":{"type":"Polygon","coordinates":[[[86.09027,23.66788],[86.08148,23.67859],[86.08205,23.68123],[86.08461,23.68241],[86.09298,23.68407],[86.09778,23.67978],[86.09027,23.66788]]]},"properties":{"cluster_date":"2024-12-26","cluster_fire_count":13,"total_cluster_frp":23.32,"max_frp":3.69,"cluster_convex_hull_area_km2":1.5942,"centroid_lat":23.6793,"centroid_lon":86.088,"mean_persistence_7d":6.8462,"share_forest_shrub":0.0,"share_industrial":1.0,"dominant_land_cover":50,"dominant_class":4,"dominant_label":"Persistent thermal source","is_outbreak_front":false,"is_persistent_cluster":true,"cluster_id":484352}},{"type":"Feature","id":484353,"geometry":{"type":"Polygon","coordinates":[[[85.01003,23.72083],[85.0007,23.728],[85.00217,23.74148],[85.00849,23.74107],[85.00982,23.73756],[85.01003,23.72083]]]},"properties":{"cluster_date":"2024-12-26","cluster_fire_count":8,"total_cluster_frp":11.86,"max_frp":2.43,"cluster_convex_hull_area_km2":1.5478,"centroid_lat":23.7358,"centroid_lon":85.0061,"mean_persistence_7d":5.75,"share_forest_shrub":1.0,"share_industrial":0.0,"dominant_land_cover":10,"dominant_class":4,"dominant_label":"Persistent thermal source","is_outbreak_front":false,"is_persistent_cluster":false,"cluster_id":484353}},{"type":"Feature","id":484354,"geometry":{"type":"Polygon","coordinates":[[[86.78613,23.61566],[86.7831,23.61979],[86.78828,23.61946],[86.79216,23.61757],[86.79188,23.61581],[86.78613,23.61566]]]},"properties":{"cluster_date":"2024-12-26","cluster_fire_count":6,"total_cluster_frp":12.4,"max_frp":2.57,"cluster_convex_hull_area_km2":0.2678,"centroid_lat":23.6175,"centroid_lon":86.7881,"mean_persistence_7d":6.0,"share_forest_shrub":1.0,"share_industrial":0.0,"dominant_land_cover":30,"dominant_class":4,"dominant_label":"Persistent thermal source","is_outbreak_front":false,"is_persistent_cluster":false,"cluster_id":484354}},{"type":"Feature","id":484355,"geometry":{"type":"Polygon","coordinates":[[[87.24537,23.55046],[87.22764,23.56066],[87.24245,23.5607],[87.24537,23.55046]]]},"properties":{"cluster_date":"2024-12-26","cluster_fire_count":7,"total_cluster_frp":15.21,"max_frp":3.66,"cluster_convex_hull_area_km2":0.825,"centroid_lat":23.5574,"centroid_lon":87.2394,"mean_persistence_7d":6.5714,"share_forest_shrub":0.0,"share_industrial":1.0,"dominant_land_cover":50,"dominant_class":4,"dominant_label":"Persistent thermal source","is_outbreak_front":false,"is_persistent_cluster":true,"cluster_id":484355}},{"type":"Feature","id":484356,"geometry":{"type":"Polygon","coordinates":[[[87.08595,23.55961],[87.08147,23.56089],[87.08481,23.56508],[87.08595,23.55961]]]},"properties":{"cluster_date":"2024-12-26","cluster_fire_count":3,"total_cluster_frp":4.89,"max_frp":2.41,"cluster_convex_hull_area_km2":0.1253,"centroid_lat":23.5619,"centroid_lon":87.0841,"mean_persistence_7d":5.0,"share_forest_shrub":0.0,"share_industrial":1.0,"dominant_land_cover":50,"dominant_class":4,"dominant_label":"Persistent thermal source","is_outbreak_front":false,"is_persistent_cluster":true,"cluster_id":484356}},{"type":"Feature","id":484357,"geometry":{"type":"Polygon","coordinates":[[[85.43386,23.64847],[85.43626,23.64977],[85.43973,23.64875],[85.43386,23.64847]]]},"properties":{"cluster_date":"2024-12-26","cluster_fire_count":3,"total_cluster_frp":2.64,"max_frp":0.94,"cluster_convex_hull_area_km2":0.0378,"centroid_lat":23.649,"centroid_lon":85.4366,"mean_persistence_7d":7.0,"share_forest_shrub":0.0,"share_industrial":1.0,"dominant_land_cover":50,"dominant_class":4,"dominant_label":"Persistent thermal source","is_outbreak_front":false,"is_persistent_cluster":true,"cluster_id":484357}},{"type":"Feature","id":484358,"geometry":{"type":"Polygon","coordinates":[[[84.99683,23.66183],[84.99101,23.66903],[84.98962,23.67194],[84.99554,23.66476],[84.99683,23.66183]]]},"properties":{"cluster_date":"2024-12-26","cluster_fire_count":4,"total_cluster_frp":8.23,"max_frp":2.76,"cluster_convex_hull_area_km2":0.0815,"centroid_lat":23.6669,"centroid_lon":84.9933,"mean_persistence_7d":6.0,"share_forest_shrub":1.0,"share_industrial":0.0,"dominant_land_cover":10,"dominant_class":4,"dominant_label":"Persistent thermal source","is_outbreak_front":false,"is_persistent_cluster":false,"cluster_id":484358}},{"type":"Feature","id":484359,"geometry":{"type":"Polygon","coordinates":[[[86.05389,22.85957],[86.05649,22.87543],[86.06113,22.87823],[86.06264,22.8741],[86.06272,22.87333],[86.05389,22.85957]]]},"properties":{"cluster_date":"2024-12-26","cluster_fire_count":5,"total_cluster_frp":4.35,"max_frp":1.12,"cluster_convex_hull_area_km2":0.723,"centroid_lat":22.8721,"centroid_lon":86.0594,"mean_persistence_7d":4.0,"share_forest_shrub":1.0,"share_industrial":0.0,"dominant_land_cover":10,"dominant_class":4,"dominant_label":"Persistent thermal source","is_outbreak_front":false,"is_persistent_cluster":false,"cluster_id":484359}},{"type":"Feature","id":484360,"geometry":{"type":"Polygon","coordinates":[[[86.08602,22.7999],[86.08667,22.80618],[86.08797,22.80526],[86.08951,22.79996],[86.08602,22.7999]]]},"properties":{"cluster_date":"2024-12-26","cluster_fire_count":5,"total_cluster_frp":8.24,"max_frp":2.48,"cluster_convex_hull_area_km2":0.1496,"centroid_lat":22.8026,"centroid_lon":86.0877,"mean_persistence_7d":4.0,"share_forest_shrub":1.0,"share_industrial":0.0,"dominant_land_cover":10,"dominant_class":4,"dominant_label":"Persistent thermal source","is_outbreak_front":false,"is_persistent_cluster":false,"cluster_id":484360}},{"type":"Feature","id":484361,"geometry":{"type":"Polygon","coordinates":[[[85.89164,22.57334],[85.90448,22.59181],[85.90418,22.59126],[85.89342,22.57409],[85.89164,22.57334]]]},"properties":{"cluster_date":"2024-12-26","cluster_fire_count":4,"total_cluster_frp":6.06,"max_frp":2.31,"cluster_convex_hull_area_km2":0.1316,"centroid_lat":22.5826,"centroid_lon":85.8984,"mean_persistence_7d":4.0,"share_forest_shrub":1.0,"share_industrial":0.0,"dominant_land_cover":30,"dominant_class":4,"dominant_label":"Persistent thermal source","is_outbreak_front":false,"is_persistent_cluster":false,"cluster_id":484361}},{"type":"Feature","id":484362,"geometry":{"type":"Polygon","coordinates":[[[87.01959,22.36378],[87.0122,22.36491],[87.01289,22.37083],[87.01923,22.36441],[87.01959,22.36378]]]},"properties":{"cluster_date":"2024-12-26","cluster_fire_count":6,"total_cluster_frp":12.21,"max_frp":2.37,"cluster_convex_hull_area_km2":0.2536,"centroid_lat":22.3657,"centroid_lon":87.0156,"mean_persistence_7d":4.8333,"share_forest_shrub":1.0,"share_industrial":0.0,"dominant_land_cover":30,"dominant_class":4,"dominant_label":"Persistent thermal source","is_outbreak_front":false,"is_persistent_cluster":false,"cluster_id":484362}},{"type":"Feature","id":484363,"geometry":{"type":"Polygon","coordinates":[[[87.38773,22.24174],[87.38686,22.24235],[87.38432,22.24503],[87.38773,22.24174]]]},"properties":{"cluster_date":"2024-12-26","cluster_fire_count":3,"total_cluster_frp":4.66,"max_frp":1.65,"cluster_convex_hull_area_km2":0.0043,"centroid_lat":22.243,"centroid_lon":87.3863,"mean_persistence_7d":1.0,"share_forest_shrub":1.0,"share_industrial":0.0,"dominant_land_cover":30,"dominant_class":4,"dominant_label":"Persistent thermal source","is_outbreak_front":false,"is_persistent_cluster":false,"cluster_id":484363}},{"type":"Feature","id":484364,"geometry":{"type":"Polygon","coordinates":[[[84.75369,22.21713],[84.75005,22.21939],[84.74885,22.22355],[84.75072,22.22405],[84.75279,22.22351],[84.75572,22.21874],[84.75369,22.21713]]]},"properties":{"cluster_date":"2024-12-26","cluster_fire_count":7,"total_cluster_frp":11.72,"max_frp":2.99,"cluster_convex_hull_area_km2":0.2965,"centroid_lat":22.2209,"centroid_lon":84.752,"mean_persistence_7d":3.8571,"share_forest_shrub":1.0,"share_industrial":0.0,"dominant_land_cover":10,"dominant_class":4,"dominant_label":"Persistent thermal source","is_outbreak_front":false,"is_persistent_cluster":false,"cluster_id":484364}},{"type":"Feature","id":484365,"geometry":{"type":"Polygon","coordinates":[[[85.46322,22.05401],[85.46159,22.05585],[85.46587,22.05594],[85.46322,22.05401]]]},"properties":{"cluster_date":"2024-12-26","cluster_fire_count":3,"total_cluster_frp":1.75,"max_frp":0.65,"cluster_convex_hull_area_km2":0.0441,"centroid_lat":22.0553,"centroid_lon":85.4636,"mean_persistence_7d":3.0,"share_forest_shrub":1.0,"share_industrial":0.0,"dominant_land_cover":30,"dominant_class":4,"dominant_label":"Persistent thermal source","is_outbreak_front":false,"is_persistent_cluster":false,"cluster_id":484365}},{"type":"Feature","id":484366,"geometry":{"type":"Polygon","coordinates":[[[83.5272,22.10473],[83.51945,22.1061],[83.5222,22.10743],[83.5272,22.10473]]]},"properties":{"cluster_date":"2024-12-26","cluster_fire_count":4,"total_cluster_frp":6.27,"max_frp":1.67,"cluster_convex_hull_area_km2":0.0774,"centroid_lat":22.106,"centroid_lon":83.5228,"mean_persistence_7d":5.0,"share_forest_shrub":1.0,"share_industrial":0.0,"dominant_land_cover":30,"dominant_class":4,"dominant_label":"Persistent thermal source","is_outbreak_front":false,"is_persistent_cluster":false,"cluster_id":484366}},{"type":"Feature","id":484367,"geometry":{"type":"Polygon","coordinates":[[[85.22257,21.92874],[85.21836,21.92957],[85.21674,21.93072],[85.21895,21.93157],[85.22257,21.92874]]]},"properties":{"cluster_date":"2024-12-26","cluster_fire_count":4,"total_cluster_frp":5.0,"max_frp":1.76,"cluster_convex_hull_area_km2":0.0706,"centroid_lat":21.9302,"centroid_lon":85.2192,"mean_persistence_7d":3.0,"share_forest_shrub":1.0,"share_industrial":0.0,"dominant_land_cover":30,"dominant_class":4,"dominant_label":"Persistent thermal source","is_outbreak_front":false,"is_persistent_cluster":false,"cluster_id":484367}},{"type":"Feature","id":484368,"geometry":{"type":"Polygon","coordinates":[[[83.81422,21.74162],[83.81358,21.74266],[83.81492,21.74828],[83.82566,21.77811],[83.82786,21.78084],[83.8297,21.78285],[83.83776,21.78454],[83.84041,21.78106],[83.84199,21.76067],[83.83429,21.75407],[83.82155,21.74443],[83.81422,21.74162]]]},"properties":{"cluster_date":"2024-12-26","cluster_fire_count":27,"total_cluster_frp":47.95,"max_frp":3.24,"cluster_convex_hull_area_km2":7.2731,"centroid_lat":21.7656,"centroid_lon":83.829,"mean_persistence_7d":5.3333,"share_forest_shrub":1.0,"share_industrial":0.0,"dominant_land_cover":30,"dominant_class":4,"dominant_label":"Persistent thermal source","is_outbreak_front":false,"is_persistent_cluster":false,"cluster_id":484368}},{"type":"Feature","id":484369,"geometry":{"type":"Polygon","coordinates":[[[84.02466,21.75463],[84.0151,21.75591],[84.01648,21.76991],[84.01785,21.76948],[84.02466,21.75463]]]},"properties":{"cluster_date":"2024-12-26","cluster_fire_count":10,"total_cluster_frp":21.57,"max_frp":3.22,"cluster_convex_hull_area_km2":0.8438,"centroid_lat":21.7615,"centroid_lon":84.0187,"mean_persistence_7d":4.9,"share_forest_shrub":0.0,"share_industrial":1.0,"dominant_land_cover":50,"dominant_class":4,"dominant_label":"Persistent thermal source","is_outbreak_front":false,"is_persistent_cluster":true,"cluster_id":484369}},{"type":"Feature","id":484370,"geometry":{"type":"Polygon","coordinates":[[[84.03953,21.67332],[84.03055,21.6789],[84.04343,21.68294],[84.03953,21.67332]]]},"properties":{"cluster_date":"2024-12-26","cluster_fire_count":6,"total_cluster_frp":11.78,"max_frp":3.1,"cluster_convex_hull_area_km2":0.5967,"centroid_lat":21.6789,"centroid_lon":84.0375,"mean_persistence_7d":4.0,"share_forest_shrub":0.0,"share_industrial":1.0,"dominant_land_cover":50,"dominant_class":4,"dominant_label":"Persistent thermal source","is_outbreak_front":false,"is_persistent_cluster":true,"cluster_id":484370}},{"type":"Feature","id":484371,"geometry":{"type":"Polygon","coordinates":[[[85.03876,21.07529],[85.03516,21.07545],[85.03367,21.07646],[85.02772,21.08082],[85.03174,21.08272],[85.03537,21.08251],[85.04042,21.08135],[85.04186,21.08031],[85.0437,21.07875],[85.04069,21.07588],[85.03876,21.07529]]]},"properties":{"cluster_date":"2024-12-26","cluster_fire_count":21,"total_cluster_frp":31.96,"max_frp":2.76,"cluster_convex_hull_area_km2":0.8215,"centroid_lat":21.0795,"centroid_lon":85.0365,"mean_persistence_7d":1.9524,"share_forest_shrub":1.0,"share_industrial":0.0,"dominant_land_cover":10,"dominant_class":4,"dominant_label":"Persistent thermal source","is_outbreak_front":false,"is_persistent_cluster":false,"cluster_id":484371}},{"type":"Feature","id":484372,"geometry":{"type":"Polygon","coordinates":[[[86.04659,20.9474],[86.04592,20.95279],[86.04745,20.95356],[86.04716,20.95115],[86.04659,20.9474]]]},"properties":{"cluster_date":"2024-12-26","cluster_fire_count":4,"total_cluster_frp":5.7,"max_frp":2.4,"cluster_convex_hull_area_km2":0.0502,"centroid_lat":20.9512,"centroid_lon":86.0468,"mean_persistence_7d":3.0,"share_forest_shrub":1.0,"share_industrial":0.0,"dominant_land_cover":10,"dominant_class":4,"dominant_label":"Persistent thermal source","is_outbreak_front":false,"is_persistent_cluster":false,"cluster_id":484372}},{"type":"Feature","id":484373,"geometry":{"type":"Polygon","coordinates":[[[85.17324,20.96194],[85.16025,20.96268],[85.15211,20.96613],[85.12766,20.98125],[85.12535,20.98468],[85.1465,20.98051],[85.17194,20.97549],[85.17519,20.97042],[85.17324,20.96194]]]},"properties":{"cluster_date":"2024-12-26","cluster_fire_count":28,"total_cluster_frp":45.55,"max_frp":3.64,"cluster_convex_hull_area_km2":5.6856,"centroid_lat":20.9724,"centroid_lon":85.1552,"mean_persistence_7d":1.9286,"share_forest_shrub":0.0,"share_industrial":1.0,"dominant_land_cover":50,"dominant_class":4,"dominant_label":"Persistent thermal source","is_outbreak_front":false,"is_persistent_cluster":false,"cluster_id":484373}},{"type":"Feature","id":484374,"geometry":{"type":"Polygon","coordinates":[[[84.9921,20.86313],[84.98741,20.86918],[84.97519,20.88869],[84.99726,20.86653],[84.9921,20.86313]]]},"properties":{"cluster_date":"2024-12-26","cluster_fire_count":8,"total_cluster_frp":11.57,"max_frp":2.14,"cluster_convex_hull_area_km2":1.1497,"centroid_lat":20.8698,"centroid_lon":84.9897,"mean_persistence_7d":1.0,"share_forest_shrub":0.0,"share_industrial":1.0,"dominant_land_cover":50,"dominant_class":4,"dominant_label":"Persistent thermal source","is_outbreak_front":false,"is_persistent_cluster":false,"cluster_id":484374}},{"type":"Feature","id":484375,"geometry":{"type":"Polygon","coordinates":[[[85.29061,20.75963],[85.28872,20.76463],[85.29446,20.76415],[85.29438,20.76021],[85.29061,20.75963]]]},"properties":{"cluster_date":"2024-12-26","cluster_fire_count":5,"total_cluster_frp":5.34,"max_frp":1.2,"cluster_convex_hull_area_km2":0.2368,"centroid_lat":20.7619,"centroid_lon":85.2917,"mean_persistence_7d":1.0,"share_forest_shrub":1.0,"share_industrial":0.2,"dominant_land_cover":10,"dominant_class":4,"dominant_label":"Persistent thermal source","is_outbreak_front":true,"is_persistent_cluster":false,"cluster_id":484375}},{"type":"Feature","id":484376,"geometry":{"type":"Polygon","coordinates":[[[83.20204,17.60487],[83.19621,17.61085],[83.19443,17.6228],[83.1952,17.62407],[83.20263,17.61475],[83.20368,17.61285],[83.20287,17.60886],[83.20204,17.60487]]]},"properties":{"cluster_date":"2024-12-26","cluster_fire_count":9,"total_cluster_frp":10.37,"max_frp":2.33,"cluster_convex_hull_area_km2":0.9887,"centroid_lat":17.6134,"centroid_lon":83.1999,"mean_persistence_7d":1.7778,"share_forest_shrub":0.0,"share_industrial":1.0,"dominant_land_cover":50,"dominant_class":3,"dominant_label":"Gas flare","is_outbreak_front":false,"is_persistent_cluster":false,"cluster_id":484376}},{"type":"Feature","id":484377,"geometry":{"type":"Polygon","coordinates":[[[75.19016,33.21524],[75.18676,33.21915],[75.19621,33.22451],[75.19764,33.2225],[75.19016,33.21524]]]},"properties":{"cluster_date":"2024-12-26","cluster_fire_count":5,"total_cluster_frp":5.51,"max_frp":1.51,"cluster_convex_hull_area_km2":0.4113,"centroid_lat":33.2205,"centroid_lon":75.1933,"mean_persistence_7d":0.0,"share_forest_shrub":1.0,"share_industrial":0.0,"dominant_land_cover":30,"dominant_class":1,"dominant_label":"Agricultural burning","is_outbreak_front":true,"is_persistent_cluster":false,"cluster_id":484377}},{"type":"Feature","id":484378,"geometry":{"type":"Polygon","coordinates":[[[75.73621,33.29552],[75.73502,33.29829],[75.73569,33.30158],[75.73621,33.29552]]]},"properties":{"cluster_date":"2024-12-26","cluster_fire_count":4,"total_cluster_frp":9.47,"max_frp":5.38,"cluster_convex_hull_area_km2":0.0294,"centroid_lat":33.2988,"centroid_lon":75.7356,"mean_persistence_7d":2.0,"share_forest_shrub":1.0,"share_industrial":0.0,"dominant_land_cover":30,"dominant_class":1,"dominant_label":"Agricultural burning","is_outbreak_front":false,"is_persistent_cluster":false,"cluster_id":484378}},{"type":"Feature","id":484379,"geometry":{"type":"Polygon","coordinates":[[[80.32145,30.11003],[80.31745,30.11063],[80.31826,30.11392],[80.32145,30.11003]]]},"properties":{"cluster_date":"2024-12-26","cluster_fire_count":3,"total_cluster_frp":1.86,"max_frp":0.62,"cluster_convex_hull_area_km2":0.0709,"centroid_lat":30.1115,"centroid_lon":80.3191,"mean_persistence_7d":0.0,"share_forest_shrub":1.0,"share_industrial":0.0,"dominant_land_cover":10,"dominant_class":0,"dominant_label":"Wildfire","is_outbreak_front":false,"is_persistent_cluster":false,"cluster_id":484379}},{"type":"Feature","id":484380,"geometry":{"type":"Polygon","coordinates":[[[77.90414,31.54274],[77.90312,31.54707],[77.90464,31.54637],[77.90414,31.54274]]]},"properties":{"cluster_date":"2024-12-26","cluster_fire_count":3,"total_cluster_frp":3.43,"max_frp":1.4,"cluster_convex_hull_area_km2":0.0302,"centroid_lat":31.5454,"centroid_lon":77.904,"mean_persistence_7d":0.0,"share_forest_shrub":1.0,"share_industrial":0.0,"dominant_land_cover":10,"dominant_class":0,"dominant_label":"Wildfire","is_outbreak_front":false,"is_persistent_cluster":false,"cluster_id":484380}},{"type":"Feature","id":484381,"geometry":{"type":"Polygon","coordinates":[[[80.48949,29.82417],[80.48116,29.82838],[80.48906,29.82718],[80.48949,29.82417]]]},"properties":{"cluster_date":"2024-12-26","cluster_fire_count":3,"total_cluster_frp":1.57,"max_frp":0.8,"cluster_convex_hull_area_km2":0.1211,"centroid_lat":29.8266,"centroid_lon":80.4866,"mean_persistence_7d":0.0,"share_forest_shrub":1.0,"share_industrial":0.0,"dominant_land_cover":30,"dominant_class":1,"dominant_label":"Agricultural burning","is_outbreak_front":false,"is_persistent_cluster":false,"cluster_id":484381}},{"type":"Feature","id":484382,"geometry":{"type":"Polygon","coordinates":[[[85.46239,23.82505],[85.46801,23.84003],[85.46926,23.83801],[85.46239,23.82505]]]},"properties":{"cluster_date":"2024-12-26","cluster_fire_count":4,"total_cluster_frp":2.81,"max_frp":1.24,"cluster_convex_hull_area_km2":0.1632,"centroid_lat":23.8328,"centroid_lon":85.4658,"mean_persistence_7d":5.0,"share_forest_shrub":1.0,"share_industrial":0.0,"dominant_land_cover":10,"dominant_class":4,"dominant_label":"Persistent thermal source","is_outbreak_front":false,"is_persistent_cluster":false,"cluster_id":484382}},{"type":"Feature","id":484383,"geometry":{"type":"Polygon","coordinates":[[[85.85593,23.75753],[85.85397,23.75894],[85.85512,23.76111],[85.86124,23.76085],[85.85819,23.75811],[85.85593,23.75753]]]},"properties":{"cluster_date":"2024-12-26","cluster_fire_count":5,"total_cluster_frp":6.86,"max_frp":2.44,"cluster_convex_hull_area_km2":0.1737,"centroid_lat":23.7593,"centroid_lon":85.8569,"mean_persistence_7d":7.0,"share_forest_shrub":1.0,"share_industrial":0.0,"dominant_land_cover":10,"dominant_class":4,"dominant_label":"Persistent thermal source","is_outbreak_front":false,"is_persistent_cluster":false,"cluster_id":484383}},{"type":"Feature","id":484384,"geometry":{"type":"Polygon","coordinates":[[[85.49965,23.82357],[85.49834,23.82537],[85.49911,23.82869],[85.49965,23.82357]]]},"properties":{"cluster_date":"2024-12-26","cluster_fire_count":3,"total_cluster_frp":7.52,"max_frp":3.09,"cluster_convex_hull_area_km2":0.0311,"centroid_lat":23.8259,"centroid_lon":85.499,"mean_persistence_7d":6.0,"share_forest_shrub":1.0,"share_industrial":0.0,"dominant_land_cover":10,"dominant_class":4,"dominant_label":"Persistent thermal source","is_outbreak_front":false,"is_persistent_cluster":false,"cluster_id":484384}},{"type":"Feature","id":484385,"geometry":{"type":"Polygon","coordinates":[[[79.4759,26.64001],[79.47928,26.64334],[79.48041,26.64275],[79.4759,26.64001]]]},"properties":{"cluster_date":"2024-12-26","cluster_fire_count":3,"total_cluster_frp":2.36,"max_frp":1.11,"cluster_convex_hull_area_km2":0.0306,"centroid_lat":26.642,"centroid_lon":79.4785,"mean_persistence_7d":6.0,"share_forest_shrub":0.0,"share_industrial":0.0,"dominant_land_cover":40,"dominant_class":4,"dominant_label":"Persistent thermal source","is_outbreak_front":false,"is_persistent_cluster":false,"cluster_id":484385}},{"type":"Feature","id":484386,"geometry":{"type":"Polygon","coordinates":[[[83.20113,26.75924],[83.19798,26.75985],[83.20116,26.76264],[83.20113,26.75924]]]},"properties":{"cluster_date":"2024-12-26","cluster_fire_count":3,"total_cluster_frp":5.24,"max_frp":2.2,"cluster_convex_hull_area_km2":0.057,"centroid_lat":26.7606,"centroid_lon":83.2001,"mean_persistence_7d":6.0,"share_forest_shrub":0.0,"share_industrial":0.0,"dominant_land_cover":40,"dominant_class":4,"dominant_label":"Persistent thermal source","is_outbreak_front":false,"is_persistent_cluster":false,"cluster_id":484386}},{"type":"Feature","id":484387,"geometry":{"type":"Polygon","coordinates":[[[81.76891,21.48629],[81.76719,21.4887],[81.77026,21.48803],[81.76891,21.48629]]]},"properties":{"cluster_date":"2024-12-26","cluster_fire_count":3,"total_cluster_frp":3.81,"max_frp":1.85,"cluster_convex_hull_area_km2":0.0345,"centroid_lat":21.4877,"centroid_lon":81.7688,"mean_persistence_7d":7.0,"share_forest_shrub":1.0,"share_industrial":0.0,"dominant_land_cover":10,"dominant_class":4,"dominant_label":"Persistent thermal source","is_outbreak_front":false,"is_persistent_cluster":false,"cluster_id":484387}},{"type":"Feature","id":484388,"geometry":{"type":"Polygon","coordinates":[[[81.66956,21.34289],[81.66267,21.34885],[81.63901,21.37531],[81.64019,21.38025],[81.64507,21.38979],[81.68005,21.37889],[81.68144,21.37816],[81.6842,21.37045],[81.66956,21.34289]]]},"properties":{"cluster_date":"2024-12-26","cluster_fire_count":20,"total_cluster_frp":21.46,"max_frp":1.74,"cluster_convex_hull_area_km2":12.796,"centroid_lat":21.3737,"centroid_lon":81.6625,"mean_persistence_7d":4.8,"share_forest_shrub":0.0,"share_industrial":1.0,"dominant_land_cover":50,"dominant_class":4,"dominant_label":"Persistent thermal source","is_outbreak_front":false,"is_persistent_cluster":true,"cluster_id":484388}},{"type":"Feature","id":484389,"geometry":{"type":"Polygon","coordinates":[[[81.60519,21.29744],[81.57735,21.30542],[81.5769,21.306],[81.59184,21.31268],[81.60574,21.30451],[81.60519,21.29744]]]},"properties":{"cluster_date":"2024-12-26","cluster_fire_count":9,"total_cluster_frp":6.09,"max_frp":1.18,"cluster_convex_hull_area_km2":2.3919,"centroid_lat":21.3059,"centroid_lon":81.5914,"mean_persistence_7d":4.1111,"share_forest_shrub":1.0,"share_industrial":0.0,"dominant_land_cover":10,"dominant_class":4,"dominant_label":"Persistent thermal source","is_outbreak_front":false,"is_persistent_cluster":false,"cluster_id":484389}},{"type":"Feature","id":484390,"geometry":{"type":"Polygon","coordinates":[[[81.38892,21.18218],[81.38484,21.18288],[81.38743,21.18875],[81.39097,21.19258],[81.38892,21.18218]]]},"properties":{"cluster_date":"2024-12-26","cluster_fire_count":6,"total_cluster_frp":11.94,"max_frp":2.92,"cluster_convex_hull_area_km2":0.3032,"centroid_lat":21.1866,"centroid_lon":81.3881,"mean_persistence_7d":6.8333,"share_forest_shrub":0.0,"share_industrial":1.0,"dominant_land_cover":50,"dominant_class":4,"dominant_label":"Persistent thermal source","is_outbreak_front":false,"is_persistent_cluster":true,"cluster_id":484390}},{"type":"Feature","id":484391,"geometry":{"type":"Polygon","coordinates":[[[69.86721,22.33696],[69.85361,22.3387],[69.86485,22.33763],[69.86721,22.33696]]]},"properties":{"cluster_date":"2024-12-26","cluster_fire_count":3,"total_cluster_frp":4.26,"max_frp":2.41,"cluster_convex_hull_area_km2":0.0275,"centroid_lat":22.3378,"centroid_lon":69.8619,"mean_persistence_7d":6.3333,"share_forest_shrub":0.0,"share_industrial":1.0,"dominant_land_cover":50,"dominant_class":3,"dominant_label":"Gas flare","is_outbreak_front":false,"is_persistent_cluster":true,"cluster_id":484391}},{"type":"Feature","id":484392,"geometry":{"type":"Polygon","coordinates":[[[82.67091,24.15981],[82.67063,24.18263],[82.67097,24.18175],[82.67188,24.16136],[82.67091,24.15981]]]},"properties":{"cluster_date":"2024-12-26","cluster_fire_count":4,"total_cluster_frp":3.31,"max_frp":1.48,"cluster_convex_hull_area_km2":0.1553,"centroid_lat":24.1714,"centroid_lon":82.6711,"mean_persistence_7d":3.5,"share_forest_shrub":0.0,"share_industrial":1.0,"dominant_land_cover":50,"dominant_class":4,"dominant_label":"Persistent thermal source","is_outbreak_front":false,"is_persistent_cluster":true,"cluster_id":484392}},{"type":"Feature","id":484393,"geometry":{"type":"Polygon","coordinates":[[[82.56526,24.13925],[82.56364,24.14356],[82.56525,24.14289],[82.56526,24.13925]]]},"properties":{"cluster_date":"2024-12-26","cluster_fire_count":3,"total_cluster_frp":1.94,"max_frp":0.97,"cluster_convex_hull_area_km2":0.0317,"centroid_lat":24.1419,"centroid_lon":82.5647,"mean_persistence_7d":0.0,"share_forest_shrub":0.0,"share_industrial":1.0,"dominant_land_cover":50,"dominant_class":4,"dominant_label":"Persistent thermal source","is_outbreak_front":false,"is_persistent_cluster":false,"cluster_id":484393}},{"type":"Feature","id":484394,"geometry":{"type":"Polygon","coordinates":[[[85.31403,21.96759],[85.30952,21.96938],[85.32588,21.99619],[85.32812,21.99116],[85.31403,21.96759]]]},"properties":{"cluster_date":"2024-12-26","cluster_fire_count":4,"total_cluster_frp":2.63,"max_frp":0.79,"cluster_convex_hull_area_km2":1.5075,"centroid_lat":21.9811,"centroid_lon":85.3194,"mean_persistence_7d":3.0,"share_forest_shrub":1.0,"share_industrial":0.0,"dominant_land_cover":30,"dominant_class":4,"dominant_label":"Persistent thermal source","is_outbreak_front":false,"is_persistent_cluster":false,"cluster_id":484394}},{"type":"Feature","id":484395,"geometry":{"type":"Polygon","coordinates":[[[82.52738,22.3123],[82.53124,22.31792],[82.56193,22.32737],[82.56215,22.32462],[82.56054,22.32227],[82.52738,22.3123]]]},"properties":{"cluster_date":"2024-12-26","cluster_fire_count":8,"total_cluster_frp":10.27,"max_frp":2.47,"cluster_convex_hull_area_km2":1.6259,"centroid_lat":22.3189,"centroid_lon":82.5426,"mean_persistence_7d":6.0,"share_forest_shrub":0.5,"share_industrial":0.875,"dominant_land_cover":10,"dominant_class":4,"dominant_label":"Persistent thermal source","is_outbreak_front":false,"is_persistent_cluster":true,"cluster_id":484395}},{"type":"Feature","id":484396,"geometry":{"type":"Polygon","coordinates":[[[83.12191,22.10453],[83.11721,22.10537],[83.11842,22.10598],[83.11929,22.10607],[83.12191,22.10453]]]},"properties":{"cluster_date":"2024-12-26","cluster_fire_count":4,"total_cluster_frp":5.12,"max_frp":1.97,"cluster_convex_hull_area_km2":0.03,"centroid_lat":22.1055,"centroid_lon":83.1192,"mean_persistence_7d":5.0,"share_forest_shrub":1.0,"share_industrial":0.0,"dominant_land_cover":10,"dominant_class":4,"dominant_label":"Persistent thermal source","is_outbreak_front":false,"is_persistent_cluster":false,"cluster_id":484396}},{"type":"Feature","id":484397,"geometry":{"type":"Polygon","coordinates":[[[83.38004,22.02305],[83.34848,22.03742],[83.34981,22.04283],[83.35364,22.04198],[83.37785,22.02507],[83.38004,22.02305]]]},"properties":{"cluster_date":"2024-12-26","cluster_fire_count":10,"total_cluster_frp":12.97,"max_frp":1.75,"cluster_convex_hull_area_km2":1.3852,"centroid_lat":22.0345,"centroid_lon":83.3601,"mean_persistence_7d":5.6,"share_forest_shrub":0.0,"share_industrial":1.0,"dominant_land_cover":50,"dominant_class":4,"dominant_label":"Persistent thermal source","is_outbreak_front":false,"is_persistent_cluster":true,"cluster_id":484397}},{"type":"Feature","id":484398,"geometry":{"type":"Polygon","coordinates":[[[83.96869,21.85797],[83.96568,21.85897],[83.96576,21.86124],[83.96869,21.85797]]]},"properties":{"cluster_date":"2024-12-26","cluster_fire_count":3,"total_cluster_frp":2.4,"max_frp":1.15,"cluster_convex_hull_area_km2":0.0381,"centroid_lat":21.8594,"centroid_lon":83.9667,"mean_persistence_7d":2.0,"share_forest_shrub":0.0,"share_industrial":1.0,"dominant_land_cover":50,"dominant_class":4,"dominant_label":"Persistent thermal source","is_outbreak_front":false,"is_persistent_cluster":false,"cluster_id":484398}},{"type":"Feature","id":484399,"geometry":{"type":"Polygon","coordinates":[[[83.35027,21.9194],[83.34128,21.92493],[83.33744,21.93031],[83.34499,21.92861],[83.35107,21.92315],[83.35126,21.92147],[83.35027,21.9194]]]},"properties":{"cluster_date":"2024-12-26","cluster_fire_count":7,"total_cluster_frp":21.32,"max_frp":3.97,"cluster_convex_hull_area_km2":0.6438,"centroid_lat":21.9243,"centroid_lon":83.3463,"mean_persistence_7d":5.0,"share_forest_shrub":0.0,"share_industrial":1.0,"dominant_land_cover":50,"dominant_class":4,"dominant_label":"Persistent thermal source","is_outbreak_front":false,"is_persistent_cluster":true,"cluster_id":484399}},{"type":"Feature","id":484400,"geometry":{"type":"Polygon","coordinates":[[[82.66785,22.00322],[82.6691,22.00842],[82.6725,22.00768],[82.66988,22.00451],[82.66785,22.00322]]]},"properties":{"cluster_date":"2024-12-26","cluster_fire_count":4,"total_cluster_frp":5.33,"max_frp":2.78,"cluster_convex_hull_area_km2":0.1192,"centroid_lat":22.006,"centroid_lon":82.6698,"mean_persistence_7d":6.0,"share_forest_shrub":1.0,"share_industrial":0.0,"dominant_land_cover":10,"dominant_class":4,"dominant_label":"Persistent thermal source","is_outbreak_front":false,"is_persistent_cluster":false,"cluster_id":484400}},{"type":"Feature","id":484401,"geometry":{"type":"Polygon","coordinates":[[[81.94639,21.54264],[81.94553,21.54359],[81.94534,21.54523],[81.94639,21.54264]]]},"properties":{"cluster_date":"2024-12-26","cluster_fire_count":3,"total_cluster_frp":2.97,"max_frp":1.01,"cluster_convex_hull_area_km2":0.0068,"centroid_lat":21.5438,"centroid_lon":81.9458,"mean_persistence_7d":2.0,"share_forest_shrub":1.0,"share_industrial":0.0,"dominant_land_cover":10,"dominant_class":0,"dominant_label":"Wildfire","is_outbreak_front":false,"is_persistent_cluster":false,"cluster_id":484401}},{"type":"Feature","id":484402,"geometry":{"type":"Polygon","coordinates":[[[71.45815,20.90973],[71.45837,20.91051],[71.4603,20.91049],[71.45815,20.90973]]]},"properties":{"cluster_date":"2024-12-26","cluster_fire_count":3,"total_cluster_frp":4.33,"max_frp":1.78,"cluster_convex_hull_area_km2":0.0084,"centroid_lat":20.9102,"centroid_lon":71.4589,"mean_persistence_7d":6.0,"share_forest_shrub":1.0,"share_industrial":0.0,"dominant_land_cover":30,"dominant_class":4,"dominant_label":"Persistent thermal source","is_outbreak_front":false,"is_persistent_cluster":false,"cluster_id":484402}},{"type":"Feature","id":484403,"geometry":{"type":"Polygon","coordinates":[[[73.05248,19.09856],[73.0411,19.10767],[73.04062,19.11012],[73.05296,19.10264],[73.0541,19.10113],[73.05248,19.09856]]]},"properties":{"cluster_date":"2024-12-26","cluster_fire_count":8,"total_cluster_frp":7.63,"max_frp":1.88,"cluster_convex_hull_area_km2":0.4671,"centroid_lat":19.104,"centroid_lon":73.0482,"mean_persistence_7d":4.375,"share_forest_shrub":1.0,"share_industrial":0.0,"dominant_land_cover":30,"dominant_class":4,"dominant_label":"Persistent thermal source","is_outbreak_front":false,"is_persistent_cluster":false,"cluster_id":484403}},{"type":"Feature","id":484404,"geometry":{"type":"Polygon","coordinates":[[[82.28259,16.73316],[82.28329,16.73718],[82.28333,16.737],[82.28259,16.73316]]]},"properties":{"cluster_date":"2024-12-26","cluster_fire_count":3,"total_cluster_frp":2.16,"max_frp":0.88,"cluster_convex_hull_area_km2":0.0017,"centroid_lat":16.7358,"centroid_lon":82.2831,"mean_persistence_7d":2.0,"share_forest_shrub":0.0,"share_industrial":0.0,"dominant_land_cover":40,"dominant_class":1,"dominant_label":"Agricultural burning","is_outbreak_front":false,"is_persistent_cluster":false,"cluster_id":484404}},{"type":"Feature","id":484405,"geometry":{"type":"Polygon","coordinates":[[[76.12385,16.14445],[76.12177,16.14704],[76.12461,16.1483],[76.12553,16.14648],[76.12385,16.14445]]]},"properties":{"cluster_date":"2024-12-26","cluster_fire_count":4,"total_cluster_frp":5.16,"max_frp":2.07,"cluster_convex_hull_area_km2":0.0864,"centroid_lat":16.1466,"centroid_lon":76.1239,"mean_persistence_7d":0.0,"share_forest_shrub":1.0,"share_industrial":0.0,"dominant_land_cover":30,"dominant_class":1,"dominant_label":"Agricultural burning","is_outbreak_front":false,"is_persistent_cluster":false,"cluster_id":484405}},{"type":"Feature","id":484406,"geometry":{"type":"Polygon","coordinates":[[[73.99635,15.52241],[73.99247,15.52672],[73.99373,15.52764],[73.99713,15.52346],[73.99635,15.52241]]]},"properties":{"cluster_date":"2024-12-26","cluster_fire_count":4,"total_cluster_frp":4.48,"max_frp":1.55,"cluster_convex_hull_area_km2":0.0923,"centroid_lat":15.5251,"centroid_lon":73.9949,"mean_persistence_7d":4.0,"share_forest_shrub":1.0,"share_industrial":0.0,"dominant_land_cover":10,"dominant_class":4,"dominant_label":"Persistent thermal source","is_outbreak_front":false,"is_persistent_cluster":false,"cluster_id":484406}},{"type":"Feature","id":484407,"geometry":{"type":"Polygon","coordinates":[[[95.0201,26.52578],[95.01713,26.5452],[95.01693,26.54769],[95.01998,26.55624],[95.02119,26.55941],[95.02328,26.55709],[95.0201,26.52578]]]},"properties":{"cluster_date":"2024-12-27","cluster_fire_count":8,"total_cluster_frp":58.79,"max_frp":10.63,"cluster_convex_hull_area_km2":1.1034,"centroid_lat":26.5497,"centroid_lon":95.0202,"mean_persistence_7d":0.875,"share_forest_shrub":1.0,"share_industrial":0.0,"dominant_land_cover":10,"dominant_class":0,"dominant_label":"Wildfire","is_outbreak_front":true,"is_persistent_cluster":false,"cluster_id":484407}},{"type":"Feature","id":484408,"geometry":{"type":"Polygon","coordinates":[[[94.84839,26.57737],[94.84493,26.57749],[94.8391,26.58265],[94.84321,26.59035],[94.85032,26.59547],[94.85287,26.59023],[94.85294,26.57831],[94.84839,26.57737]]]},"properties":{"cluster_date":"2024-12-27","cluster_fire_count":17,"total_cluster_frp":327.16,"max_frp":38.49,"cluster_convex_hull_area_km2":1.8065,"centroid_lat":26.5842,"centroid_lon":94.847,"mean_persistence_7d":0.0,"share_forest_shrub":1.0,"share_industrial":0.0,"dominant_land_cover":10,"dominant_class":0,"dominant_label":"Wildfire","is_outbreak_front":true,"is_persistent_cluster":false,"cluster_id":484408}},{"type":"Feature","id":484409,"geometry":{"type":"Polygon","coordinates":[[[94.69515,26.75141],[94.6977,26.75233],[94.69897,26.75262],[94.69515,26.75141]]]},"properties":{"cluster_date":"2024-12-27","cluster_fire_count":3,"total_cluster_frp":29.82,"max_frp":15.48,"cluster_convex_hull_area_km2":0.0023,"centroid_lat":26.7521,"centroid_lon":94.6973,"mean_persistence_7d":0.0,"share_forest_shrub":0.0,"share_industrial":0.0,"dominant_land_cover":40,"dominant_class":1,"dominant_label":"Agricultural burning","is_outbreak_front":false,"is_persistent_cluster":false,"cluster_id":484409}},{"type":"Feature","id":484410,"geometry":{"type":"Polygon","coordinates":[[[94.58836,27.30616],[94.58847,27.30926],[94.59373,27.30774],[94.58836,27.30616]]]},"properties":{"cluster_date":"2024-12-27","cluster_fire_count":3,"total_cluster_frp":13.46,"max_frp":7.13,"cluster_convex_hull_area_km2":0.0871,"centroid_lat":27.3077,"centroid_lon":94.5902,"mean_persistence_7d":0.0,"share_forest_shrub":1.0,"share_industrial":0.0,"dominant_land_cover":10,"dominant_class":0,"dominant_label":"Wildfire","is_outbreak_front":false,"is_persistent_cluster":false,"cluster_id":484410}},{"type":"Feature","id":484411,"geometry":{"type":"Polygon","coordinates":[[[95.36242,27.5386],[95.35879,27.53915],[95.35898,27.53971],[95.36242,27.5386]]]},"properties":{"cluster_date":"2024-12-27","cluster_fire_count":3,"total_cluster_frp":14.34,"max_frp":5.67,"cluster_convex_hull_area_km2":0.0113,"centroid_lat":27.5392,"centroid_lon":95.3601,"mean_persistence_7d":0.0,"share_forest_shrub":0.0,"share_industrial":1.0,"dominant_land_cover":50,"dominant_class":3,"dominant_label":"Gas flare","is_outbreak_front":false,"is_persistent_cluster":false,"cluster_id":484411}},{"type":"Feature","id":484412,"geometry":{"type":"Polygon","coordinates":[[[95.54652,28.11445],[95.54552,28.11849],[95.54575,28.12161],[95.55042,28.12109],[95.55062,28.11525],[95.54652,28.11445]]]},"properties":{"cluster_date":"2024-12-27","cluster_fire_count":8,"total_cluster_frp":89.63,"max_frp":17.29,"cluster_convex_hull_area_km2":0.322,"centroid_lat":28.1184,"centroid_lon":95.5479,"mean_persistence_7d":0.0,"share_forest_shrub":1.0,"share_industrial":0.0,"dominant_land_cover":10,"dominant_class":0,"dominant_label":"Wildfire","is_outbreak_front":true,"is_persistent_cluster":false,"cluster_id":484412}},{"type":"Feature","id":484413,"geometry":{"type":"Polygon","coordinates":[[[93.87733,27.71047],[93.87804,27.71196],[93.87993,27.71182],[93.87733,27.71047]]]},"properties":{"cluster_date":"2024-12-27","cluster_fire_count":3,"total_cluster_frp":24.2,"max_frp":8.85,"cluster_convex_hull_area_km2":0.0154,"centroid_lat":27.7114,"centroid_lon":93.8784,"mean_persistence_7d":0.0,"share_forest_shrub":1.0,"share_industrial":0.0,"dominant_land_cover":10,"dominant_class":0,"dominant_label":"Wildfire","is_outbreak_front":false,"is_persistent_cluster":false,"cluster_id":484413}},{"type":"Feature","id":484414,"geometry":{"type":"Polygon","coordinates":[[[94.12119,24.77116],[94.11978,24.7718],[94.14157,24.77182],[94.12119,24.77116]]]},"properties":{"cluster_date":"2024-12-27","cluster_fire_count":3,"total_cluster_frp":14.63,"max_frp":6.89,"cluster_convex_hull_area_km2":0.0753,"centroid_lat":24.7716,"centroid_lon":94.1275,"mean_persistence_7d":0.0,"share_forest_shrub":1.0,"share_industrial":0.0,"dominant_land_cover":10,"dominant_class":0,"dominant_label":"Wildfire","is_outbreak_front":false,"is_persistent_cluster":false,"cluster_id":484414}},{"type":"Feature","id":484415,"geometry":{"type":"Polygon","coordinates":[[[87.99221,23.41712],[87.97797,23.42022],[87.96626,23.43687],[87.99221,23.41712]]]},"properties":{"cluster_date":"2024-12-27","cluster_fire_count":5,"total_cluster_frp":20.24,"max_frp":5.06,"cluster_convex_hull_area_km2":1.0928,"centroid_lat":23.4255,"centroid_lon":87.9775,"mean_persistence_7d":3.0,"share_forest_shrub":1.0,"share_industrial":0.0,"dominant_land_cover":30,"dominant_class":1,"dominant_label":"Agricultural burning","is_outbreak_front":false,"is_persistent_cluster":false,"cluster_id":484415}},{"type":"Feature","id":484416,"geometry":{"type":"Polygon","coordinates":[[[87.62029,23.3564],[87.6121,23.36161],[87.5974,23.39428],[87.60899,23.38234],[87.62029,23.3564]]]},"properties":{"cluster_date":"2024-12-27","cluster_fire_count":5,"total_cluster_frp":19.31,"max_frp":5.72,"cluster_convex_hull_area_km2":1.9417,"centroid_lat":23.3714,"centroid_lon":87.6111,"mean_persistence_7d":0.8,"share_forest_shrub":1.0,"share_industrial":0.0,"dominant_land_cover":30,"dominant_class":1,"dominant_label":"Agricultural burning","is_outbreak_front":true,"is_persistent_cluster":false,"cluster_id":484416}},{"type":"Feature","id":484417,"geometry":{"type":"Polygon","coordinates":[[[87.98799,23.57558],[87.99199,23.60066],[87.99278,23.59984],[87.98799,23.57558]]]},"properties":{"cluster_date":"2024-12-27","cluster_fire_count":3,"total_cluster_frp":13.89,"max_frp":5.69,"cluster_convex_hull_area_km2":0.1255,"centroid_lat":23.592,"centroid_lon":87.9909,"mean_persistence_7d":1.3333,"share_forest_shrub":1.0,"share_industrial":0.0,"dominant_land_cover":30,"dominant_class":1,"dominant_label":"Agricultural burning","is_outbreak_front":false,"is_persistent_cluster":false,"cluster_id":484417}},{"type":"Feature","id":484418,"geometry":{"type":"Polygon","coordinates":[[[92.53587,25.2885],[92.52922,25.28869],[92.53548,25.2901],[92.53587,25.2885]]]},"properties":{"cluster_date":"2024-12-27","cluster_fire_count":3,"total_cluster_frp":14.65,"max_frp":5.92,"cluster_convex_hull_area_km2":0.0567,"centroid_lat":25.2891,"centroid_lon":92.5335,"mean_persistence_7d":0.3333,"share_forest_shrub":1.0,"share_industrial":0.0,"dominant_land_cover":10,"dominant_class":0,"dominant_label":"Wildfire","is_outbreak_front":false,"is_persistent_cluster":false,"cluster_id":484418}},{"type":"Feature","id":484419,"geometry":{"type":"Polygon","coordinates":[[[91.69981,25.27547],[91.69817,25.27711],[91.69872,25.28092],[91.70412,25.27766],[91.70535,25.27647],[91.69981,25.27547]]]},"properties":{"cluster_date":"2024-12-27","cluster_fire_count":6,"total_cluster_frp":51.69,"max_frp":12.51,"cluster_convex_hull_area_km2":0.2192,"centroid_lat":25.2773,"centroid_lon":91.7017,"mean_persistence_7d":1.8333,"share_forest_shrub":1.0,"share_industrial":0.0,"dominant_land_cover":10,"dominant_class":0,"dominant_label":"Wildfire","is_outbreak_front":false,"is_persistent_cluster":false,"cluster_id":484419}},{"type":"Feature","id":484420,"geometry":{"type":"Polygon","coordinates":[[[95.05972,26.52038],[95.05605,26.5242],[95.05952,26.52443],[95.05972,26.52038]]]},"properties":{"cluster_date":"2024-12-27","cluster_fire_count":3,"total_cluster_frp":68.73,"max_frp":30.89,"cluster_convex_hull_area_km2":0.075,"centroid_lat":26.523,"centroid_lon":95.0584,"mean_persistence_7d":0.0,"share_forest_shrub":1.0,"share_industrial":0.0,"dominant_land_cover":10,"dominant_class":0,"dominant_label":"Wildfire","is_outbreak_front":false,"is_persistent_cluster":false,"cluster_id":484420}},{"type":"Feature","id":484421,"geometry":{"type":"Polygon","coordinates":[[[93.64621,27.2337],[93.62098,27.2477],[93.62977,27.24952],[93.65083,27.23964],[93.65237,27.23873],[93.64621,27.2337]]]},"properties":{"cluster_date":"2024-12-27","cluster_fire_count":10,"total_cluster_frp":25.68,"max_frp":6.79,"cluster_convex_hull_area_km2":1.8686,"centroid_lat":27.2423,"centroid_lon":93.6368,"mean_persistence_7d":0.0,"share_forest_shrub":1.0,"share_industrial":0.0,"dominant_land_cover":10,"dominant_class":0,"dominant_label":"Wildfire","is_outbreak_front":true,"is_persistent_cluster":false,"cluster_id":484421}},{"type":"Feature","id":484422,"geometry":{"type":"Polygon","coordinates":[[[96.30534,27.87027],[96.30046,27.87484],[96.31342,27.87712],[96.32402,27.87744],[96.32304,27.8765],[96.31165,27.87177],[96.30534,27.87027]]]},"properties":{"cluster_date":"2024-12-27","cluster_fire_count":11,"total_cluster_frp":19.07,"max_frp":6.24,"cluster_convex_hull_area_km2":0.8626,"centroid_lat":27.8743,"centroid_lon":96.3097,"mean_persistence_7d":0.4545,"share_forest_shrub":1.0,"share_industrial":0.0,"dominant_land_cover":10,"dominant_class":0,"dominant_label":"Wildfire","is_outbreak_front":true,"is_persistent_cluster":false,"cluster_id":484422}},{"type":"Feature","id":484423,"geometry":{"type":"Polygon","coordinates":[[[95.98979,28.88678],[95.98643,28.888],[95.97702,28.89964],[95.99306,28.88725],[95.98979,28.88678]]]},"properties":{"cluster_date":"2024-12-27","cluster_fire_count":5,"total_cluster_frp":30.55,"max_frp":12.21,"cluster_convex_hull_area_km2":0.3963,"centroid_lat":28.8898,"centroid_lon":95.9871,"mean_persistence_7d":0.2,"share_forest_shrub":1.0,"share_industrial":0.0,"dominant_land_cover":10,"dominant_class":0,"dominant_label":"Wildfire","is_outbreak_front":true,"is_persistent_cluster":false,"cluster_id":484423}},{"type":"Feature","id":484424,"geometry":{"type":"Polygon","coordinates":[[[80.73009,16.1648],[80.72533,16.17099],[80.73454,16.16709],[80.73381,16.16534],[80.73009,16.1648]]]},"properties":{"cluster_date":"2024-12-27","cluster_fire_count":5,"total_cluster_frp":18.49,"max_frp":4.94,"cluster_convex_hull_area_km2":0.2582,"centroid_lat":16.1669,"centroid_lon":80.7307,"mean_persistence_7d":1.0,"share_forest_shrub":0.0,"share_industrial":0.0,"dominant_land_cover":40,"dominant_class":1,"dominant_label":"Agricultural burning","is_outbreak_front":false,"is_persistent_cluster":false,"cluster_id":484424}},{"type":"Feature","id":484425,"geometry":{"type":"Polygon","coordinates":[[[80.52886,16.33606],[80.54432,16.33877],[80.54732,16.33803],[80.54362,16.33749],[80.52886,16.33606]]]},"properties":{"cluster_date":"2024-12-27","cluster_fire_count":4,"total_cluster_frp":11.57,"max_frp":3.51,"cluster_convex_hull_area_km2":0.1287,"centroid_lat":16.3376,"centroid_lon":80.541,"mean_persistence_7d":0.0,"share_forest_shrub":0.0,"share_industrial":0.0,"dominant_land_cover":40,"dominant_class":1,"dominant_label":"Agricultural burning","is_outbreak_front":false,"is_persistent_cluster":false,"cluster_id":484425}},{"type":"Feature","id":484426,"geometry":{"type":"Polygon","coordinates":[[[80.60933,16.35392],[80.59511,16.39499],[80.61578,16.38422],[80.62479,16.3609],[80.62368,16.35944],[80.60933,16.35392]]]},"properties":{"cluster_date":"2024-12-27","cluster_fire_count":6,"total_cluster_frp":37.0,"max_frp":12.11,"cluster_convex_hull_area_km2":6.5573,"centroid_lat":16.3689,"centroid_lon":80.6147,"mean_persistence_7d":0.1667,"share_forest_shrub":0.0,"share_industrial":0.0,"dominant_land_cover":40,"dominant_class":1,"dominant_label":"Agricultural burning","is_outbreak_front":false,"is_persistent_cluster":false,"cluster_id":484426}},{"type":"Feature","id":484427,"geometry":{"type":"Polygon","coordinates":[[[80.56488,16.37059],[80.56415,16.37449],[80.56487,16.37147],[80.56488,16.37059]]]},"properties":{"cluster_date":"2024-12-27","cluster_fire_count":3,"total_cluster_frp":12.66,"max_frp":4.69,"cluster_convex_hull_area_km2":0.0035,"centroid_lat":16.3722,"centroid_lon":80.5646,"mean_persistence_7d":0.3333,"share_forest_shrub":0.0,"share_industrial":0.0,"dominant_land_cover":40,"dominant_class":1,"dominant_label":"Agricultural burning","is_outbreak_front":false,"is_persistent_cluster":false,"cluster_id":484427}},{"type":"Feature","id":484428,"geometry":{"type":"Polygon","coordinates":[[[74.1162,15.22727],[74.11327,15.23156],[74.11626,15.22818],[74.1162,15.22727]]]},"properties":{"cluster_date":"2024-12-27","cluster_fire_count":3,"total_cluster_frp":17.91,"max_frp":7.81,"cluster_convex_hull_area_km2":0.0171,"centroid_lat":15.229,"centroid_lon":74.1152,"mean_persistence_7d":0.0,"share_forest_shrub":1.0,"share_industrial":0.0,"dominant_land_cover":10,"dominant_class":0,"dominant_label":"Wildfire","is_outbreak_front":false,"is_persistent_cluster":false,"cluster_id":484428}},{"type":"Feature","id":484429,"geometry":{"type":"Polygon","coordinates":[[[81.61759,17.20127],[81.61723,17.2028],[81.61693,17.2049],[81.61759,17.20127]]]},"properties":{"cluster_date":"2024-12-27","cluster_fire_count":3,"total_cluster_frp":14.62,"max_frp":8.11,"cluster_convex_hull_area_km2":0.0017,"centroid_lat":17.203,"centroid_lon":81.6172,"mean_persistence_7d":2.0,"share_forest_shrub":1.0,"share_industrial":0.0,"dominant_land_cover":30,"dominant_class":1,"dominant_label":"Agricultural burning","is_outbreak_front":false,"is_persistent_cluster":false,"cluster_id":484429}},{"type":"Feature","id":484430,"geometry":{"type":"Polygon","coordinates":[[[80.85695,17.08628],[80.85729,17.08751],[80.86078,17.08683],[80.86022,17.08669],[80.85695,17.08628]]]},"properties":{"cluster_date":"2024-12-27","cluster_fire_count":4,"total_cluster_frp":22.36,"max_frp":8.11,"cluster_convex_hull_area_km2":0.0273,"centroid_lat":17.0868,"centroid_lon":80.8588,"mean_persistence_7d":0.0,"share_forest_shrub":0.0,"share_industrial":0.0,"dominant_land_cover":40,"dominant_class":1,"dominant_label":"Agricultural burning","is_outbreak_front":false,"is_persistent_cluster":false,"cluster_id":484430}},{"type":"Feature","id":484431,"geometry":{"type":"Polygon","coordinates":[[[80.62017,17.08718],[80.62028,17.11136],[80.62141,17.08776],[80.62017,17.08718]]]},"properties":{"cluster_date":"2024-12-27","cluster_fire_count":3,"total_cluster_frp":14.39,"max_frp":8.81,"cluster_convex_hull_area_km2":0.1718,"centroid_lat":17.0954,"centroid_lon":80.6206,"mean_persistence_7d":0.0,"share_forest_shrub":0.0,"share_industrial":0.0,"dominant_land_cover":40,"dominant_class":1,"dominant_label":"Agricultural burning","is_outbreak_front":false,"is_persistent_cluster":false,"cluster_id":484431}},{"type":"Feature","id":484432,"geometry":{"type":"Polygon","coordinates":[[[80.67329,17.39148],[80.6695,17.3954],[80.66621,17.40205],[80.67329,17.39148]]]},"properties":{"cluster_date":"2024-12-27","cluster_fire_count":3,"total_cluster_frp":20.1,"max_frp":8.31,"cluster_convex_hull_area_km2":0.0705,"centroid_lat":17.3963,"centroid_lon":80.6697,"mean_persistence_7d":0.0,"share_forest_shrub":1.0,"share_industrial":0.0,"dominant_land_cover":30,"dominant_class":1,"dominant_label":"Agricultural burning","is_outbreak_front":false,"is_persistent_cluster":false,"cluster_id":484432}},{"type":"Feature","id":484433,"geometry":{"type":"Polygon","coordinates":[[[80.127,17.69616],[80.11349,17.70594],[80.11428,17.70608],[80.127,17.69616]]]},"properties":{"cluster_date":"2024-12-27","cluster_fire_count":3,"total_cluster_frp":26.45,"max_frp":17.67,"cluster_convex_hull_area_km2":0.0549,"centroid_lat":17.7027,"centroid_lon":80.1183,"mean_persistence_7d":0.0,"share_forest_shrub":1.0,"share_industrial":0.0,"dominant_land_cover":30,"dominant_class":1,"dominant_label":"Agricultural burning","is_outbreak_front":false,"is_persistent_cluster":false,"cluster_id":484433}},{"type":"Feature","id":484434,"geometry":{"type":"Polygon","coordinates":[[[80.78329,17.95682],[80.7817,17.96048],[80.78646,17.95963],[80.78706,17.95791],[80.78717,17.95737],[80.78329,17.95682]]]},"properties":{"cluster_date":"2024-12-27","cluster_fire_count":7,"total_cluster_frp":17.38,"max_frp":4.66,"cluster_convex_hull_area_km2":0.1445,"centroid_lat":17.9585,"centroid_lon":80.785,"mean_persistence_7d":6.0,"share_forest_shrub":1.0,"share_industrial":0.0,"dominant_land_cover":30,"dominant_class":4,"dominant_label":"Persistent thermal source","is_outbreak_front":false,"is_persistent_cluster":false,"cluster_id":484434}},{"type":"Feature","id":484435,"geometry":{"type":"Polygon","coordinates":[[[73.26914,18.15301],[73.26852,18.15414],[73.26834,18.15704],[73.26914,18.15301]]]},"properties":{"cluster_date":"2024-12-27","cluster_fire_count":3,"total_cluster_frp":16.12,"max_frp":5.77,"cluster_convex_hull_area_km2":0.0091,"centroid_lat":18.1547,"centroid_lon":73.2687,"mean_persistence_7d":0.0,"share_forest_shrub":1.0,"share_industrial":0.0,"dominant_land_cover":10,"dominant_class":0,"dominant_label":"Wildfire","is_outbreak_front":false,"is_persistent_cluster":false,"cluster_id":484435}},{"type":"Feature","id":484436,"geometry":{"type":"Polygon","coordinates":[[[73.18561,18.32211],[73.18327,18.32686],[73.18781,18.32787],[73.18561,18.32211]]]},"properties":{"cluster_date":"2024-12-27","cluster_fire_count":3,"total_cluster_frp":17.99,"max_frp":9.9,"cluster_convex_hull_area_km2":0.1359,"centroid_lat":18.3256,"centroid_lon":73.1856,"mean_persistence_7d":0.0,"share_forest_shrub":1.0,"share_industrial":0.0,"dominant_land_cover":30,"dominant_class":1,"dominant_label":"Agricultural burning","is_outbreak_front":false,"is_persistent_cluster":false,"cluster_id":484436}},{"type":"Feature","id":484437,"geometry":{"type":"Polygon","coordinates":[[[85.26659,20.78582],[85.26273,20.78647],[85.26071,20.78689],[85.25128,20.79446],[85.25465,20.8084],[85.25498,20.80869],[85.25885,20.80805],[85.26722,20.7892],[85.26659,20.78582]]]},"properties":{"cluster_date":"2024-12-27","cluster_fire_count":19,"total_cluster_frp":60.63,"max_frp":10.52,"cluster_convex_hull_area_km2":2.2757,"centroid_lat":20.7957,"centroid_lon":85.2588,"mean_persistence_7d":3.6316,"share_forest_shrub":0.0,"share_industrial":1.0,"dominant_land_cover":50,"dominant_class":4,"dominant_label":"Persistent thermal source","is_outbreak_front":false,"is_persistent_cluster":true,"cluster_id":484437}},{"type":"Feature","id":484438,"geometry":{"type":"Polygon","coordinates":[[[86.04742,20.95032],[86.04607,20.9522],[86.04741,20.95212],[86.04742,20.95032]]]},"properties":{"cluster_date":"2024-12-27","cluster_fire_count":3,"total_cluster_frp":8.35,"max_frp":3.98,"cluster_convex_hull_area_km2":0.0134,"centroid_lat":20.9515,"centroid_lon":86.047,"mean_persistence_7d":4.0,"share_forest_shrub":1.0,"share_industrial":0.0,"dominant_land_cover":10,"dominant_class":4,"dominant_label":"Persistent thermal source","is_outbreak_front":false,"is_persistent_cluster":false,"cluster_id":484438}},{"type":"Feature","id":484439,"geometry":{"type":"Polygon","coordinates":[[[86.01221,20.96356],[86.0014,20.97258],[86.01014,20.99607],[86.01428,20.99976],[86.02775,21.0002],[86.02171,20.96907],[86.01221,20.96356]]]},"properties":{"cluster_date":"2024-12-27","cluster_fire_count":11,"total_cluster_frp":32.17,"max_frp":10.91,"cluster_convex_hull_area_km2":6.7934,"centroid_lat":20.9787,"centroid_lon":86.0139,"mean_persistence_7d":3.0909,"share_forest_shrub":1.0,"share_industrial":0.0,"dominant_land_cover":10,"dominant_class":4,"dominant_label":"Persistent thermal source","is_outbreak_front":false,"is_persistent_cluster":false,"cluster_id":484439}},{"type":"Feature","id":484440,"geometry":{"type":"Polygon","coordinates":[[[84.99677,20.86545],[84.98911,20.86671],[84.9809,20.88537],[84.9801,20.88822],[84.98149,20.88978],[84.98356,20.88814],[84.99677,20.86545]]]},"properties":{"cluster_date":"2024-12-27","cluster_fire_count":10,"total_cluster_frp":15.29,"max_frp":2.69,"cluster_convex_hull_area_km2":1.36,"centroid_lat":20.8771,"centroid_lon":84.9872,"mean_persistence_7d":2.0,"share_forest_shrub":0.0,"share_industrial":1.0,"dominant_land_cover":50,"dominant_class":4,"dominant_label":"Persistent thermal source","is_outbreak_front":false,"is_persistent_cluster":false,"cluster_id":484440}},{"type":"Feature","id":484441,"geometry":{"type":"Polygon","coordinates":[[[85.14371,20.95642],[85.13102,20.97705],[85.12846,20.98442],[85.13955,20.98311],[85.17379,20.97334],[85.1745,20.97293],[85.18397,20.96018],[85.14371,20.95642]]]},"properties":{"cluster_date":"2024-12-27","cluster_fire_count":38,"total_cluster_frp":69.71,"max_frp":5.1,"cluster_convex_hull_area_km2":9.8665,"centroid_lat":20.9707,"centroid_lon":85.1565,"mean_persistence_7d":2.4474,"share_forest_shrub":0.0,"share_industrial":1.0,"dominant_land_cover":50,"dominant_class":4,"dominant_label":"Persistent thermal source","is_outbreak_front":false,"is_persistent_cluster":false,"cluster_id":484441}},{"type":"Feature","id":484442,"geometry":{"type":"Polygon","coordinates":[[[85.0425,21.07154],[85.03298,21.07707],[85.03236,21.08014],[85.03403,21.08163],[85.03912,21.08061],[85.04416,21.07958],[85.0425,21.07154]]]},"properties":{"cluster_date":"2024-12-27","cluster_fire_count":15,"total_cluster_frp":31.13,"max_frp":7.18,"cluster_convex_hull_area_km2":0.7775,"centroid_lat":21.0776,"centroid_lon":85.0389,"mean_persistence_7d":3.0,"share_forest_shrub":1.0,"share_industrial":0.0,"dominant_land_cover":10,"dominant_class":4,"dominant_label":"Persistent thermal source","is_outbreak_front":false,"is_persistent_cluster":false,"cluster_id":484442}},{"type":"Feature","id":484443,"geometry":{"type":"Polygon","coordinates":[[[73.01624,18.908],[73.01542,18.91205],[73.01842,18.91323],[73.0192,18.91274],[73.01823,18.90902],[73.01624,18.908]]]},"properties":{"cluster_date":"2024-12-27","cluster_fire_count":5,"total_cluster_frp":25.29,"max_frp":8.02,"cluster_convex_hull_area_km2":0.1394,"centroid_lat":18.911,"centroid_lon":73.0175,"mean_persistence_7d":0.0,"share_forest_shrub":1.0,"share_industrial":0.0,"dominant_land_cover":30,"dominant_class":1,"dominant_label":"Agricultural burning","is_outbreak_front":true,"is_persistent_cluster":false,"cluster_id":484443}},{"type":"Feature","id":484444,"geometry":{"type":"Polygon","coordinates":[[[82.52792,20.81649],[82.51833,20.82538],[82.53794,20.84289],[82.53378,20.82787],[82.52792,20.81649]]]},"properties":{"cluster_date":"2024-12-27","cluster_fire_count":4,"total_cluster_frp":11.7,"max_frp":3.9,"cluster_convex_hull_area_km2":2.1279,"centroid_lat":20.8282,"centroid_lon":82.5295,"mean_persistence_7d":0.0,"share_forest_shrub":1.0,"share_industrial":0.0,"dominant_land_cover":10,"dominant_class":0,"dominant_label":"Wildfire","is_outbreak_front":false,"is_persistent_cluster":false,"cluster_id":484444}},{"type":"Feature","id":484445,"geometry":{"type":"Polygon","coordinates":[[[83.78656,21.04856],[83.7664,21.05564],[83.8081,21.05529],[83.80868,21.05198],[83.78656,21.04856]]]},"properties":{"cluster_date":"2024-12-27","cluster_fire_count":4,"total_cluster_frp":11.38,"max_frp":4.86,"cluster_convex_hull_area_km2":2.0157,"centroid_lat":21.0529,"centroid_lon":83.7924,"mean_persistence_7d":0.0,"share_forest_shrub":1.0,"share_industrial":0.0,"dominant_land_cover":30,"dominant_class":1,"dominant_label":"Agricultural burning","is_outbreak_front":false,"is_persistent_cluster":false,"cluster_id":484445}},{"type":"Feature","id":484446,"geometry":{"type":"Polygon","coordinates":[[[74.88954,19.51166],[74.88396,19.51921],[74.88461,19.52068],[74.897,19.52041],[74.8977,19.51681],[74.88954,19.51166]]]},"properties":{"cluster_date":"2024-12-27","cluster_fire_count":6,"total_cluster_frp":121.75,"max_frp":45.65,"cluster_convex_hull_area_km2":0.8795,"centroid_lat":19.5181,"centroid_lon":74.89,"mean_persistence_7d":1.1667,"share_forest_shrub":1.0,"share_industrial":0.0,"dominant_land_cover":30,"dominant_class":1,"dominant_label":"Agricultural burning","is_outbreak_front":false,"is_persistent_cluster":false,"cluster_id":484446}},{"type":"Feature","id":484447,"geometry":{"type":"Polygon","coordinates":[[[87.04919,21.62166],[87.0467,21.62341],[87.04554,21.62436],[87.04362,21.64201],[87.04342,21.64478],[87.04919,21.62166]]]},"properties":{"cluster_date":"2024-12-27","cluster_fire_count":6,"total_cluster_frp":16.22,"max_frp":3.77,"cluster_convex_hull_area_km2":0.3916,"centroid_lat":21.6329,"centroid_lon":87.0454,"mean_persistence_7d":0.0,"share_forest_shrub":1.0,"share_industrial":0.0,"dominant_land_cover":30,"dominant_class":1,"dominant_label":"Agricultural burning","is_outbreak_front":true,"is_persistent_cluster":false,"cluster_id":484447}},{"type":"Feature","id":484448,"geometry":{"type":"Polygon","coordinates":[[[87.09538,21.70998],[87.09483,21.71355],[87.09836,21.71169],[87.09538,21.70998]]]},"properties":{"cluster_date":"2024-12-27","cluster_fire_count":3,"total_cluster_frp":12.79,"max_frp":5.9,"cluster_convex_hull_area_km2":0.0639,"centroid_lat":21.7117,"centroid_lon":87.0962,"mean_persistence_7d":0.0,"share_forest_shrub":1.0,"share_industrial":0.0,"dominant_land_cover":30,"dominant_class":1,"dominant_label":"Agricultural burning","is_outbreak_front":false,"is_persistent_cluster":false,"cluster_id":484448}},{"type":"Feature","id":484449,"geometry":{"type":"Polygon","coordinates":[[[75.0844,19.67092],[75.08179,19.67544],[75.08325,19.67611],[75.0844,19.67092]]]},"properties":{"cluster_date":"2024-12-27","cluster_fire_count":3,"total_cluster_frp":13.9,"max_frp":6.68,"cluster_convex_hull_area_km2":0.0468,"centroid_lat":19.6742,"centroid_lon":75.0831,"mean_persistence_7d":0.0,"share_forest_shrub":1.0,"share_industrial":0.0,"dominant_land_cover":30,"dominant_class":1,"dominant_label":"Agricultural burning","is_outbreak_front":false,"is_persistent_cluster":false,"cluster_id":484449}},{"type":"Feature","id":484450,"geometry":{"type":"Polygon","coordinates":[[[87.16023,21.72238],[87.15096,21.72479],[87.12749,21.73257],[87.16023,21.72238]]]},"properties":{"cluster_date":"2024-12-27","cluster_fire_count":3,"total_cluster_frp":8.57,"max_frp":3.28,"cluster_convex_hull_area_km2":0.086,"centroid_lat":21.7266,"centroid_lon":87.1462,"mean_persistence_7d":0.0,"share_forest_shrub":1.0,"share_industrial":0.0,"dominant_land_cover":30,"dominant_class":1,"dominant_label":"Agricultural burning","is_outbreak_front":false,"is_persistent_cluster":false,"cluster_id":484450}},{"type":"Feature","id":484451,"geometry":{"type":"Polygon","coordinates":[[[87.26755,21.7552],[87.26833,21.75614],[87.27222,21.76032],[87.27586,21.76],[87.26755,21.7552]]]},"properties":{"cluster_date":"2024-12-27","cluster_fire_count":4,"total_cluster_frp":19.09,"max_frp":5.62,"cluster_convex_hull_area_km2":0.1132,"centroid_lat":21.7579,"centroid_lon":87.271,"mean_persistence_7d":0.0,"share_forest_shrub":1.0,"share_industrial":0.0,"dominant_land_cover":30,"dominant_class":1,"dominant_label":"Agricultural burning","is_outbreak_front":false,"is_persistent_cluster":false,"cluster_id":484451}},{"type":"Feature","id":484452,"geometry":{"type":"Polygon","coordinates":[[[83.89443,21.31577],[83.88048,21.33061],[83.88342,21.3289],[83.89443,21.31577]]]},"properties":{"cluster_date":"2024-12-27","cluster_fire_count":3,"total_cluster_frp":13.97,"max_frp":8.6,"cluster_convex_hull_area_km2":0.1094,"centroid_lat":21.3251,"centroid_lon":83.8861,"mean_persistence_7d":0.3333,"share_forest_shrub":1.0,"share_industrial":0.0,"dominant_land_cover":30,"dominant_class":1,"dominant_label":"Agricultural burning","is_outbreak_front":false,"is_persistent_cluster":false,"cluster_id":484452}},{"type":"Feature","id":484453,"geometry":{"type":"Polygon","coordinates":[[[82.47992,21.09916],[82.47945,21.12343],[82.48392,21.12068],[82.48454,21.1173],[82.47992,21.09916]]]},"properties":{"cluster_date":"2024-12-27","cluster_fire_count":4,"total_cluster_frp":15.4,"max_frp":4.19,"cluster_convex_hull_area_km2":0.7431,"centroid_lat":21.1151,"centroid_lon":82.482,"mean_persistence_7d":0.75,"share_forest_shrub":1.0,"share_industrial":0.0,"dominant_land_cover":10,"dominant_class":0,"dominant_label":"Wildfire","is_outbreak_front":false,"is_persistent_cluster":false,"cluster_id":484453}},{"type":"Feature","id":484454,"geometry":{"type":"Polygon","coordinates":[[[87.57339,21.83647],[87.5947,21.85045],[87.62125,21.86139],[87.57339,21.83647]]]},"properties":{"cluster_date":"2024-12-27","cluster_fire_count":3,"total_cluster_frp":10.04,"max_frp":3.77,"cluster_convex_hull_area_km2":0.7598,"centroid_lat":21.8494,"centroid_lon":87.5964,"mean_persistence_7d":0.0,"share_forest_shrub":1.0,"share_industrial":0.0,"dominant_land_cover":30,"dominant_class":1,"dominant_label":"Agricultural burning","is_outbreak_front":false,"is_persistent_cluster":false,"cluster_id":484454}},{"type":"Feature","id":484455,"geometry":{"type":"Polygon","coordinates":[[[83.65274,21.28871],[83.63367,21.28915],[83.66948,21.3015],[83.65274,21.28871]]]},"properties":{"cluster_date":"2024-12-27","cluster_fire_count":4,"total_cluster_frp":13.28,"max_frp":5.6,"cluster_convex_hull_area_km2":1.3911,"centroid_lat":21.2941,"centroid_lon":83.6546,"mean_persistence_7d":0.0,"share_forest_shrub":1.0,"share_industrial":0.0,"dominant_land_cover":30,"dominant_class":1,"dominant_label":"Agricultural burning","is_outbreak_front":false,"is_persistent_cluster":false,"cluster_id":484455}},{"type":"Feature","id":484456,"geometry":{"type":"Polygon","coordinates":[[[81.87492,20.98769],[81.85435,21.00655],[81.86702,21.01254],[81.87576,20.99046],[81.87492,20.98769]]]},"properties":{"cluster_date":"2024-12-27","cluster_fire_count":5,"total_cluster_frp":21.54,"max_frp":7.13,"cluster_convex_hull_area_km2":2.2467,"centroid_lat":21.0006,"centroid_lon":81.8681,"mean_persistence_7d":0.6,"share_forest_shrub":1.0,"share_industrial":0.0,"dominant_land_cover":10,"dominant_class":0,"dominant_label":"Wildfire","is_outbreak_front":true,"is_persistent_cluster":false,"cluster_id":484456}},{"type":"Feature","id":484457,"geometry":{"type":"Polygon","coordinates":[[[82.29772,21.11141],[82.28853,21.11142],[82.28539,21.1129],[82.30035,21.11883],[82.29772,21.11141]]]},"properties":{"cluster_date":"2024-12-27","cluster_fire_count":4,"total_cluster_frp":19.75,"max_frp":9.88,"cluster_convex_hull_area_km2":0.6041,"centroid_lat":21.1136,"centroid_lon":82.293,"mean_persistence_7d":0.0,"share_forest_shrub":1.0,"share_industrial":0.0,"dominant_land_cover":10,"dominant_class":0,"dominant_label":"Wildfire","is_outbreak_front":false,"is_persistent_cluster":false,"cluster_id":484457}},{"type":"Feature","id":484458,"geometry":{"type":"Polygon","coordinates":[[[87.4558,21.87684],[87.4395,21.89322],[87.44083,21.89359],[87.4558,21.87684]]]},"properties":{"cluster_date":"2024-12-27","cluster_fire_count":3,"total_cluster_frp":7.06,"max_frp":2.63,"cluster_convex_hull_area_km2":0.1532,"centroid_lat":21.8879,"centroid_lon":87.4454,"mean_persistence_7d":0.0,"share_forest_shrub":1.0,"share_industrial":0.0,"dominant_land_cover":30,"dominant_class":1,"dominant_label":"Agricultural burning","is_outbreak_front":false,"is_persistent_cluster":false,"cluster_id":484458}},{"type":"Feature","id":484459,"geometry":{"type":"Polygon","coordinates":[[[82.06615,21.07528],[82.06492,21.07698],[82.08428,21.08523],[82.06615,21.07528]]]},"properties":{"cluster_date":"2024-12-27","cluster_fire_count":3,"total_cluster_frp":23.02,"max_frp":12.85,"cluster_convex_hull_area_km2":0.2388,"centroid_lat":21.0792,"centroid_lon":82.0718,"mean_persistence_7d":1.0,"share_forest_shrub":1.0,"share_industrial":0.0,"dominant_land_cover":10,"dominant_class":0,"dominant_label":"Wildfire","is_outbreak_front":false,"is_persistent_cluster":false,"cluster_id":484459}},{"type":"Feature","id":484460,"geometry":{"type":"Polygon","coordinates":[[[82.36665,21.12956],[82.29514,21.18532],[82.29571,21.18834],[82.32176,21.19958],[82.35522,21.18897],[82.37071,21.17225],[82.37518,21.149],[82.36665,21.12956]]]},"properties":{"cluster_date":"2024-12-27","cluster_fire_count":12,"total_cluster_frp":68.04,"max_frp":19.8,"cluster_convex_hull_area_km2":30.2333,"centroid_lat":21.1731,"centroid_lon":82.3419,"mean_persistence_7d":0.5,"share_forest_shrub":1.0,"share_industrial":0.0,"dominant_land_cover":10,"dominant_class":0,"dominant_label":"Wildfire","is_outbreak_front":true,"is_persistent_cluster":false,"cluster_id":484460}},{"type":"Feature","id":484461,"geometry":{"type":"Polygon","coordinates":[[[82.4385,21.17331],[82.48055,21.22536],[82.50242,21.23585],[82.50626,21.23647],[82.49835,21.19351],[82.49199,21.18408],[82.48935,21.18226],[82.46457,21.17533],[82.4385,21.17331]]]},"properties":{"cluster_date":"2024-12-27","cluster_fire_count":11,"total_cluster_frp":61.39,"max_frp":13.95,"cluster_convex_hull_area_km2":21.8524,"centroid_lat":21.2023,"centroid_lon":82.4851,"mean_persistence_7d":0.0909,"share_forest_shrub":1.0,"share_industrial":0.0,"dominant_land_cover":10,"dominant_class":0,"dominant_label":"Wildfire","is_outbreak_front":true,"is_persistent_cluster":false,"cluster_id":484461}},{"type":"Feature","id":484462,"geometry":{"type":"Polygon","coordinates":[[[81.2484,20.97744],[81.24662,20.97893],[81.24773,20.98096],[81.2484,20.97744]]]},"properties":{"cluster_date":"2024-12-27","cluster_fire_count":3,"total_cluster_frp":8.12,"max_frp":3.14,"cluster_convex_hull_area_km2":0.0292,"centroid_lat":20.9791,"centroid_lon":81.2476,"mean_persistence_7d":0.0,"share_forest_shrub":1.0,"share_industrial":0.0,"dominant_land_cover":10,"dominant_class":0,"dominant_label":"Wildfire","is_outbreak_front":false,"is_persistent_cluster":false,"cluster_id":484462}},{"type":"Feature","id":484463,"geometry":{"type":"Polygon","coordinates":[[[82.91904,21.26236],[82.92069,21.26508],[82.92442,21.26301],[82.91904,21.26236]]]},"properties":{"cluster_date":"2024-12-27","cluster_fire_count":3,"total_cluster_frp":58.99,"max_frp":31.78,"cluster_convex_hull_area_km2":0.0751,"centroid_lat":21.2635,"centroid_lon":82.9214,"mean_persistence_7d":0.3333,"share_forest_shrub":1.0,"share_industrial":0.0,"dominant_land_cover":10,"dominant_class":0,"dominant_label":"Wildfire","is_outbreak_front":false,"is_persistent_cluster":false,"cluster_id":484463}},{"type":"Feature","id":484464,"geometry":{"type":"Polygon","coordinates":[[[82.87098,21.26056],[82.87415,21.26451],[82.87563,21.26107],[82.87098,21.26056]]]},"properties":{"cluster_date":"2024-12-27","cluster_fire_count":4,"total_cluster_frp":17.62,"max_frp":5.74,"cluster_convex_hull_area_km2":0.0927,"centroid_lat":21.2618,"centroid_lon":82.8739,"mean_persistence_7d":1.75,"share_forest_shrub":1.0,"share_industrial":0.0,"dominant_land_cover":10,"dominant_class":0,"dominant_label":"Wildfire","is_outbreak_front":false,"is_persistent_cluster":false,"cluster_id":484464}},{"type":"Feature","id":484465,"geometry":{"type":"Polygon","coordinates":[[[82.80282,21.24964],[82.76377,21.27096],[82.78594,21.27796],[82.78974,21.27856],[82.79855,21.27308],[82.81297,21.25816],[82.81358,21.25481],[82.80282,21.24964]]]},"properties":{"cluster_date":"2024-12-27","cluster_fire_count":9,"total_cluster_frp":29.79,"max_frp":4.21,"cluster_convex_hull_area_km2":7.5312,"centroid_lat":21.2682,"centroid_lon":82.7943,"mean_persistence_7d":1.0,"share_forest_shrub":1.0,"share_industrial":0.0,"dominant_land_cover":10,"dominant_class":0,"dominant_label":"Wildfire","is_outbreak_front":true,"is_persistent_cluster":false,"cluster_id":484465}},{"type":"Feature","id":484466,"geometry":{"type":"Polygon","coordinates":[[[81.61871,21.06561],[81.60998,21.08923],[81.61806,21.06908],[81.61871,21.06561]]]},"properties":{"cluster_date":"2024-12-27","cluster_fire_count":3,"total_cluster_frp":22.84,"max_frp":13.18,"cluster_convex_hull_area_km2":0.0828,"centroid_lat":21.0746,"centroid_lon":81.6156,"mean_persistence_7d":0.6667,"share_forest_shrub":1.0,"share_industrial":0.0,"dominant_land_cover":10,"dominant_class":0,"dominant_label":"Wildfire","is_outbreak_front":false,"is_persistent_cluster":false,"cluster_id":484466}},{"type":"Feature","id":484467,"geometry":{"type":"Polygon","coordinates":[[[83.20929,21.33484],[83.20256,21.35088],[83.21315,21.34675],[83.20929,21.33484]]]},"properties":{"cluster_date":"2024-12-27","cluster_fire_count":6,"total_cluster_frp":37.11,"max_frp":11.68,"cluster_convex_hull_area_km2":0.786,"centroid_lat":21.3457,"centroid_lon":83.2085,"mean_persistence_7d":0.0,"share_forest_shrub":1.0,"share_industrial":0.0,"dominant_land_cover":10,"dominant_class":0,"dominant_label":"Wildfire","is_outbreak_front":true,"is_persistent_cluster":false,"cluster_id":484467}},{"type":"Feature","id":484468,"geometry":{"type":"Polygon","coordinates":[[[83.67048,21.42379],[83.69266,21.42722],[83.70983,21.42807],[83.69386,21.42613],[83.67048,21.42379]]]},"properties":{"cluster_date":"2024-12-27","cluster_fire_count":4,"total_cluster_frp":15.93,"max_frp":7.26,"cluster_convex_hull_area_km2":0.2655,"centroid_lat":21.4263,"centroid_lon":83.6917,"mean_persistence_7d":0.0,"share_forest_shrub":1.0,"share_industrial":0.0,"dominant_land_cover":30,"dominant_class":1,"dominant_label":"Agricultural burning","is_outbreak_front":false,"is_persistent_cluster":false,"cluster_id":484468}},{"type":"Feature","id":484469,"geometry":{"type":"Polygon","coordinates":[[[82.92733,21.31425],[82.92295,21.31699],[82.92611,21.32092],[82.92733,21.31425]]]},"properties":{"cluster_date":"2024-12-27","cluster_fire_count":4,"total_cluster_frp":18.49,"max_frp":5.24,"cluster_convex_hull_area_km2":0.1432,"centroid_lat":21.3174,"centroid_lon":82.9258,"mean_persistence_7d":0.0,"share_forest_shrub":1.0,"share_industrial":0.0,"dominant_land_cover":10,"dominant_class":0,"dominant_label":"Wildfire","is_outbreak_front":false,"is_persistent_cluster":false,"cluster_id":484469}},{"type":"Feature","id":484470,"geometry":{"type":"Polygon","coordinates":[[[82.81326,21.29955],[82.81044,21.30082],[82.84356,21.30437],[82.84416,21.30102],[82.84037,21.30042],[82.81326,21.29955]]]},"properties":{"cluster_date":"2024-12-27","cluster_fire_count":6,"total_cluster_frp":34.22,"max_frp":7.73,"cluster_convex_hull_area_km2":0.9379,"centroid_lat":21.3012,"centroid_lon":82.8325,"mean_persistence_7d":0.3333,"share_forest_shrub":1.0,"share_industrial":0.0,"dominant_land_cover":10,"dominant_class":0,"dominant_label":"Wildfire","is_outbreak_front":true,"is_persistent_cluster":false,"cluster_id":484470}},{"type":"Feature","id":484471,"geometry":{"type":"Polygon","coordinates":[[[82.40311,21.21047],[82.38017,21.22999],[82.37955,21.23337],[82.39489,21.23272],[82.40311,21.21047]]]},"properties":{"cluster_date":"2024-12-27","cluster_fire_count":7,"total_cluster_frp":38.49,"max_frp":8.22,"cluster_convex_hull_area_km2":2.223,"centroid_lat":21.2273,"centroid_lon":82.3899,"mean_persistence_7d":0.1429,"share_forest_shrub":1.0,"share_industrial":0.0,"dominant_land_cover":10,"dominant_class":0,"dominant_label":"Wildfire","is_outbreak_front":true,"is_persistent_cluster":false,"cluster_id":484471}},{"type":"Feature","id":484472,"geometry":{"type":"Polygon","coordinates":[[[83.75004,21.44625],[83.75476,21.4651],[83.75932,21.48106],[83.75938,21.45788],[83.75004,21.44625]]]},"properties":{"cluster_date":"2024-12-27","cluster_fire_count":4,"total_cluster_frp":22.96,"max_frp":10.6,"cluster_convex_hull_area_km2":1.2593,"centroid_lat":21.4626,"centroid_lon":83.7559,"mean_persistence_7d":0.25,"share_forest_shrub":1.0,"share_industrial":0.0,"dominant_land_cover":30,"dominant_class":1,"dominant_label":"Agricultural burning","is_outbreak_front":false,"is_persistent_cluster":false,"cluster_id":484472}},{"type":"Feature","id":484473,"geometry":{"type":"Polygon","coordinates":[[[84.07139,21.51577],[84.05772,21.53013],[84.069,21.53567],[84.07321,21.53616],[84.07139,21.51577]]]},"properties":{"cluster_date":"2024-12-27","cluster_fire_count":4,"total_cluster_frp":12.4,"max_frp":4.05,"cluster_convex_hull_area_km2":1.7825,"centroid_lat":21.5294,"centroid_lon":84.0678,"mean_persistence_7d":0.0,"share_forest_shrub":1.0,"share_industrial":0.0,"dominant_land_cover":30,"dominant_class":1,"dominant_label":"Agricultural burning","is_outbreak_front":false,"is_persistent_cluster":false,"cluster_id":484473}},{"type":"Feature","id":484474,"geometry":{"type":"Polygon","coordinates":[[[82.64967,21.29415],[82.64906,21.29751],[82.65102,21.29654],[82.64967,21.29415]]]},"properties":{"cluster_date":"2024-12-27","cluster_fire_count":3,"total_cluster_frp":8.9,"max_frp":3.78,"cluster_convex_hull_area_km2":0.0332,"centroid_lat":21.2961,"centroid_lon":82.6499,"mean_persistence_7d":0.0,"share_forest_shrub":1.0,"share_industrial":0.0,"dominant_land_cover":10,"dominant_class":0,"dominant_label":"Wildfire","is_outbreak_front":false,"is_persistent_cluster":false,"cluster_id":484474}},{"type":"Feature","id":484475,"geometry":{"type":"Polygon","coordinates":[[[82.88821,21.32654],[82.88799,21.34058],[82.89115,21.34452],[82.89553,21.34179],[82.88821,21.32654]]]},"properties":{"cluster_date":"2024-12-27","cluster_fire_count":4,"total_cluster_frp":19.02,"max_frp":6.53,"cluster_convex_hull_area_km2":0.7304,"centroid_lat":21.3384,"centroid_lon":82.8907,"mean_persistence_7d":0.25,"share_forest_shrub":1.0,"share_industrial":0.0,"dominant_land_cover":10,"dominant_class":0,"dominant_label":"Wildfire","is_outbreak_front":false,"is_persistent_cluster":false,"cluster_id":484475}},{"type":"Feature","id":484476,"geometry":{"type":"Polygon","coordinates":[[[83.0168,21.37833],[83.03121,21.38406],[83.05058,21.38371],[83.05119,21.38038],[83.0168,21.37833]]]},"properties":{"cluster_date":"2024-12-27","cluster_fire_count":4,"total_cluster_frp":18.16,"max_frp":7.27,"cluster_convex_hull_area_km2":1.282,"centroid_lat":21.3816,"centroid_lon":83.0374,"mean_persistence_7d":0.0,"share_forest_shrub":1.0,"share_industrial":0.0,"dominant_land_cover":10,"dominant_class":0,"dominant_label":"Wildfire","is_outbreak_front":false,"is_persistent_cluster":false,"cluster_id":484476}},{"type":"Feature","id":484477,"geometry":{"type":"Polygon","coordinates":[[[82.69934,21.39078],[82.68676,21.40502],[82.68433,21.4079],[82.68161,21.42294],[82.69934,21.39078]]]},"properties":{"cluster_date":"2024-12-27","cluster_fire_count":4,"total_cluster_frp":17.34,"max_frp":9.05,"cluster_convex_hull_area_km2":1.0001,"centroid_lat":21.4067,"centroid_lon":82.688,"mean_persistence_7d":0.0,"share_forest_shrub":1.0,"share_industrial":0.0,"dominant_land_cover":10,"dominant_class":0,"dominant_label":"Wildfire","is_outbreak_front":false,"is_persistent_cluster":false,"cluster_id":484477}},{"type":"Feature","id":484478,"geometry":{"type":"Polygon","coordinates":[[[81.9915,21.32378],[82.01404,21.33456],[82.01353,21.33385],[81.9915,21.32378]]]},"properties":{"cluster_date":"2024-12-27","cluster_fire_count":3,"total_cluster_frp":11.64,"max_frp":5.2,"cluster_convex_hull_area_km2":0.0581,"centroid_lat":21.3307,"centroid_lon":82.0064,"mean_persistence_7d":0.0,"share_forest_shrub":1.0,"share_industrial":0.0,"dominant_land_cover":10,"dominant_class":0,"dominant_label":"Wildfire","is_outbreak_front":false,"is_persistent_cluster":false,"cluster_id":484478}},{"type":"Feature","id":484479,"geometry":{"type":"Polygon","coordinates":[[[84.27802,21.71514],[84.27566,21.71566],[84.27311,21.71894],[84.27748,21.71945],[84.27925,21.71763],[84.27936,21.71622],[84.27802,21.71514]]]},"properties":{"cluster_date":"2024-12-27","cluster_fire_count":8,"total_cluster_frp":40.3,"max_frp":7.39,"cluster_convex_hull_area_km2":0.1885,"centroid_lat":21.7174,"centroid_lon":84.2766,"mean_persistence_7d":0.0,"share_forest_shrub":1.0,"share_industrial":0.0,"dominant_land_cover":30,"dominant_class":0,"dominant_label":"Wildfire","is_outbreak_front":true,"is_persistent_cluster":false,"cluster_id":484479}},{"type":"Feature","id":484480,"geometry":{"type":"Polygon","coordinates":[[[84.0397,21.67309],[84.03642,21.67818],[84.04021,21.68156],[84.04165,21.68157],[84.04269,21.67435],[84.0397,21.67309]]]},"properties":{"cluster_date":"2024-12-27","cluster_fire_count":8,"total_cluster_frp":18.96,"max_frp":5.72,"cluster_convex_hull_area_km2":0.3612,"centroid_lat":21.6781,"centroid_lon":84.0397,"mean_persistence_7d":4.0,"share_forest_shrub":0.0,"share_industrial":1.0,"dominant_land_cover":50,"dominant_class":4,"dominant_label":"Persistent thermal source","is_outbreak_front":false,"is_persistent_cluster":true,"cluster_id":484480}},{"type":"Feature","id":484481,"geometry":{"type":"Polygon","coordinates":[[[82.17386,21.39248],[82.17979,21.40396],[82.187,21.40864],[82.17386,21.39248]]]},"properties":{"cluster_date":"2024-12-27","cluster_fire_count":3,"total_cluster_frp":16.03,"max_frp":6.05,"cluster_convex_hull_area_km2":0.3042,"centroid_lat":21.4017,"centroid_lon":82.1802,"mean_persistence_7d":0.0,"share_forest_shrub":1.0,"share_industrial":0.0,"dominant_land_cover":10,"dominant_class":0,"dominant_label":"Wildfire","is_outbreak_front":false,"is_persistent_cluster":false,"cluster_id":484481}},{"type":"Feature","id":484482,"geometry":{"type":"Polygon","coordinates":[[[84.24206,21.73436],[84.24141,21.73527],[84.24086,21.73958],[84.24033,21.74388],[84.24832,21.74209],[84.24963,21.74056],[84.24889,21.73878],[84.24576,21.73492],[84.24206,21.73436]]]},"properties":{"cluster_date":"2024-12-27","cluster_fire_count":12,"total_cluster_frp":200.76,"max_frp":26.32,"cluster_convex_hull_area_km2":0.6551,"centroid_lat":21.7391,"centroid_lon":84.2441,"mean_persistence_7d":0.0,"share_forest_shrub":1.0,"share_industrial":0.0,"dominant_land_cover":30,"dominant_class":0,"dominant_label":"Wildfire","is_outbreak_front":true,"is_persistent_cluster":false,"cluster_id":484482}},{"type":"Feature","id":484483,"geometry":{"type":"Polygon","coordinates":[[[83.12138,21.58911],[83.1207,21.59118],[83.1236,21.58963],[83.12138,21.58911]]]},"properties":{"cluster_date":"2024-12-27","cluster_fire_count":3,"total_cluster_frp":25.14,"max_frp":13.6,"cluster_convex_hull_area_km2":0.0273,"centroid_lat":21.59,"centroid_lon":83.1219,"mean_persistence_7d":0.0,"share_forest_shrub":1.0,"share_industrial":0.0,"dominant_land_cover":10,"dominant_class":0,"dominant_label":"Wildfire","is_outbreak_front":false,"is_persistent_cluster":false,"cluster_id":484483}},{"type":"Feature","id":484484,"geometry":{"type":"Polygon","coordinates":[[[86.45081,23.71148],[86.43938,23.71699],[86.33962,23.77995],[86.33157,23.78835],[86.31635,23.80855],[86.33066,23.80826],[86.39388,23.7813],[86.43538,23.73669],[86.44814,23.71902],[86.45081,23.71148]]]},"properties":{"cluster_date":"2024-12-27","cluster_fire_count":91,"total_cluster_frp":207.05,"max_frp":5.51,"cluster_convex_hull_area_km2":34.8772,"centroid_lat":23.7703,"centroid_lon":86.3825,"mean_persistence_7d":6.8791,"share_forest_shrub":0.0,"share_industrial":1.0,"dominant_land_cover":50,"dominant_class":4,"dominant_label":"Persistent thermal source","is_outbreak_front":false,"is_persistent_cluster":true,"cluster_id":484484}},{"type":"Feature","id":484485,"geometry":{"type":"Polygon","coordinates":[[[84.02612,21.75455],[84.02242,21.75514],[84.01587,21.76624],[84.01682,21.77046],[84.02301,21.76833],[84.0244,21.76459],[84.02612,21.75455]]]},"properties":{"cluster_date":"2024-12-27","cluster_fire_count":20,"total_cluster_frp":36.45,"max_frp":5.64,"cluster_convex_hull_area_km2":0.9802,"centroid_lat":21.7643,"centroid_lon":84.0207,"mean_persistence_7d":4.95,"share_forest_shrub":0.0,"share_industrial":1.0,"dominant_land_cover":50,"dominant_class":4,"dominant_label":"Persistent thermal source","is_outbreak_front":false,"is_persistent_cluster":true,"cluster_id":484485}},{"type":"Feature","id":484486,"geometry":{"type":"Polygon","coordinates":[[[83.12183,21.6301],[83.12099,21.63227],[83.12557,21.63055],[83.12183,21.6301]]]},"properties":{"cluster_date":"2024-12-27","cluster_fire_count":3,"total_cluster_frp":8.77,"max_frp":4.11,"cluster_convex_hull_area_km2":0.0469,"centroid_lat":21.631,"centroid_lon":83.1228,"mean_persistence_7d":0.0,"share_forest_shrub":1.0,"share_industrial":0.0,"dominant_land_cover":10,"dominant_class":0,"dominant_label":"Wildfire","is_outbreak_front":false,"is_persistent_cluster":false,"cluster_id":484486}},{"type":"Feature","id":484487,"geometry":{"type":"Polygon","coordinates":[[[82.90686,21.59831],[82.90472,21.59973],[82.90625,21.60165],[82.91003,21.60225],[82.91017,21.60039],[82.90686,21.59831]]]},"properties":{"cluster_date":"2024-12-27","cluster_fire_count":5,"total_cluster_frp":45.23,"max_frp":11.65,"cluster_convex_hull_area_km2":0.142,"centroid_lat":21.6005,"centroid_lon":82.9076,"mean_persistence_7d":0.0,"share_forest_shrub":1.0,"share_industrial":0.0,"dominant_land_cover":10,"dominant_class":0,"dominant_label":"Wildfire","is_outbreak_front":true,"is_persistent_cluster":false,"cluster_id":484487}},{"type":"Feature","id":484488,"geometry":{"type":"Polygon","coordinates":[[[83.8224,21.74257],[83.82108,21.7427],[83.81871,21.74315],[83.81693,21.74352],[83.82407,21.77291],[83.82957,21.78032],[83.83327,21.78166],[83.83894,21.78287],[83.84447,21.75949],[83.83958,21.75346],[83.8224,21.74257]]]},"properties":{"cluster_date":"2024-12-27","cluster_fire_count":28,"total_cluster_frp":67.88,"max_frp":6.4,"cluster_convex_hull_area_km2":7.2847,"centroid_lat":21.7664,"centroid_lon":83.8313,"mean_persistence_7d":5.8929,"share_forest_shrub":1.0,"share_industrial":0.0,"dominant_land_cover":30,"dominant_class":4,"dominant_label":"Persistent thermal source","is_outbreak_front":false,"is_persistent_cluster":false,"cluster_id":484488}},{"type":"Feature","id":484489,"geometry":{"type":"Polygon","coordinates":[[[83.30605,21.69204],[83.30539,21.69333],[83.30545,21.69536],[83.30605,21.69204]]]},"properties":{"cluster_date":"2024-12-27","cluster_fire_count":3,"total_cluster_frp":12.27,"max_frp":7.89,"cluster_convex_hull_area_km2":0.0078,"centroid_lat":21.6936,"centroid_lon":83.3056,"mean_persistence_7d":1.0,"share_forest_shrub":1.0,"share_industrial":0.0,"dominant_land_cover":10,"dominant_class":0,"dominant_label":"Wildfire","is_outbreak_front":false,"is_persistent_cluster":false,"cluster_id":484489}},{"type":"Feature","id":484490,"geometry":{"type":"Polygon","coordinates":[[[86.98505,22.23346],[86.96107,22.24481],[86.9636,22.24614],[86.98505,22.23346]]]},"properties":{"cluster_date":"2024-12-27","cluster_fire_count":3,"total_cluster_frp":7.12,"max_frp":2.86,"cluster_convex_hull_area_km2":0.3329,"centroid_lat":22.2415,"centroid_lon":86.9699,"mean_persistence_7d":0.0,"share_forest_shrub":1.0,"share_industrial":0.0,"dominant_land_cover":10,"dominant_class":0,"dominant_label":"Wildfire","is_outbreak_front":false,"is_persistent_cluster":false,"cluster_id":484490}},{"type":"Feature","id":484491,"geometry":{"type":"Polygon","coordinates":[[[87.02196,22.26228],[87.01702,22.26529],[87.02499,22.26441],[87.02291,22.2623],[87.02196,22.26228]]]},"properties":{"cluster_date":"2024-12-27","cluster_fire_count":5,"total_cluster_frp":21.01,"max_frp":7.34,"cluster_convex_hull_area_km2":0.1187,"centroid_lat":22.2636,"centroid_lon":87.0215,"mean_persistence_7d":0.0,"share_forest_shrub":1.0,"share_industrial":0.0,"dominant_land_cover":30,"dominant_class":1,"dominant_label":"Agricultural burning","is_outbreak_front":true,"is_persistent_cluster":false,"cluster_id":484491}},{"type":"Feature","id":484492,"geometry":{"type":"Polygon","coordinates":[[[87.54929,22.33751],[87.55075,22.33926],[87.5615,22.34008],[87.55858,22.33869],[87.54929,22.33751]]]},"properties":{"cluster_date":"2024-12-27","cluster_fire_count":5,"total_cluster_frp":20.73,"max_frp":5.15,"cluster_convex_hull_area_km2":0.1486,"centroid_lat":22.3389,"centroid_lon":87.5545,"mean_persistence_7d":0.6,"share_forest_shrub":1.0,"share_industrial":0.0,"dominant_land_cover":30,"dominant_class":1,"dominant_label":"Agricultural burning","is_outbreak_front":true,"is_persistent_cluster":false,"cluster_id":484492}},{"type":"Feature","id":484493,"geometry":{"type":"Polygon","coordinates":[[[83.14848,21.70409],[83.14795,21.70811],[83.1517,21.70855],[83.1533,21.7084],[83.14848,21.70409]]]},"properties":{"cluster_date":"2024-12-27","cluster_fire_count":5,"total_cluster_frp":32.33,"max_frp":13.34,"cluster_convex_hull_area_km2":0.1265,"centroid_lat":21.7074,"centroid_lon":83.1502,"mean_persistence_7d":0.0,"share_forest_shrub":1.0,"share_industrial":0.0,"dominant_land_cover":10,"dominant_class":0,"dominant_label":"Wildfire","is_outbreak_front":true,"is_persistent_cluster":false,"cluster_id":484493}},{"type":"Feature","id":484494,"geometry":{"type":"Polygon","coordinates":[[[83.08158,21.70047],[83.11034,21.71186],[83.08533,21.70106],[83.08158,21.70047]]]},"properties":{"cluster_date":"2024-12-27","cluster_fire_count":3,"total_cluster_frp":6.46,"max_frp":3.19,"cluster_convex_hull_area_km2":0.1421,"centroid_lat":21.7045,"centroid_lon":83.0924,"mean_persistence_7d":0.0,"share_forest_shrub":1.0,"share_industrial":0.0,"dominant_land_cover":10,"dominant_class":0,"dominant_label":"Wildfire","is_outbreak_front":false,"is_persistent_cluster":false,"cluster_id":484494}},{"type":"Feature","id":484495,"geometry":{"type":"Polygon","coordinates":[[[87.48209,22.32736],[87.44426,22.34651],[87.44372,22.35016],[87.45043,22.35138],[87.46892,22.33848],[87.48209,22.32736]]]},"properties":{"cluster_date":"2024-12-27","cluster_fire_count":6,"total_cluster_frp":24.45,"max_frp":10.06,"cluster_convex_hull_area_km2":1.9932,"centroid_lat":22.3418,"centroid_lon":87.4599,"mean_persistence_7d":0.0,"share_forest_shrub":1.0,"share_industrial":0.0,"dominant_land_cover":30,"dominant_class":1,"dominant_label":"Agricultural burning","is_outbreak_front":true,"is_persistent_cluster":false,"cluster_id":484495}},{"type":"Feature","id":484496,"geometry":{"type":"Polygon","coordinates":[[[86.74498,22.24056],[86.74205,22.24358],[86.74632,22.24415],[86.74498,22.24056]]]},"properties":{"cluster_date":"2024-12-27","cluster_fire_count":3,"total_cluster_frp":10.71,"max_frp":3.8,"cluster_convex_hull_area_km2":0.08,"centroid_lat":22.2428,"centroid_lon":86.7444,"mean_persistence_7d":0.0,"share_forest_shrub":1.0,"share_industrial":0.0,"dominant_land_cover":10,"dominant_class":0,"dominant_label":"Wildfire","is_outbreak_front":false,"is_persistent_cluster":false,"cluster_id":484496}},{"type":"Feature","id":484497,"geometry":{"type":"Polygon","coordinates":[[[82.65997,21.64679],[82.65007,21.64844],[82.64953,21.65233],[82.65479,21.65297],[82.65935,21.65014],[82.65997,21.64679]]]},"properties":{"cluster_date":"2024-12-27","cluster_fire_count":10,"total_cluster_frp":116.22,"max_frp":22.67,"cluster_convex_hull_area_km2":0.4799,"centroid_lat":21.6503,"centroid_lon":82.6542,"mean_persistence_7d":1.0,"share_forest_shrub":1.0,"share_industrial":0.0,"dominant_land_cover":10,"dominant_class":0,"dominant_label":"Wildfire","is_outbreak_front":true,"is_persistent_cluster":false,"cluster_id":484497}},{"type":"Feature","id":484498,"geometry":{"type":"Polygon","coordinates":[[[86.83538,22.26321],[86.83749,22.27799],[86.84346,22.26791],[86.84432,22.26585],[86.83538,22.26321]]]},"properties":{"cluster_date":"2024-12-27","cluster_fire_count":4,"total_cluster_frp":14.36,"max_frp":4.54,"cluster_convex_hull_area_km2":0.7149,"centroid_lat":22.2687,"centroid_lon":86.8402,"mean_persistence_7d":0.25,"share_forest_shrub":1.0,"share_industrial":0.0,"dominant_land_cover":10,"dominant_class":0,"dominant_label":"Wildfire","is_outbreak_front":false,"is_persistent_cluster":false,"cluster_id":484498}},{"type":"Feature","id":484499,"geometry":{"type":"Polygon","coordinates":[[[82.81331,21.68016],[82.81,21.68122],[82.80741,21.68344],[82.80939,21.68456],[82.81317,21.68516],[82.81378,21.68183],[82.81331,21.68016]]]},"properties":{"cluster_date":"2024-12-27","cluster_fire_count":7,"total_cluster_frp":80.42,"max_frp":20.88,"cluster_convex_hull_area_km2":0.2167,"centroid_lat":21.6829,"centroid_lon":82.8114,"mean_persistence_7d":0.0,"share_forest_shrub":1.0,"share_industrial":0.0,"dominant_land_cover":10,"dominant_class":0,"dominant_label":"Wildfire","is_outbreak_front":true,"is_persistent_cluster":false,"cluster_id":484499}},{"type":"Feature","id":484500,"geometry":{"type":"Polygon","coordinates":[[[86.79501,22.2687],[86.78061,22.27509],[86.78742,22.28939],[86.79501,22.2687]]]},"properties":{"cluster_date":"2024-12-27","cluster_fire_count":3,"total_cluster_frp":8.96,"max_frp":3.81,"cluster_convex_hull_area_km2":1.3697,"centroid_lat":22.2777,"centroid_lon":86.7877,"mean_persistence_7d":0.3333,"share_forest_shrub":1.0,"share_industrial":0.0,"dominant_land_cover":10,"dominant_class":0,"dominant_label":"Wildfire","is_outbreak_front":false,"is_persistent_cluster":false,"cluster_id":484500}},{"type":"Feature","id":484501,"geometry":{"type":"Polygon","coordinates":[[[83.43132,21.80312],[83.42687,21.80314],[83.43468,21.80408],[83.43504,21.8037],[83.43132,21.80312]]]},"properties":{"cluster_date":"2024-12-27","cluster_fire_count":4,"total_cluster_frp":19.72,"max_frp":7.44,"cluster_convex_hull_area_km2":0.0329,"centroid_lat":21.8035,"centroid_lon":83.432,"mean_persistence_7d":0.0,"share_forest_shrub":0.0,"share_industrial":1.0,"dominant_land_cover":50,"dominant_class":5,"dominant_label":"Unknown","is_outbreak_front":false,"is_persistent_cluster":false,"cluster_id":484501}},{"type":"Feature","id":484502,"geometry":{"type":"Polygon","coordinates":[[[87.28711,22.35859],[87.25002,22.37309],[87.26247,22.38213],[87.27919,22.37985],[87.30103,22.37175],[87.30358,22.36432],[87.28711,22.35859]]]},"properties":{"cluster_date":"2024-12-27","cluster_fire_count":17,"total_cluster_frp":41.62,"max_frp":5.92,"cluster_convex_hull_area_km2":7.6286,"centroid_lat":22.3707,"centroid_lon":87.287,"mean_persistence_7d":4.1176,"share_forest_shrub":0.9412,"share_industrial":0.1176,"dominant_land_cover":30,"dominant_class":4,"dominant_label":"Persistent thermal source","is_outbreak_front":false,"is_persistent_cluster":false,"cluster_id":484502}},{"type":"Feature","id":484503,"geometry":{"type":"Polygon","coordinates":[[[82.93108,21.74169],[82.93047,21.74502],[82.93169,21.74279],[82.93108,21.74169]]]},"properties":{"cluster_date":"2024-12-27","cluster_fire_count":3,"total_cluster_frp":13.07,"max_frp":5.71,"cluster_convex_hull_area_km2":0.0149,"centroid_lat":21.7432,"centroid_lon":82.9311,"mean_persistence_7d":0.0,"share_forest_shrub":1.0,"share_industrial":0.0,"dominant_land_cover":10,"dominant_class":0,"dominant_label":"Wildfire","is_outbreak_front":false,"is_persistent_cluster":false,"cluster_id":484503}},{"type":"Feature","id":484504,"geometry":{"type":"Polygon","coordinates":[[[83.18002,21.78142],[83.14284,21.80924],[83.16154,21.81217],[83.19832,21.78775],[83.18002,21.78142]]]},"properties":{"cluster_date":"2024-12-27","cluster_fire_count":9,"total_cluster_frp":29.47,"max_frp":5.81,"cluster_convex_hull_area_km2":7.2149,"centroid_lat":21.7954,"centroid_lon":83.1727,"mean_persistence_7d":0.5556,"share_forest_shrub":1.0,"share_industrial":0.0,"dominant_land_cover":10,"dominant_class":0,"dominant_label":"Wildfire","is_outbreak_front":true,"is_persistent_cluster":false,"cluster_id":484504}},{"type":"Feature","id":484505,"geometry":{"type":"Polygon","coordinates":[[[82.83234,21.72946],[82.84624,21.73854],[82.8588,21.73366],[82.83234,21.72946]]]},"properties":{"cluster_date":"2024-12-27","cluster_fire_count":4,"total_cluster_frp":13.01,"max_frp":4.64,"cluster_convex_hull_area_km2":1.003,"centroid_lat":21.7341,"centroid_lon":82.8451,"mean_persistence_7d":1.25,"share_forest_shrub":1.0,"share_industrial":0.0,"dominant_land_cover":10,"dominant_class":0,"dominant_label":"Wildfire","is_outbreak_front":false,"is_persistent_cluster":false,"cluster_id":484505}},{"type":"Feature","id":484506,"geometry":{"type":"Polygon","coordinates":[[[82.79459,21.74409],[82.7661,21.74623],[82.74903,21.77612],[82.74849,21.78005],[82.7467,21.83783],[82.74989,21.84177],[82.7587,21.8363],[82.78983,21.79704],[82.80146,21.76668],[82.79459,21.74409]]]},"properties":{"cluster_date":"2024-12-27","cluster_fire_count":85,"total_cluster_frp":658.05,"max_frp":22.0,"cluster_convex_hull_area_km2":36.4549,"centroid_lat":21.7846,"centroid_lon":82.7724,"mean_persistence_7d":0.7176,"share_forest_shrub":1.0,"share_industrial":0.0,"dominant_land_cover":10,"dominant_class":0,"dominant_label":"Wildfire","is_outbreak_front":true,"is_persistent_cluster":false,"cluster_id":484506}},{"type":"Feature","id":484507,"geometry":{"type":"Polygon","coordinates":[[[83.29593,21.83314],[83.2988,21.84995],[83.3252,21.85719],[83.34226,21.8468],[83.29717,21.83326],[83.29593,21.83314]]]},"properties":{"cluster_date":"2024-12-27","cluster_fire_count":7,"total_cluster_frp":20.48,"max_frp":4.19,"cluster_convex_hull_area_km2":6.3296,"centroid_lat":21.8436,"centroid_lon":83.3082,"mean_persistence_7d":0.2857,"share_forest_shrub":0.7143,"share_industrial":0.2857,"dominant_land_cover":10,"dominant_class":0,"dominant_label":"Wildfire","is_outbreak_front":true,"is_persistent_cluster":false,"cluster_id":484507}},{"type":"Feature","id":484508,"geometry":{"type":"Polygon","coordinates":[[[82.48884,21.70331],[82.51769,21.7227],[82.51585,21.72021],[82.49525,21.70673],[82.48884,21.70331]]]},"properties":{"cluster_date":"2024-12-27","cluster_fire_count":5,"total_cluster_frp":37.4,"max_frp":12.43,"cluster_convex_hull_area_km2":0.2877,"centroid_lat":21.7121,"centroid_lon":82.5027,"mean_persistence_7d":0.0,"share_forest_shrub":1.0,"share_industrial":0.0,"dominant_land_cover":10,"dominant_class":0,"dominant_label":"Wildfire","is_outbreak_front":true,"is_persistent_cluster":false,"cluster_id":484508}},{"type":"Feature","id":484509,"geometry":{"type":"Polygon","coordinates":[[[83.06363,21.79763],[83.06412,21.79909],[83.06738,21.79807],[83.06363,21.79763]]]},"properties":{"cluster_date":"2024-12-27","cluster_fire_count":3,"total_cluster_frp":16.69,"max_frp":9.89,"cluster_convex_hull_area_km2":0.029,"centroid_lat":21.7983,"centroid_lon":83.065,"mean_persistence_7d":0.0,"share_forest_shrub":1.0,"share_industrial":0.0,"dominant_land_cover":10,"dominant_class":0,"dominant_label":"Wildfire","is_outbreak_front":false,"is_persistent_cluster":false,"cluster_id":484509}},{"type":"Feature","id":484510,"geometry":{"type":"Polygon","coordinates":[[[82.68741,21.75604],[82.69514,21.77796],[82.69576,21.77461],[82.68741,21.75604]]]},"properties":{"cluster_date":"2024-12-27","cluster_fire_count":4,"total_cluster_frp":40.74,"max_frp":16.87,"cluster_convex_hull_area_km2":0.2177,"centroid_lat":21.7705,"centroid_lon":82.6934,"mean_persistence_7d":0.25,"share_forest_shrub":1.0,"share_industrial":0.0,"dominant_land_cover":10,"dominant_class":0,"dominant_label":"Wildfire","is_outbreak_front":false,"is_persistent_cluster":false,"cluster_id":484510}},{"type":"Feature","id":484511,"geometry":{"type":"Polygon","coordinates":[[[82.4387,21.71578],[82.43475,21.71601],[82.42652,21.71727],[82.44067,21.7265],[82.44656,21.72749],[82.43989,21.71667],[82.4387,21.71578]]]},"properties":{"cluster_date":"2024-12-27","cluster_fire_count":10,"total_cluster_frp":57.43,"max_frp":6.75,"cluster_convex_hull_area_km2":1.1292,"centroid_lat":21.7202,"centroid_lon":82.4375,"mean_persistence_7d":1.1,"share_forest_shrub":1.0,"share_industrial":0.0,"dominant_land_cover":10,"dominant_class":0,"dominant_label":"Wildfire","is_outbreak_front":false,"is_persistent_cluster":false,"cluster_id":484511}},{"type":"Feature","id":484512,"geometry":{"type":"Polygon","coordinates":[[[82.96359,21.82079],[82.96057,21.83744],[82.96188,21.83405],[82.96359,21.82079]]]},"properties":{"cluster_date":"2024-12-27","cluster_fire_count":4,"total_cluster_frp":16.5,"max_frp":7.35,"cluster_convex_hull_area_km2":0.0638,"centroid_lat":21.8316,"centroid_lon":82.9618,"mean_persistence_7d":0.25,"share_forest_shrub":1.0,"share_industrial":0.0,"dominant_land_cover":10,"dominant_class":0,"dominant_label":"Wildfire","is_outbreak_front":false,"is_persistent_cluster":false,"cluster_id":484512}},{"type":"Feature","id":484513,"geometry":{"type":"Polygon","coordinates":[[[83.15554,21.87795],[83.15757,21.87876],[83.16879,21.88051],[83.1707,21.87979],[83.15554,21.87795]]]},"properties":{"cluster_date":"2024-12-27","cluster_fire_count":4,"total_cluster_frp":24.62,"max_frp":11.78,"cluster_convex_hull_area_km2":0.11,"centroid_lat":21.8793,"centroid_lon":83.1632,"mean_persistence_7d":0.75,"share_forest_shrub":1.0,"share_industrial":0.0,"dominant_land_cover":10,"dominant_class":0,"dominant_label":"Wildfire","is_outbreak_front":false,"is_persistent_cluster":false,"cluster_id":484513}},{"type":"Feature","id":484514,"geometry":{"type":"Polygon","coordinates":[[[82.70739,21.8178],[82.68655,21.82481],[82.6739,21.82968],[82.6771,21.83364],[82.69107,21.84275],[82.6999,21.83727],[82.70739,21.8178]]]},"properties":{"cluster_date":"2024-12-27","cluster_fire_count":9,"total_cluster_frp":35.02,"max_frp":8.65,"cluster_convex_hull_area_km2":4.4724,"centroid_lat":21.8297,"centroid_lon":82.6888,"mean_persistence_7d":0.4444,"share_forest_shrub":1.0,"share_industrial":0.0,"dominant_land_cover":10,"dominant_class":0,"dominant_label":"Wildfire","is_outbreak_front":true,"is_persistent_cluster":false,"cluster_id":484514}},{"type":"Feature","id":484515,"geometry":{"type":"Polygon","coordinates":[[[83.35074,21.91782],[83.33655,21.92538],[83.33743,21.92943],[83.35191,21.92445],[83.35505,21.92056],[83.35237,21.91836],[83.35074,21.91782]]]},"properties":{"cluster_date":"2024-12-27","cluster_fire_count":17,"total_cluster_frp":39.98,"max_frp":6.54,"cluster_convex_hull_area_km2":1.0653,"centroid_lat":21.9226,"centroid_lon":83.3476,"mean_persistence_7d":5.2941,"share_forest_shrub":0.0,"share_industrial":1.0,"dominant_land_cover":50,"dominant_class":4,"dominant_label":"Persistent thermal source","is_outbreak_front":false,"is_persistent_cluster":true,"cluster_id":484515}},{"type":"Feature","id":484516,"geometry":{"type":"Polygon","coordinates":[[[82.5975,21.83993],[82.58864,21.84358],[82.61916,21.85033],[82.60133,21.84054],[82.5975,21.83993]]]},"properties":{"cluster_date":"2024-12-27","cluster_fire_count":4,"total_cluster_frp":14.32,"max_frp":8.27,"cluster_convex_hull_area_km2":1.0902,"centroid_lat":21.8436,"centroid_lon":82.6017,"mean_persistence_7d":0.0,"share_forest_shrub":1.0,"share_industrial":0.0,"dominant_land_cover":10,"dominant_class":0,"dominant_label":"Wildfire","is_outbreak_front":false,"is_persistent_cluster":false,"cluster_id":484516}},{"type":"Feature","id":484517,"geometry":{"type":"Polygon","coordinates":[[[83.73344,22.03913],[83.72903,22.04162],[83.73,22.04575],[83.73814,22.04413],[83.74165,22.04001],[83.73344,22.03913]]]},"properties":{"cluster_date":"2024-12-27","cluster_fire_count":20,"total_cluster_frp":138.56,"max_frp":21.96,"cluster_convex_hull_area_km2":0.5824,"centroid_lat":22.0424,"centroid_lon":83.7343,"mean_persistence_7d":7.0,"share_forest_shrub":1.0,"share_industrial":0.0,"dominant_land_cover":30,"dominant_class":4,"dominant_label":"Persistent thermal source","is_outbreak_front":false,"is_persistent_cluster":false,"cluster_id":484517}},{"type":"Feature","id":484518,"geometry":{"type":"Polygon","coordinates":[[[84.8707,22.20566],[84.84749,22.206],[84.84109,22.21177],[84.86335,22.21229],[84.87659,22.21191],[84.8784,22.20982],[84.87885,22.20776],[84.8707,22.20566]]]},"properties":{"cluster_date":"2024-12-27","cluster_fire_count":11,"total_cluster_frp":17.62,"max_frp":3.56,"cluster_convex_hull_area_km2":2.2498,"centroid_lat":22.2095,"centroid_lon":84.8641,"mean_persistence_7d":3.6364,"share_forest_shrub":0.0,"share_industrial":1.0,"dominant_land_cover":50,"dominant_class":4,"dominant_label":"Persistent thermal source","is_outbreak_front":false,"is_persistent_cluster":true,"cluster_id":484518}},{"type":"Feature","id":484519,"geometry":{"type":"Polygon","coordinates":[[[82.69278,21.88882],[82.67455,21.89026],[82.67775,21.89421],[82.69356,21.8933],[82.69418,21.88996],[82.69278,21.88882]]]},"properties":{"cluster_date":"2024-12-27","cluster_fire_count":7,"total_cluster_frp":42.71,"max_frp":10.67,"cluster_convex_hull_area_km2":0.8457,"centroid_lat":21.8912,"centroid_lon":82.6839,"mean_persistence_7d":1.2857,"share_forest_shrub":1.0,"share_industrial":0.0,"dominant_land_cover":10,"dominant_class":0,"dominant_label":"Wildfire","is_outbreak_front":false,"is_persistent_cluster":false,"cluster_id":484519}},{"type":"Feature","id":484520,"geometry":{"type":"Polygon","coordinates":[[[82.40147,21.85317],[82.39896,21.86664],[82.40507,21.85352],[82.40147,21.85317]]]},"properties":{"cluster_date":"2024-12-27","cluster_fire_count":3,"total_cluster_frp":14.47,"max_frp":6.62,"cluster_convex_hull_area_km2":0.272,"centroid_lat":21.8578,"centroid_lon":82.4018,"mean_persistence_7d":0.6667,"share_forest_shrub":1.0,"share_industrial":0.0,"dominant_land_cover":10,"dominant_class":0,"dominant_label":"Wildfire","is_outbreak_front":false,"is_persistent_cluster":false,"cluster_id":484520}},{"type":"Feature","id":484521,"geometry":{"type":"Polygon","coordinates":[[[82.46702,21.88454],[82.45785,21.88751],[82.44926,21.9163],[82.45422,21.93191],[82.46236,21.95267],[82.60169,21.94585],[82.60387,21.9453],[82.58144,21.92707],[82.529,21.89105],[82.46702,21.88454]]]},"properties":{"cluster_date":"2024-12-27","cluster_fire_count":44,"total_cluster_frp":268.49,"max_frp":47.09,"cluster_convex_hull_area_km2":77.1968,"centroid_lat":21.918,"centroid_lon":82.5148,"mean_persistence_7d":1.0455,"share_forest_shrub":1.0,"share_industrial":0.0,"dominant_land_cover":10,"dominant_class":0,"dominant_label":"Wildfire","is_outbreak_front":false,"is_persistent_cluster":false,"cluster_id":484521}},{"type":"Feature","id":484522,"geometry":{"type":"Polygon","coordinates":[[[82.6474,21.90313],[82.65957,21.9292],[82.6646,21.92311],[82.6474,21.90313]]]},"properties":{"cluster_date":"2024-12-27","cluster_fire_count":4,"total_cluster_frp":20.2,"max_frp":7.36,"cluster_convex_hull_area_km2":1.1303,"centroid_lat":21.921,"centroid_lon":82.6579,"mean_persistence_7d":1.0,"share_forest_shrub":1.0,"share_industrial":0.0,"dominant_land_cover":10,"dominant_class":0,"dominant_label":"Wildfire","is_outbreak_front":false,"is_persistent_cluster":false,"cluster_id":484522}},{"type":"Feature","id":484523,"geometry":{"type":"Polygon","coordinates":[[[82.4196,21.89841],[82.42023,21.92292],[82.42473,21.89905],[82.42482,21.89853],[82.4196,21.89841]]]},"properties":{"cluster_date":"2024-12-27","cluster_fire_count":4,"total_cluster_frp":24.82,"max_frp":9.33,"cluster_convex_hull_area_km2":0.7053,"centroid_lat":21.9047,"centroid_lon":82.4223,"mean_persistence_7d":0.25,"share_forest_shrub":1.0,"share_industrial":0.0,"dominant_land_cover":10,"dominant_class":0,"dominant_label":"Wildfire","is_outbreak_front":false,"is_persistent_cluster":false,"cluster_id":484523}},{"type":"Feature","id":484524,"geometry":{"type":"Polygon","coordinates":[[[87.62092,22.66501],[87.62382,22.66759],[87.62566,22.6656],[87.62092,22.66501]]]},"properties":{"cluster_date":"2024-12-27","cluster_fire_count":3,"total_cluster_frp":17.51,"max_frp":7.97,"cluster_convex_hull_area_km2":0.0576,"centroid_lat":22.6661,"centroid_lon":87.6235,"mean_persistence_7d":0.3333,"share_forest_shrub":1.0,"share_industrial":0.0,"dominant_land_cover":30,"dominant_class":1,"dominant_label":"Agricultural burning","is_outbreak_front":false,"is_persistent_cluster":false,"cluster_id":484524}},{"type":"Feature","id":484525,"geometry":{"type":"Polygon","coordinates":[[[82.71185,21.9632],[82.70744,21.96594],[82.6691,22.00477],[82.66943,22.00539],[82.67323,22.00482],[82.6937,21.98799],[82.71185,21.9632]]]},"properties":{"cluster_date":"2024-12-27","cluster_fire_count":6,"total_cluster_frp":13.95,"max_frp":4.99,"cluster_convex_hull_area_km2":2.4459,"centroid_lat":21.9887,"centroid_lon":82.6875,"mean_persistence_7d":3.0,"share_forest_shrub":1.0,"share_industrial":0.0,"dominant_land_cover":10,"dominant_class":0,"dominant_label":"Wildfire","is_outbreak_front":false,"is_persistent_cluster":false,"cluster_id":484525}},{"type":"Feature","id":484526,"geometry":{"type":"Polygon","coordinates":[[[82.37076,21.91139],[82.36087,21.92854],[82.35818,21.94774],[82.38702,21.95218],[82.38892,21.95152],[82.37399,21.91538],[82.37331,21.91442],[82.37076,21.91139]]]},"properties":{"cluster_date":"2024-12-27","cluster_fire_count":13,"total_cluster_frp":72.39,"max_frp":11.71,"cluster_convex_hull_area_km2":7.6739,"centroid_lat":21.9322,"centroid_lon":82.3696,"mean_persistence_7d":0.1538,"share_forest_shrub":1.0,"share_industrial":0.0,"dominant_land_cover":10,"dominant_class":0,"dominant_label":"Wildfire","is_outbreak_front":true,"is_persistent_cluster":false,"cluster_id":484526}},{"type":"Feature","id":484527,"geometry":{"type":"Polygon","coordinates":[[[82.51034,21.95064],[82.50603,21.95069],[82.50615,21.97145],[82.51034,21.95064]]]},"properties":{"cluster_date":"2024-12-27","cluster_fire_count":4,"total_cluster_frp":19.68,"max_frp":6.0,"cluster_convex_hull_area_km2":0.4926,"centroid_lat":21.956,"centroid_lon":82.5081,"mean_persistence_7d":0.0,"share_forest_shrub":1.0,"share_industrial":0.0,"dominant_land_cover":10,"dominant_class":0,"dominant_label":"Wildfire","is_outbreak_front":false,"is_persistent_cluster":false,"cluster_id":484527}},{"type":"Feature","id":484528,"geometry":{"type":"Polygon","coordinates":[[[82.53951,21.96997],[82.55975,21.98008],[82.57095,21.9738],[82.53951,21.96997]]]},"properties":{"cluster_date":"2024-12-27","cluster_fire_count":5,"total_cluster_frp":18.71,"max_frp":6.69,"cluster_convex_hull_area_km2":1.3228,"centroid_lat":21.9738,"centroid_lon":82.5561,"mean_persistence_7d":0.0,"share_forest_shrub":1.0,"share_industrial":0.0,"dominant_land_cover":10,"dominant_class":0,"dominant_label":"Wildfire","is_outbreak_front":true,"is_persistent_cluster":false,"cluster_id":484528}},{"type":"Feature","id":484529,"geometry":{"type":"Polygon","coordinates":[[[82.24422,21.94919],[82.24389,21.9498],[82.24326,21.95318],[82.24715,21.95381],[82.24422,21.94919]]]},"properties":{"cluster_date":"2024-12-27","cluster_fire_count":4,"total_cluster_frp":16.57,"max_frp":5.92,"cluster_convex_hull_area_km2":0.0928,"centroid_lat":21.9515,"centroid_lon":82.2446,"mean_persistence_7d":0.0,"share_forest_shrub":1.0,"share_industrial":0.0,"dominant_land_cover":10,"dominant_class":0,"dominant_label":"Wildfire","is_outbreak_front":false,"is_persistent_cluster":false,"cluster_id":484529}},{"type":"Feature","id":484530,"geometry":{"type":"Polygon","coordinates":[[[82.37077,22.06086],[82.36684,22.06112],[82.37456,22.06237],[82.39768,22.06611],[82.37077,22.06086]]]},"properties":{"cluster_date":"2024-12-27","cluster_fire_count":4,"total_cluster_frp":16.28,"max_frp":6.36,"cluster_convex_hull_area_km2":0.1521,"centroid_lat":22.0626,"centroid_lon":82.3775,"mean_persistence_7d":0.0,"share_forest_shrub":1.0,"share_industrial":0.0,"dominant_land_cover":10,"dominant_class":0,"dominant_label":"Wildfire","is_outbreak_front":false,"is_persistent_cluster":false,"cluster_id":484530}},{"type":"Feature","id":484531,"geometry":{"type":"Polygon","coordinates":[[[86.94292,22.75195],[86.91919,22.75976],[86.95562,22.7573],[86.94292,22.75195]]]},"properties":{"cluster_date":"2024-12-27","cluster_fire_count":3,"total_cluster_frp":6.38,"max_frp":2.36,"cluster_convex_hull_area_km2":1.2372,"centroid_lat":22.7563,"centroid_lon":86.9392,"mean_persistence_7d":0.0,"share_forest_shrub":1.0,"share_industrial":0.0,"dominant_land_cover":30,"dominant_class":1,"dominant_label":"Agricultural burning","is_outbreak_front":false,"is_persistent_cluster":false,"cluster_id":484531}},{"type":"Feature","id":484532,"geometry":{"type":"Polygon","coordinates":[[[86.20307,22.78474],[86.19316,22.79183],[86.20679,22.79892],[86.21194,22.79664],[86.20953,22.78861],[86.20307,22.78474]]]},"properties":{"cluster_date":"2024-12-27","cluster_fire_count":17,"total_cluster_frp":63.44,"max_frp":16.06,"cluster_convex_hull_area_km2":1.5911,"centroid_lat":22.7918,"centroid_lon":86.2037,"mean_persistence_7d":5.4118,"share_forest_shrub":0.0,"share_industrial":1.0,"dominant_land_cover":50,"dominant_class":4,"dominant_label":"Persistent thermal source","is_outbreak_front":false,"is_persistent_cluster":true,"cluster_id":484532}},{"type":"Feature","id":484533,"geometry":{"type":"Polygon","coordinates":[[[87.73029,23.0583],[87.71731,23.07952],[87.7205,23.09138],[87.73029,23.0583]]]},"properties":{"cluster_date":"2024-12-27","cluster_fire_count":4,"total_cluster_frp":17.34,"max_frp":5.37,"cluster_convex_hull_area_km2":1.2094,"centroid_lat":23.0774,"centroid_lon":87.7217,"mean_persistence_7d":2.5,"share_forest_shrub":1.0,"share_industrial":0.0,"dominant_land_cover":30,"dominant_class":1,"dominant_label":"Agricultural burning","is_outbreak_front":false,"is_persistent_cluster":false,"cluster_id":484533}},{"type":"Feature","id":484534,"geometry":{"type":"Polygon","coordinates":[[[81.96062,22.2399],[81.95603,22.24265],[81.95998,22.24079],[81.96062,22.2399]]]},"properties":{"cluster_date":"2024-12-27","cluster_fire_count":3,"total_cluster_frp":10.03,"max_frp":4.21,"cluster_convex_hull_area_km2":0.0128,"centroid_lat":22.2411,"centroid_lon":81.9589,"mean_persistence_7d":0.0,"share_forest_shrub":1.0,"share_industrial":0.0,"dominant_land_cover":10,"dominant_class":0,"dominant_label":"Wildfire","is_outbreak_front":false,"is_persistent_cluster":false,"cluster_id":484534}},{"type":"Feature","id":484535,"geometry":{"type":"Polygon","coordinates":[[[82.29528,22.35139],[82.29314,22.35163],[82.2927,22.35514],[82.29931,22.36178],[82.30433,22.36085],[82.30599,22.35667],[82.30473,22.35556],[82.29528,22.35139]]]},"properties":{"cluster_date":"2024-12-27","cluster_fire_count":15,"total_cluster_frp":70.45,"max_frp":11.65,"cluster_convex_hull_area_km2":0.8999,"centroid_lat":22.3565,"centroid_lon":82.2996,"mean_persistence_7d":6.6667,"share_forest_shrub":1.0,"share_industrial":0.0,"dominant_land_cover":10,"dominant_class":4,"dominant_label":"Persistent thermal source","is_outbreak_front":false,"is_persistent_cluster":false,"cluster_id":484535}},{"type":"Feature","id":484536,"geometry":{"type":"Polygon","coordinates":[[[88.03681,23.21964],[88.03516,23.23108],[88.03967,23.23553],[88.04077,23.2279],[88.03681,23.21964]]]},"properties":{"cluster_date":"2024-12-27","cluster_fire_count":4,"total_cluster_frp":44.91,"max_frp":14.94,"cluster_convex_hull_area_km2":0.5354,"centroid_lat":23.2285,"centroid_lon":88.0381,"mean_persistence_7d":1.75,"share_forest_shrub":1.0,"share_industrial":0.0,"dominant_land_cover":30,"dominant_class":1,"dominant_label":"Agricultural burning","is_outbreak_front":false,"is_persistent_cluster":false,"cluster_id":484536}},{"type":"Feature","id":484537,"geometry":{"type":"Polygon","coordinates":[[[87.53963,23.13368],[87.5453,23.16087],[87.5554,23.15839],[87.558,23.15554],[87.55855,23.1501],[87.53963,23.13368]]]},"properties":{"cluster_date":"2024-12-27","cluster_fire_count":5,"total_cluster_frp":16.66,"max_frp":5.58,"cluster_convex_hull_area_km2":2.7802,"centroid_lat":23.1517,"centroid_lon":87.5514,"mean_persistence_7d":0.6,"share_forest_shrub":1.0,"share_industrial":0.0,"dominant_land_cover":30,"dominant_class":1,"dominant_label":"Agricultural burning","is_outbreak_front":true,"is_persistent_cluster":false,"cluster_id":484537}},{"type":"Feature","id":484538,"geometry":{"type":"Polygon","coordinates":[[[87.32754,23.14023],[87.32704,23.1438],[87.33428,23.14625],[87.33118,23.14056],[87.32754,23.14023]]]},"properties":{"cluster_date":"2024-12-27","cluster_fire_count":4,"total_cluster_frp":18.55,"max_frp":9.22,"cluster_convex_hull_area_km2":0.255,"centroid_lat":23.1427,"centroid_lon":87.33,"mean_persistence_7d":1.25,"share_forest_shrub":1.0,"share_industrial":0.0,"dominant_land_cover":30,"dominant_class":1,"dominant_label":"Agricultural burning","is_outbreak_front":false,"is_persistent_cluster":false,"cluster_id":484538}},{"type":"Feature","id":484539,"geometry":{"type":"Polygon","coordinates":[[[87.22771,23.14566],[87.21433,23.15122],[87.23175,23.14992],[87.23192,23.14763],[87.22771,23.14566]]]},"properties":{"cluster_date":"2024-12-27","cluster_fire_count":6,"total_cluster_frp":32.12,"max_frp":9.95,"cluster_convex_hull_area_km2":0.4877,"centroid_lat":23.1488,"centroid_lon":87.2269,"mean_persistence_7d":0.8333,"share_forest_shrub":1.0,"share_industrial":0.0,"dominant_land_cover":30,"dominant_class":1,"dominant_label":"Agricultural burning","is_outbreak_front":true,"is_persistent_cluster":false,"cluster_id":484539}},{"type":"Feature","id":484540,"geometry":{"type":"Polygon","coordinates":[[[87.96997,23.27234],[87.95377,23.27808],[87.98603,23.30445],[87.97893,23.28119],[87.96997,23.27234]]]},"properties":{"cluster_date":"2024-12-27","cluster_fire_count":4,"total_cluster_frp":27.65,"max_frp":10.96,"cluster_convex_hull_area_km2":4.1293,"centroid_lat":23.284,"centroid_lon":87.9722,"mean_persistence_7d":0.5,"share_forest_shrub":1.0,"share_industrial":0.0,"dominant_land_cover":30,"dominant_class":1,"dominant_label":"Agricultural burning","is_outbreak_front":false,"is_persistent_cluster":false,"cluster_id":484540}},{"type":"Feature","id":484541,"geometry":{"type":"Polygon","coordinates":[[[87.66299,23.30657],[87.67589,23.31968],[87.67757,23.3203],[87.67867,23.31281],[87.66299,23.30657]]]},"properties":{"cluster_date":"2024-12-27","cluster_fire_count":8,"total_cluster_frp":46.79,"max_frp":9.61,"cluster_convex_hull_area_km2":0.7534,"centroid_lat":23.315,"centroid_lon":87.6756,"mean_persistence_7d":0.75,"share_forest_shrub":1.0,"share_industrial":0.0,"dominant_land_cover":30,"dominant_class":1,"dominant_label":"Agricultural burning","is_outbreak_front":true,"is_persistent_cluster":false,"cluster_id":484541}},{"type":"Feature","id":484542,"geometry":{"type":"Polygon","coordinates":[[[87.58284,23.34066],[87.57996,23.34614],[87.58315,23.34215],[87.58284,23.34066]]]},"properties":{"cluster_date":"2024-12-27","cluster_fire_count":3,"total_cluster_frp":14.9,"max_frp":6.06,"cluster_convex_hull_area_km2":0.0326,"centroid_lat":23.343,"centroid_lon":87.582,"mean_persistence_7d":2.3333,"share_forest_shrub":1.0,"share_industrial":0.0,"dominant_land_cover":30,"dominant_class":1,"dominant_label":"Agricultural burning","is_outbreak_front":false,"is_persistent_cluster":false,"cluster_id":484542}},{"type":"Feature","id":484543,"geometry":{"type":"Polygon","coordinates":[[[87.3858,23.37787],[87.36695,23.39295],[87.39638,23.38912],[87.39941,23.38341],[87.3858,23.37787]]]},"properties":{"cluster_date":"2024-12-27","cluster_fire_count":7,"total_cluster_frp":33.22,"max_frp":8.92,"cluster_convex_hull_area_km2":2.5372,"centroid_lat":23.3858,"centroid_lon":87.3893,"mean_persistence_7d":2.0,"share_forest_shrub":1.0,"share_industrial":0.0,"dominant_land_cover":30,"dominant_class":1,"dominant_label":"Agricultural burning","is_outbreak_front":false,"is_persistent_cluster":false,"cluster_id":484543}},{"type":"Feature","id":484544,"geometry":{"type":"Polygon","coordinates":[[[87.24743,23.54981],[87.24312,23.55059],[87.23694,23.55853],[87.2382,23.5635],[87.24293,23.55936],[87.24743,23.54981]]]},"properties":{"cluster_date":"2024-12-27","cluster_fire_count":11,"total_cluster_frp":37.61,"max_frp":11.89,"cluster_convex_hull_area_km2":0.6472,"centroid_lat":23.5557,"centroid_lon":87.2419,"mean_persistence_7d":6.7273,"share_forest_shrub":0.0,"share_industrial":1.0,"dominant_land_cover":50,"dominant_class":4,"dominant_label":"Persistent thermal source","is_outbreak_front":false,"is_persistent_cluster":true,"cluster_id":484544}},{"type":"Feature","id":484545,"geometry":{"type":"Polygon","coordinates":[[[88.00906,23.75319],[87.98414,23.78127],[87.99495,23.77874],[88.01769,23.76598],[88.00906,23.75319]]]},"properties":{"cluster_date":"2024-12-27","cluster_fire_count":5,"total_cluster_frp":24.88,"max_frp":6.5,"cluster_convex_hull_area_km2":3.4811,"centroid_lat":23.7672,"centroid_lon":88.0029,"mean_persistence_7d":0.4,"share_forest_shrub":1.0,"share_industrial":0.0,"dominant_land_cover":30,"dominant_class":1,"dominant_label":"Agricultural burning","is_outbreak_front":true,"is_persistent_cluster":false,"cluster_id":484545}},{"type":"Feature","id":484546,"geometry":{"type":"Polygon","coordinates":[[[86.40316,23.67479],[86.39912,23.67548],[86.38842,23.68436],[86.38599,23.68706],[86.38712,23.69179],[86.38931,23.69193],[86.39381,23.68735],[86.40316,23.67479]]]},"properties":{"cluster_date":"2024-12-27","cluster_fire_count":22,"total_cluster_frp":85.78,"max_frp":10.95,"cluster_convex_hull_area_km2":1.0497,"centroid_lat":23.6849,"centroid_lon":86.3924,"mean_persistence_7d":6.9091,"share_forest_shrub":0.0,"share_industrial":1.0,"dominant_land_cover":50,"dominant_class":4,"dominant_label":"Persistent thermal source","is_outbreak_front":false,"is_persistent_cluster":true,"cluster_id":484546}},{"type":"Feature","id":484547,"geometry":{"type":"Polygon","coordinates":[[[86.09185,23.66798],[86.07344,23.6781],[86.07457,23.70331],[86.09777,23.68265],[86.09185,23.66798]]]},"properties":{"cluster_date":"2024-12-27","cluster_fire_count":11,"total_cluster_frp":24.69,"max_frp":4.4,"cluster_convex_hull_area_km2":5.0953,"centroid_lat":23.6814,"centroid_lon":86.0857,"mean_persistence_7d":6.4545,"share_forest_shrub":0.0,"share_industrial":1.0,"dominant_land_cover":50,"dominant_class":4,"dominant_label":"Persistent thermal source","is_outbreak_front":false,"is_persistent_cluster":true,"cluster_id":484547}},{"type":"Feature","id":484548,"geometry":{"type":"Polygon","coordinates":[[[82.33965,23.16415],[82.33572,23.16472],[82.33469,23.16748],[82.34043,23.17032],[82.34541,23.16942],[82.3442,23.16698],[82.33965,23.16415]]]},"properties":{"cluster_date":"2024-12-27","cluster_fire_count":11,"total_cluster_frp":25.72,"max_frp":7.27,"cluster_convex_hull_area_km2":0.4502,"centroid_lat":23.167,"centroid_lon":82.34,"mean_persistence_7d":7.0,"share_forest_shrub":1.0,"share_industrial":0.0,"dominant_land_cover":10,"dominant_class":4,"dominant_label":"Persistent thermal source","is_outbreak_front":false,"is_persistent_cluster":false,"cluster_id":484548}},{"type":"Feature","id":484549,"geometry":{"type":"Polygon","coordinates":[[[86.2056,23.77112],[86.20129,23.77165],[86.19764,23.77247],[86.20341,23.78099],[86.2099,23.78451],[86.23493,23.79421],[86.21024,23.77384],[86.2056,23.77112]]]},"properties":{"cluster_date":"2024-12-27","cluster_fire_count":15,"total_cluster_frp":37.11,"max_frp":7.03,"cluster_convex_hull_area_km2":2.5492,"centroid_lat":23.7782,"centroid_lon":86.2085,"mean_persistence_7d":6.7333,"share_forest_shrub":0.8,"share_industrial":0.7333,"dominant_land_cover":10,"dominant_class":4,"dominant_label":"Persistent thermal source","is_outbreak_front":false,"is_persistent_cluster":true,"cluster_id":484549}},{"type":"Feature","id":484550,"geometry":{"type":"Polygon","coordinates":[[[85.85771,23.75623],[85.85383,23.75688],[85.85192,23.75955],[85.85839,23.75959],[85.85771,23.75623]]]},"properties":{"cluster_date":"2024-12-27","cluster_fire_count":6,"total_cluster_frp":12.74,"max_frp":2.98,"cluster_convex_hull_area_km2":0.1673,"centroid_lat":23.7582,"centroid_lon":85.8556,"mean_persistence_7d":7.0,"share_forest_shrub":1.0,"share_industrial":0.0,"dominant_land_cover":10,"dominant_class":4,"dominant_label":"Persistent thermal source","is_outbreak_front":false,"is_persistent_cluster":false,"cluster_id":484550}},{"type":"Feature","id":484551,"geometry":{"type":"Polygon","coordinates":[[[85.56616,23.7805],[85.55141,23.78895],[85.53861,23.8023],[85.53223,23.81024],[85.56236,23.80182],[85.5668,23.78384],[85.56616,23.7805]]]},"properties":{"cluster_date":"2024-12-27","cluster_fire_count":10,"total_cluster_frp":16.56,"max_frp":4.71,"cluster_convex_hull_area_km2":4.3688,"centroid_lat":23.7927,"centroid_lon":85.5564,"mean_persistence_7d":4.3,"share_forest_shrub":1.0,"share_industrial":0.0,"dominant_land_cover":10,"dominant_class":4,"dominant_label":"Persistent thermal source","is_outbreak_front":false,"is_persistent_cluster":false,"cluster_id":484551}},{"type":"Feature","id":484552,"geometry":{"type":"Polygon","coordinates":[[[84.84192,23.80705],[84.84616,23.81116],[84.84631,23.80975],[84.84588,23.80934],[84.84192,23.80705]]]},"properties":{"cluster_date":"2024-12-27","cluster_fire_count":4,"total_cluster_frp":8.44,"max_frp":3.51,"cluster_convex_hull_area_km2":0.0392,"centroid_lat":23.8093,"centroid_lon":84.8451,"mean_persistence_7d":7.0,"share_forest_shrub":1.0,"share_industrial":0.0,"dominant_land_cover":10,"dominant_class":4,"dominant_label":"Persistent thermal source","is_outbreak_front":false,"is_persistent_cluster":false,"cluster_id":484552}},{"type":"Feature","id":484553,"geometry":{"type":"Polygon","coordinates":[[[82.63593,24.14213],[82.63307,24.14371],[82.62692,24.16436],[82.62777,24.1681],[82.63226,24.16701],[82.63777,24.15229],[82.63655,24.14552],[82.63593,24.14213]]]},"properties":{"cluster_date":"2024-12-27","cluster_fire_count":10,"total_cluster_frp":21.19,"max_frp":5.46,"cluster_convex_hull_area_km2":1.5843,"centroid_lat":24.1576,"centroid_lon":82.6322,"mean_persistence_7d":7.0,"share_forest_shrub":0.0,"share_industrial":1.0,"dominant_land_cover":50,"dominant_class":4,"dominant_label":"Persistent thermal source","is_outbreak_front":false,"is_persistent_cluster":true,"cluster_id":484553}},{"type":"Feature","id":484554,"geometry":{"type":"Polygon","coordinates":[[[86.04555,25.10107],[86.04456,25.10203],[86.05918,25.12201],[86.04555,25.10107]]]},"properties":{"cluster_date":"2024-12-27","cluster_fire_count":3,"total_cluster_frp":13.15,"max_frp":6.99,"cluster_convex_hull_area_km2":0.1817,"centroid_lat":25.1084,"centroid_lon":86.0498,"mean_persistence_7d":0.6667,"share_forest_shrub":0.0,"share_industrial":0.0,"dominant_land_cover":40,"dominant_class":1,"dominant_label":"Agricultural burning","is_outbreak_front":false,"is_persistent_cluster":false,"cluster_id":484554}},{"type":"Feature","id":484555,"geometry":{"type":"Polygon","coordinates":[[[94.32093,26.02894],[94.32005,26.02957],[94.32362,26.02985],[94.32093,26.02894]]]},"properties":{"cluster_date":"2024-12-27","cluster_fire_count":3,"total_cluster_frp":18.85,"max_frp":9.71,"cluster_convex_hull_area_km2":0.0133,"centroid_lat":26.0295,"centroid_lon":94.3215,"mean_persistence_7d":0.0,"share_forest_shrub":1.0,"share_industrial":0.0,"dominant_land_cover":10,"dominant_class":0,"dominant_label":"Wildfire","is_outbreak_front":false,"is_persistent_cluster":false,"cluster_id":484555}},{"type":"Feature","id":484556,"geometry":{"type":"Polygon","coordinates":[[[84.15705,25.02084],[84.133,25.0251],[84.13217,25.02748],[84.15565,25.05139],[84.16547,25.04199],[84.15705,25.02084]]]},"properties":{"cluster_date":"2024-12-27","cluster_fire_count":9,"total_cluster_frp":58.6,"max_frp":11.15,"cluster_convex_hull_area_km2":5.8672,"centroid_lat":25.0329,"centroid_lon":84.1452,"mean_persistence_7d":0.3333,"share_forest_shrub":0.0,"share_industrial":0.0,"dominant_land_cover":40,"dominant_class":1,"dominant_label":"Agricultural burning","is_outbreak_front":false,"is_persistent_cluster":false,"cluster_id":484556}},{"type":"Feature","id":484557,"geometry":{"type":"Polygon","coordinates":[[[95.71616,28.215],[95.71407,28.21542],[95.72008,28.21575],[95.71616,28.215]]]},"properties":{"cluster_date":"2024-12-27","cluster_fire_count":3,"total_cluster_frp":20.07,"max_frp":8.89,"cluster_convex_hull_area_km2":0.0169,"centroid_lat":28.2154,"centroid_lon":95.7168,"mean_persistence_7d":0.0,"share_forest_shrub":1.0,"share_industrial":0.0,"dominant_land_cover":10,"dominant_class":0,"dominant_label":"Wildfire","is_outbreak_front":false,"is_persistent_cluster":false,"cluster_id":484557}},{"type":"Feature","id":484558,"geometry":{"type":"Polygon","coordinates":[[[92.56484,26.20047],[92.56786,26.20603],[92.56839,26.20076],[92.56484,26.20047]]]},"properties":{"cluster_date":"2024-12-27","cluster_fire_count":3,"total_cluster_frp":20.2,"max_frp":6.99,"cluster_convex_hull_area_km2":0.1006,"centroid_lat":26.2024,"centroid_lon":92.567,"mean_persistence_7d":0.0,"share_forest_shrub":0.0,"share_industrial":0.0,"dominant_land_cover":40,"dominant_class":1,"dominant_label":"Agricultural burning","is_outbreak_front":false,"is_persistent_cluster":false,"cluster_id":484558}},{"type":"Feature","id":484559,"geometry":{"type":"Polygon","coordinates":[[[84.50774,25.28562],[84.47204,25.29598],[84.48324,25.30101],[84.50578,25.28701],[84.50774,25.28562]]]},"properties":{"cluster_date":"2024-12-27","cluster_fire_count":5,"total_cluster_frp":15.76,"max_frp":3.98,"cluster_convex_hull_area_km2":1.6068,"centroid_lat":25.2932,"centroid_lon":84.4888,"mean_persistence_7d":1.2,"share_forest_shrub":0.0,"share_industrial":0.0,"dominant_land_cover":40,"dominant_class":1,"dominant_label":"Agricultural burning","is_outbreak_front":false,"is_persistent_cluster":false,"cluster_id":484559}},{"type":"Feature","id":484560,"geometry":{"type":"Polygon","coordinates":[[[84.27143,25.32146],[84.28842,25.33827],[84.28988,25.33714],[84.27644,25.32199],[84.27143,25.32146]]]},"properties":{"cluster_date":"2024-12-27","cluster_fire_count":4,"total_cluster_frp":14.55,"max_frp":4.08,"cluster_convex_hull_area_km2":0.6036,"centroid_lat":25.3297,"centroid_lon":84.2815,"mean_persistence_7d":1.5,"share_forest_shrub":0.0,"share_industrial":0.0,"dominant_land_cover":40,"dominant_class":1,"dominant_label":"Agricultural burning","is_outbreak_front":false,"is_persistent_cluster":false,"cluster_id":484560}},{"type":"Feature","id":484561,"geometry":{"type":"Polygon","coordinates":[[[84.48118,25.40379],[84.47768,25.40846],[84.48526,25.41348],[84.4822,25.40566],[84.48118,25.40379]]]},"properties":{"cluster_date":"2024-12-27","cluster_fire_count":6,"total_cluster_frp":36.19,"max_frp":7.35,"cluster_convex_hull_area_km2":0.2961,"centroid_lat":25.4081,"centroid_lon":84.4814,"mean_persistence_7d":3.5,"share_forest_shrub":0.0,"share_industrial":0.0,"dominant_land_cover":40,"dominant_class":1,"dominant_label":"Agricultural burning","is_outbreak_front":false,"is_persistent_cluster":false,"cluster_id":484561}},{"type":"Feature","id":484562,"geometry":{"type":"Polygon","coordinates":[[[84.35607,25.3911],[84.35549,25.39445],[84.35433,25.40116],[84.35999,25.39166],[84.35607,25.3911]]]},"properties":{"cluster_date":"2024-12-27","cluster_fire_count":4,"total_cluster_frp":13.07,"max_frp":3.56,"cluster_convex_hull_area_km2":0.2167,"centroid_lat":25.3946,"centroid_lon":84.3565,"mean_persistence_7d":3.75,"share_forest_shrub":0.0,"share_industrial":0.0,"dominant_land_cover":40,"dominant_class":4,"dominant_label":"Persistent thermal source","is_outbreak_front":false,"is_persistent_cluster":false,"cluster_id":484562}},{"type":"Feature","id":484563,"geometry":{"type":"Polygon","coordinates":[[[94.79793,26.57329],[94.79832,26.5794],[94.79935,26.57444],[94.79793,26.57329]]]},"properties":{"cluster_date":"2024-12-27","cluster_fire_count":3,"total_cluster_frp":24.03,"max_frp":10.53,"cluster_convex_hull_area_km2":0.0437,"centroid_lat":26.5757,"centroid_lon":94.7985,"mean_persistence_7d":1.3333,"share_forest_shrub":1.0,"share_industrial":0.0,"dominant_land_cover":10,"dominant_class":0,"dominant_label":"Wildfire","is_outbreak_front":false,"is_persistent_cluster":false,"cluster_id":484563}},{"type":"Feature","id":484564,"geometry":{"type":"Polygon","coordinates":[[[77.42097,24.53041],[77.42034,24.53047],[77.42002,24.53449],[77.42097,24.53041]]]},"properties":{"cluster_date":"2024-12-27","cluster_fire_count":3,"total_cluster_frp":8.36,"max_frp":3.13,"cluster_convex_hull_area_km2":0.0136,"centroid_lat":24.5318,"centroid_lon":77.4204,"mean_persistence_7d":0.0,"share_forest_shrub":1.0,"share_industrial":0.0,"dominant_land_cover":30,"dominant_class":1,"dominant_label":"Agricultural burning","is_outbreak_front":false,"is_persistent_cluster":false,"cluster_id":484564}},{"type":"Feature","id":484565,"geometry":{"type":"Polygon","coordinates":[[[94.32732,27.28392],[94.31889,27.28713],[94.31736,27.28913],[94.32732,27.28392]]]},"properties":{"cluster_date":"2024-12-27","cluster_fire_count":3,"total_cluster_frp":27.07,"max_frp":11.82,"cluster_convex_hull_area_km2":0.0632,"centroid_lat":27.2867,"centroid_lon":94.3212,"mean_persistence_7d":1.0,"share_forest_shrub":1.0,"share_industrial":0.0,"dominant_land_cover":10,"dominant_class":0,"dominant_label":"Wildfire","is_outbreak_front":false,"is_persistent_cluster":false,"cluster_id":484565}},{"type":"Feature","id":484566,"geometry":{"type":"Polygon","coordinates":[[[80.49831,16.1207],[80.48203,16.12858],[80.51465,16.13678],[80.49831,16.1207]]]},"properties":{"cluster_date":"2024-12-27","cluster_fire_count":3,"total_cluster_frp":11.57,"max_frp":7.14,"cluster_convex_hull_area_km2":2.2637,"centroid_lat":16.1287,"centroid_lon":80.4983,"mean_persistence_7d":0.3333,"share_forest_shrub":0.0,"share_industrial":0.0,"dominant_land_cover":40,"dominant_class":1,"dominant_label":"Agricultural burning","is_outbreak_front":false,"is_persistent_cluster":false,"cluster_id":484566}},{"type":"Feature","id":484567,"geometry":{"type":"Polygon","coordinates":[[[80.52605,16.28009],[80.5134,16.28854],[80.50392,16.30087],[80.50131,16.31763],[80.52605,16.28009]]]},"properties":{"cluster_date":"2024-12-27","cluster_fire_count":7,"total_cluster_frp":49.62,"max_frp":13.7,"cluster_convex_hull_area_km2":2.2719,"centroid_lat":16.2944,"centroid_lon":80.513,"mean_persistence_7d":0.1429,"share_forest_shrub":0.0,"share_industrial":0.0,"dominant_land_cover":40,"dominant_class":1,"dominant_label":"Agricultural burning","is_outbreak_front":false,"is_persistent_cluster":false,"cluster_id":484567}},{"type":"Feature","id":484568,"geometry":{"type":"Polygon","coordinates":[[[79.53893,18.71842],[79.53689,18.7196],[79.53754,18.72309],[79.5395,18.72208],[79.53893,18.71842]]]},"properties":{"cluster_date":"2024-12-27","cluster_fire_count":5,"total_cluster_frp":8.01,"max_frp":3.51,"cluster_convex_hull_area_km2":0.0885,"centroid_lat":18.7208,"centroid_lon":79.5381,"mean_persistence_7d":3.0,"share_forest_shrub":1.0,"share_industrial":0.0,"dominant_land_cover":10,"dominant_class":4,"dominant_label":"Persistent thermal source","is_outbreak_front":false,"is_persistent_cluster":false,"cluster_id":484568}},{"type":"Feature","id":484569,"geometry":{"type":"Polygon","coordinates":[[[73.02488,18.66766],[73.03058,18.68646],[73.04101,18.69264],[73.04158,18.68184],[73.02488,18.66766]]]},"properties":{"cluster_date":"2024-12-27","cluster_fire_count":4,"total_cluster_frp":14.82,"max_frp":5.18,"cluster_convex_hull_area_km2":1.9773,"centroid_lat":18.6822,"centroid_lon":73.0345,"mean_persistence_7d":4.0,"share_forest_shrub":0.0,"share_industrial":1.0,"dominant_land_cover":50,"dominant_class":4,"dominant_label":"Persistent thermal source","is_outbreak_front":false,"is_persistent_cluster":true,"cluster_id":484569}},{"type":"Feature","id":484570,"geometry":{"type":"Polygon","coordinates":[[[82.84477,21.1895],[82.84791,21.20582],[82.85754,21.22743],[82.84477,21.1895]]]},"properties":{"cluster_date":"2024-12-27","cluster_fire_count":3,"total_cluster_frp":11.74,"max_frp":4.78,"cluster_convex_hull_area_km2":0.4945,"centroid_lat":21.2076,"centroid_lon":82.8501,"mean_persistence_7d":0.0,"share_forest_shrub":1.0,"share_industrial":0.0,"dominant_land_cover":10,"dominant_class":0,"dominant_label":"Wildfire","is_outbreak_front":false,"is_persistent_cluster":false,"cluster_id":484570}},{"type":"Feature","id":484571,"geometry":{"type":"Polygon","coordinates":[[[83.59932,21.3186],[83.59932,21.31968],[83.60327,21.32017],[83.59932,21.3186]]]},"properties":{"cluster_date":"2024-12-27","cluster_fire_count":3,"total_cluster_frp":23.81,"max_frp":9.43,"cluster_convex_hull_area_km2":0.0236,"centroid_lat":21.3195,"centroid_lon":83.6006,"mean_persistence_7d":0.0,"share_forest_shrub":1.0,"share_industrial":0.0,"dominant_land_cover":30,"dominant_class":1,"dominant_label":"Agricultural burning","is_outbreak_front":false,"is_persistent_cluster":false,"cluster_id":484571}},{"type":"Feature","id":484572,"geometry":{"type":"Polygon","coordinates":[[[87.4676,21.75986],[87.44621,21.77141],[87.4423,21.77502],[87.4676,21.75986]]]},"properties":{"cluster_date":"2024-12-27","cluster_fire_count":3,"total_cluster_frp":10.42,"max_frp":5.06,"cluster_convex_hull_area_km2":0.1768,"centroid_lat":21.7688,"centroid_lon":87.452,"mean_persistence_7d":0.0,"share_forest_shrub":1.0,"share_industrial":0.0,"dominant_land_cover":30,"dominant_class":1,"dominant_label":"Agricultural burning","is_outbreak_front":false,"is_persistent_cluster":false,"cluster_id":484572}},{"type":"Feature","id":484573,"geometry":{"type":"Polygon","coordinates":[[[87.37564,21.93523],[87.37393,21.93946],[87.37509,21.94053],[87.37564,21.93523]]]},"properties":{"cluster_date":"2024-12-27","cluster_fire_count":3,"total_cluster_frp":6.08,"max_frp":3.15,"cluster_convex_hull_area_km2":0.0371,"centroid_lat":21.9384,"centroid_lon":87.3749,"mean_persistence_7d":0.0,"share_forest_shrub":1.0,"share_industrial":0.0,"dominant_land_cover":30,"dominant_class":1,"dominant_label":"Agricultural burning","is_outbreak_front":false,"is_persistent_cluster":false,"cluster_id":484573}},{"type":"Feature","id":484574,"geometry":{"type":"Polygon","coordinates":[[[87.52438,21.95535],[87.52291,21.95857],[87.52652,21.95891],[87.52438,21.95535]]]},"properties":{"cluster_date":"2024-12-27","cluster_fire_count":3,"total_cluster_frp":12.56,"max_frp":6.2,"cluster_convex_hull_area_km2":0.0667,"centroid_lat":21.9576,"centroid_lon":87.5246,"mean_persistence_7d":0.0,"share_forest_shrub":1.0,"share_industrial":0.0,"dominant_land_cover":30,"dominant_class":1,"dominant_label":"Agricultural burning","is_outbreak_front":false,"is_persistent_cluster":false,"cluster_id":484574}},{"type":"Feature","id":484575,"geometry":{"type":"Polygon","coordinates":[[[88.12637,22.05223],[88.11964,22.05432],[88.12488,22.05887],[88.1279,22.05435],[88.12637,22.05223]]]},"properties":{"cluster_date":"2024-12-27","cluster_fire_count":6,"total_cluster_frp":12.35,"max_frp":2.55,"cluster_convex_hull_area_km2":0.3019,"centroid_lat":22.0547,"centroid_lon":88.1242,"mean_persistence_7d":4.0,"share_forest_shrub":0.0,"share_industrial":1.0,"dominant_land_cover":50,"dominant_class":3,"dominant_label":"Gas flare","is_outbreak_front":false,"is_persistent_cluster":true,"cluster_id":484575}},{"type":"Feature","id":484576,"geometry":{"type":"Polygon","coordinates":[[[76.10963,20.95006],[76.11616,20.95811],[76.11678,20.95472],[76.10963,20.95006]]]},"properties":{"cluster_date":"2024-12-27","cluster_fire_count":4,"total_cluster_frp":20.3,"max_frp":8.38,"cluster_convex_hull_area_km2":0.1506,"centroid_lat":20.9542,"centroid_lon":76.1139,"mean_persistence_7d":0.0,"share_forest_shrub":1.0,"share_industrial":0.0,"dominant_land_cover":30,"dominant_class":1,"dominant_label":"Agricultural burning","is_outbreak_front":false,"is_persistent_cluster":false,"cluster_id":484576}},{"type":"Feature","id":484577,"geometry":{"type":"Polygon","coordinates":[[[72.64458,21.10171],[72.63582,21.1025],[72.63141,21.1029],[72.63612,21.11037],[72.64667,21.10905],[72.6459,21.10365],[72.64458,21.10171]]]},"properties":{"cluster_date":"2024-12-27","cluster_fire_count":12,"total_cluster_frp":27.53,"max_frp":3.31,"cluster_convex_hull_area_km2":1.0524,"centroid_lat":21.106,"centroid_lon":72.6415,"mean_persistence_7d":7.0,"share_forest_shrub":0.0,"share_industrial":1.0,"dominant_land_cover":50,"dominant_class":3,"dominant_label":"Gas flare","is_outbreak_front":false,"is_persistent_cluster":true,"cluster_id":484577}},{"type":"Feature","id":484578,"geometry":{"type":"Polygon","coordinates":[[[76.09425,23.37228],[76.08979,23.37499],[76.09362,23.37561],[76.09425,23.37228]]]},"properties":{"cluster_date":"2024-12-27","cluster_fire_count":3,"total_cluster_frp":10.61,"max_frp":4.89,"cluster_convex_hull_area_km2":0.0716,"centroid_lat":23.3743,"centroid_lon":76.0926,"mean_persistence_7d":0.0,"share_forest_shrub":1.0,"share_industrial":0.0,"dominant_land_cover":10,"dominant_class":0,"dominant_label":"Wildfire","is_outbreak_front":false,"is_persistent_cluster":false,"cluster_id":484578}},{"type":"Feature","id":484579,"geometry":{"type":"Polygon","coordinates":[[[80.50593,27.61822],[80.52812,27.63981],[80.50846,27.62061],[80.50593,27.61822]]]},"properties":{"cluster_date":"2024-12-27","cluster_fire_count":3,"total_cluster_frp":12.64,"max_frp":4.38,"cluster_convex_hull_area_km2":0.0085,"centroid_lat":27.6262,"centroid_lon":80.5142,"mean_persistence_7d":0.0,"share_forest_shrub":0.0,"share_industrial":0.0,"dominant_land_cover":40,"dominant_class":1,"dominant_label":"Agricultural burning","is_outbreak_front":false,"is_persistent_cluster":false,"cluster_id":484579}},{"type":"Feature","id":484580,"geometry":{"type":"Polygon","coordinates":[[[80.60554,28.27201],[80.61013,28.27641],[80.60715,28.27251],[80.60554,28.27201]]]},"properties":{"cluster_date":"2024-12-27","cluster_fire_count":3,"total_cluster_frp":11.0,"max_frp":4.93,"cluster_convex_hull_area_km2":0.0252,"centroid_lat":28.2736,"centroid_lon":80.6076,"mean_persistence_7d":0.0,"share_forest_shrub":0.0,"share_industrial":0.0,"dominant_land_cover":40,"dominant_class":1,"dominant_label":"Agricultural burning","is_outbreak_front":false,"is_persistent_cluster":false,"cluster_id":484580}},{"type":"Feature","id":484581,"geometry":{"type":"Polygon","coordinates":[[[70.69373,20.8359],[70.69274,20.8452],[70.6946,20.84496],[70.69373,20.8359]]]},"properties":{"cluster_date":"2024-12-27","cluster_fire_count":3,"total_cluster_frp":14.7,"max_frp":6.71,"cluster_convex_hull_area_km2":0.0948,"centroid_lat":20.842,"centroid_lon":70.6937,"mean_persistence_7d":1.6667,"share_forest_shrub":1.0,"share_industrial":0.0,"dominant_land_cover":30,"dominant_class":1,"dominant_label":"Agricultural burning","is_outbreak_front":false,"is_persistent_cluster":false,"cluster_id":484581}},{"type":"Feature","id":484582,"geometry":{"type":"Polygon","coordinates":[[[95.28198,28.10456],[95.2804,28.10785],[95.2825,28.1118],[95.28722,28.1072],[95.28198,28.10456]]]},"properties":{"cluster_date":"2024-12-27","cluster_fire_count":5,"total_cluster_frp":10.28,"max_frp":3.33,"cluster_convex_hull_area_km2":0.2616,"centroid_lat":28.1078,"centroid_lon":95.2831,"mean_persistence_7d":0.0,"share_forest_shrub":1.0,"share_industrial":0.0,"dominant_land_cover":10,"dominant_class":0,"dominant_label":"Wildfire","is_outbreak_front":true,"is_persistent_cluster":false,"cluster_id":484582}},{"type":"Feature","id":484583,"geometry":{"type":"Polygon","coordinates":[[[95.26524,27.31605],[95.26453,27.31991],[95.26577,27.31738],[95.26524,27.31605]]]},"properties":{"cluster_date":"2024-12-27","cluster_fire_count":4,"total_cluster_frp":3.8,"max_frp":1.07,"cluster_convex_hull_area_km2":0.0158,"centroid_lat":27.3177,"centroid_lon":95.2652,"mean_persistence_7d":6.0,"share_forest_shrub":0.0,"share_industrial":1.0,"dominant_land_cover":50,"dominant_class":4,"dominant_label":"Persistent thermal source","is_outbreak_front":false,"is_persistent_cluster":true,"cluster_id":484583}},{"type":"Feature","id":484584,"geometry":{"type":"Polygon","coordinates":[[[95.42165,27.46726],[95.41864,27.46905],[95.42168,27.46799],[95.42165,27.46726]]]},"properties":{"cluster_date":"2024-12-27","cluster_fire_count":3,"total_cluster_frp":2.46,"max_frp":1.0,"cluster_convex_hull_area_km2":0.0119,"centroid_lat":27.4681,"centroid_lon":95.4207,"mean_persistence_7d":5.0,"share_forest_shrub":0.0,"share_industrial":1.0,"dominant_land_cover":50,"dominant_class":4,"dominant_label":"Persistent thermal source","is_outbreak_front":false,"is_persistent_cluster":true,"cluster_id":484584}},{"type":"Feature","id":484585,"geometry":{"type":"Polygon","coordinates":[[[95.40231,27.60326],[95.39947,27.60467],[95.39948,27.60654],[95.40231,27.60326]]]},"properties":{"cluster_date":"2024-12-27","cluster_fire_count":3,"total_cluster_frp":2.56,"max_frp":1.37,"cluster_convex_hull_area_km2":0.0281,"centroid_lat":27.6048,"centroid_lon":95.4004,"mean_persistence_7d":7.0,"share_forest_shrub":1.0,"share_industrial":0.0,"dominant_land_cover":10,"dominant_class":4,"dominant_label":"Persistent thermal source","is_outbreak_front":false,"is_persistent_cluster":false,"cluster_id":484585}},{"type":"Feature","id":484586,"geometry":{"type":"Polygon","coordinates":[[[83.19852,26.75865],[83.19913,26.76204],[83.20728,26.76087],[83.19852,26.75865]]]},"properties":{"cluster_date":"2024-12-27","cluster_fire_count":4,"total_cluster_frp":5.61,"max_frp":2.82,"cluster_convex_hull_area_km2":0.1505,"centroid_lat":26.7604,"centroid_lon":83.201,"mean_persistence_7d":6.0,"share_forest_shrub":0.0,"share_industrial":0.0,"dominant_land_cover":40,"dominant_class":4,"dominant_label":"Persistent thermal source","is_outbreak_front":false,"is_persistent_cluster":false,"cluster_id":484586}},{"type":"Feature","id":484587,"geometry":{"type":"Polygon","coordinates":[[[86.05775,22.8568],[86.06113,22.87381],[86.06296,22.87474],[86.05775,22.8568]]]},"properties":{"cluster_date":"2024-12-27","cluster_fire_count":4,"total_cluster_frp":3.74,"max_frp":1.31,"cluster_convex_hull_area_km2":0.1529,"centroid_lat":22.8698,"centroid_lon":86.0609,"mean_persistence_7d":4.0,"share_forest_shrub":1.0,"share_industrial":0.0,"dominant_land_cover":10,"dominant_class":4,"dominant_label":"Persistent thermal source","is_outbreak_front":false,"is_persistent_cluster":false,"cluster_id":484587}},{"type":"Feature","id":484588,"geometry":{"type":"Polygon","coordinates":[[[86.09144,22.79825],[86.08972,22.79884],[86.09087,22.80355],[86.09211,22.80166],[86.09144,22.79825]]]},"properties":{"cluster_date":"2024-12-27","cluster_fire_count":4,"total_cluster_frp":4.18,"max_frp":1.48,"cluster_convex_hull_area_km2":0.0781,"centroid_lat":22.8006,"centroid_lon":86.091,"mean_persistence_7d":4.0,"share_forest_shrub":1.0,"share_industrial":0.0,"dominant_land_cover":10,"dominant_class":4,"dominant_label":"Persistent thermal source","is_outbreak_front":false,"is_persistent_cluster":false,"cluster_id":484588}},{"type":"Feature","id":484589,"geometry":{"type":"Polygon","coordinates":[[[85.89768,22.57166],[85.89732,22.57489],[85.90255,22.58981],[85.90469,22.59167],[85.90402,22.58827],[85.89768,22.57166]]]},"properties":{"cluster_date":"2024-12-27","cluster_fire_count":5,"total_cluster_frp":7.32,"max_frp":2.33,"cluster_convex_hull_area_km2":0.3422,"centroid_lat":22.5833,"centroid_lon":85.9013,"mean_persistence_7d":4.0,"share_forest_shrub":1.0,"share_industrial":0.0,"dominant_land_cover":30,"dominant_class":4,"dominant_label":"Persistent thermal source","is_outbreak_front":false,"is_persistent_cluster":false,"cluster_id":484589}},{"type":"Feature","id":484590,"geometry":{"type":"Polygon","coordinates":[[[87.01867,22.36127],[87.01566,22.36445],[87.01507,22.36558],[87.01687,22.36949],[87.01939,22.36482],[87.01867,22.36127]]]},"properties":{"cluster_date":"2024-12-27","cluster_fire_count":5,"total_cluster_frp":7.69,"max_frp":1.64,"cluster_convex_hull_area_km2":0.1957,"centroid_lat":22.3651,"centroid_lon":87.0171,"mean_persistence_7d":5.0,"share_forest_shrub":1.0,"share_industrial":0.0,"dominant_land_cover":30,"dominant_class":4,"dominant_label":"Persistent thermal source","is_outbreak_front":false,"is_persistent_cluster":false,"cluster_id":484590}},{"type":"Feature","id":484591,"geometry":{"type":"Polygon","coordinates":[[[85.31556,21.96853],[85.31462,21.97077],[85.3251,21.99254],[85.32772,21.99076],[85.31556,21.96853]]]},"properties":{"cluster_date":"2024-12-27","cluster_fire_count":4,"total_cluster_frp":2.39,"max_frp":0.91,"cluster_convex_hull_area_km2":0.6815,"centroid_lat":21.9807,"centroid_lon":85.3208,"mean_persistence_7d":3.5,"share_forest_shrub":1.0,"share_industrial":0.0,"dominant_land_cover":30,"dominant_class":4,"dominant_label":"Persistent thermal source","is_outbreak_front":false,"is_persistent_cluster":false,"cluster_id":484591}},{"type":"Feature","id":484592,"geometry":{"type":"Polygon","coordinates":[[[85.22242,21.93099],[85.21858,21.93163],[85.21803,21.93348],[85.2232,21.93243],[85.22242,21.93099]]]},"properties":{"cluster_date":"2024-12-27","cluster_fire_count":4,"total_cluster_frp":4.6,"max_frp":1.35,"cluster_convex_hull_area_km2":0.0827,"centroid_lat":21.9321,"centroid_lon":85.2206,"mean_persistence_7d":3.0,"share_forest_shrub":1.0,"share_industrial":0.0,"dominant_land_cover":30,"dominant_class":4,"dominant_label":"Persistent thermal source","is_outbreak_front":false,"is_persistent_cluster":false,"cluster_id":484592}},{"type":"Feature","id":484593,"geometry":{"type":"Polygon","coordinates":[[[82.59682,22.32038],[82.59469,22.32257],[82.6062,22.32931],[82.59682,22.32038]]]},"properties":{"cluster_date":"2024-12-27","cluster_fire_count":3,"total_cluster_frp":4.06,"max_frp":1.98,"cluster_convex_hull_area_km2":0.2172,"centroid_lat":22.3241,"centroid_lon":82.5992,"mean_persistence_7d":2.0,"share_forest_shrub":0.0,"share_industrial":1.0,"dominant_land_cover":50,"dominant_class":4,"dominant_label":"Persistent thermal source","is_outbreak_front":false,"is_persistent_cluster":false,"cluster_id":484593}},{"type":"Feature","id":484594,"geometry":{"type":"Polygon","coordinates":[[[83.52459,22.10415],[83.52224,22.10808],[83.55296,22.11336],[83.52459,22.10415]]]},"properties":{"cluster_date":"2024-12-27","cluster_fire_count":5,"total_cluster_frp":6.97,"max_frp":2.16,"cluster_convex_hull_area_km2":0.7321,"centroid_lat":22.1081,"centroid_lon":83.5302,"mean_persistence_7d":4.8,"share_forest_shrub":1.0,"share_industrial":0.0,"dominant_land_cover":30,"dominant_class":4,"dominant_label":"Persistent thermal source","is_outbreak_front":false,"is_persistent_cluster":false,"cluster_id":484594}},{"type":"Feature","id":484595,"geometry":{"type":"Polygon","coordinates":[[[83.11821,22.1024],[83.11769,22.10611],[83.1188,22.10572],[83.11821,22.1024]]]},"properties":{"cluster_date":"2024-12-27","cluster_fire_count":3,"total_cluster_frp":3.29,"max_frp":1.55,"cluster_convex_hull_area_km2":0.0215,"centroid_lat":22.1047,"centroid_lon":83.1182,"mean_persistence_7d":6.0,"share_forest_shrub":1.0,"share_industrial":0.0,"dominant_land_cover":10,"dominant_class":4,"dominant_label":"Persistent thermal source","is_outbreak_front":false,"is_persistent_cluster":false,"cluster_id":484595}},{"type":"Feature","id":484596,"geometry":{"type":"Polygon","coordinates":[[[83.37988,22.0214],[83.37723,22.02257],[83.34877,22.04075],[83.35263,22.04],[83.36346,22.03369],[83.37988,22.0214]]]},"properties":{"cluster_date":"2024-12-27","cluster_fire_count":7,"total_cluster_frp":7.34,"max_frp":1.49,"cluster_convex_hull_area_km2":0.5265,"centroid_lat":22.0326,"centroid_lon":83.3629,"mean_persistence_7d":5.7143,"share_forest_shrub":0.0,"share_industrial":1.0,"dominant_land_cover":50,"dominant_class":4,"dominant_label":"Persistent thermal source","is_outbreak_front":false,"is_persistent_cluster":true,"cluster_id":484596}},{"type":"Feature","id":484597,"geometry":{"type":"Polygon","coordinates":[[[83.98743,21.73008],[83.98064,21.73456],[83.98604,21.73233],[83.98743,21.73008]]]},"properties":{"cluster_date":"2024-12-27","cluster_fire_count":3,"total_cluster_frp":2.6,"max_frp":1.09,"cluster_convex_hull_area_km2":0.0499,"centroid_lat":21.7323,"centroid_lon":83.9847,"mean_persistence_7d":3.0,"share_forest_shrub":0.0,"share_industrial":1.0,"dominant_land_cover":50,"dominant_class":4,"dominant_label":"Persistent thermal source","is_outbreak_front":false,"is_persistent_cluster":true,"cluster_id":484597}},{"type":"Feature","id":484598,"geometry":{"type":"Polygon","coordinates":[[[72.58691,22.9865],[72.58556,22.98695],[72.58783,22.98967],[72.58691,22.9865]]]},"properties":{"cluster_date":"2024-12-27","cluster_fire_count":3,"total_cluster_frp":1.33,"max_frp":0.61,"cluster_convex_hull_area_km2":0.0256,"centroid_lat":22.9877,"centroid_lon":72.5868,"mean_persistence_7d":1.0,"share_forest_shrub":1.0,"share_industrial":0.0,"dominant_land_cover":30,"dominant_class":4,"dominant_label":"Persistent thermal source","is_outbreak_front":false,"is_persistent_cluster":false,"cluster_id":484598}},{"type":"Feature","id":484599,"geometry":{"type":"Polygon","coordinates":[[[86.85849,24.11513],[86.85669,24.12039],[86.85861,24.12308],[86.8592,24.11858],[86.85849,24.11513]]]},"properties":{"cluster_date":"2024-12-27","cluster_fire_count":4,"total_cluster_frp":4.63,"max_frp":1.55,"cluster_convex_hull_area_km2":0.1092,"centroid_lat":24.1193,"centroid_lon":86.8582,"mean_persistence_7d":7.0,"share_forest_shrub":1.0,"share_industrial":0.0,"dominant_land_cover":30,"dominant_class":4,"dominant_label":"Persistent thermal source","is_outbreak_front":false,"is_persistent_cluster":false,"cluster_id":484599}},{"type":"Feature","id":484600,"geometry":{"type":"Polygon","coordinates":[[[87.12316,23.68842],[87.10112,23.68871],[87.09687,23.68947],[87.09772,23.69321],[87.10207,23.69745],[87.10516,23.69678],[87.11445,23.69476],[87.12064,23.69341],[87.12372,23.69273],[87.12387,23.69193],[87.12316,23.68842]]]},"properties":{"cluster_date":"2024-12-27","cluster_fire_count":16,"total_cluster_frp":22.95,"max_frp":2.22,"cluster_convex_hull_area_km2":1.8504,"centroid_lat":23.6928,"centroid_lon":87.1114,"mean_persistence_7d":7.0,"share_forest_shrub":0.0,"share_industrial":1.0,"dominant_land_cover":50,"dominant_class":4,"dominant_label":"Persistent thermal source","is_outbreak_front":false,"is_persistent_cluster":true,"cluster_id":484600}},{"type":"Feature","id":484601,"geometry":{"type":"Polygon","coordinates":[[[87.15971,23.66377],[87.15545,23.66452],[87.15582,23.66488],[87.15971,23.66377]]]},"properties":{"cluster_date":"2024-12-27","cluster_fire_count":3,"total_cluster_frp":3.13,"max_frp":1.53,"cluster_convex_hull_area_km2":0.0098,"centroid_lat":23.6644,"centroid_lon":87.157,"mean_persistence_7d":5.0,"share_forest_shrub":0.0,"share_industrial":1.0,"dominant_land_cover":50,"dominant_class":4,"dominant_label":"Persistent thermal source","is_outbreak_front":false,"is_persistent_cluster":true,"cluster_id":484601}},{"type":"Feature","id":484602,"geometry":{"type":"Polygon","coordinates":[[[86.91389,23.66323],[86.91904,23.66884],[86.92037,23.6702],[86.92295,23.66525],[86.91389,23.66323]]]},"properties":{"cluster_date":"2024-12-27","cluster_fire_count":4,"total_cluster_frp":6.84,"max_frp":3.26,"cluster_convex_hull_area_km2":0.2744,"centroid_lat":23.6669,"centroid_lon":86.9191,"mean_persistence_7d":7.0,"share_forest_shrub":1.0,"share_industrial":0.0,"dominant_land_cover":30,"dominant_class":4,"dominant_label":"Persistent thermal source","is_outbreak_front":false,"is_persistent_cluster":false,"cluster_id":484602}},{"type":"Feature","id":484603,"geometry":{"type":"Polygon","coordinates":[[[86.01295,23.76889],[85.99306,23.77838],[85.99457,23.77899],[86.01295,23.76889]]]},"properties":{"cluster_date":"2024-12-27","cluster_fire_count":3,"total_cluster_frp":2.4,"max_frp":1.03,"cluster_convex_hull_area_km2":0.1436,"centroid_lat":23.7754,"centroid_lon":86.0002,"mean_persistence_7d":3.6667,"share_forest_shrub":0.0,"share_industrial":1.0,"dominant_land_cover":50,"dominant_class":4,"dominant_label":"Persistent thermal source","is_outbreak_front":false,"is_persistent_cluster":true,"cluster_id":484603}},{"type":"Feature","id":484604,"geometry":{"type":"Polygon","coordinates":[[[86.78844,23.61238],[86.78523,23.61592],[86.79074,23.61713],[86.79196,23.61444],[86.78844,23.61238]]]},"properties":{"cluster_date":"2024-12-27","cluster_fire_count":5,"total_cluster_frp":8.86,"max_frp":3.23,"cluster_convex_hull_area_km2":0.1922,"centroid_lat":23.6151,"centroid_lon":86.7891,"mean_persistence_7d":6.0,"share_forest_shrub":1.0,"share_industrial":0.0,"dominant_land_cover":30,"dominant_class":4,"dominant_label":"Persistent thermal source","is_outbreak_front":false,"is_persistent_cluster":false,"cluster_id":484604}},{"type":"Feature","id":484605,"geometry":{"type":"Polygon","coordinates":[[[85.49448,23.81991],[85.49885,23.82794],[85.49962,23.82595],[85.49897,23.82261],[85.49448,23.81991]]]},"properties":{"cluster_date":"2024-12-27","cluster_fire_count":5,"total_cluster_frp":7.48,"max_frp":1.9,"cluster_convex_hull_area_km2":0.1526,"centroid_lat":23.824,"centroid_lon":85.4979,"mean_persistence_7d":6.0,"share_forest_shrub":1.0,"share_industrial":0.0,"dominant_land_cover":10,"dominant_class":4,"dominant_label":"Persistent thermal source","is_outbreak_front":false,"is_persistent_cluster":false,"cluster_id":484605}},{"type":"Feature","id":484606,"geometry":{"type":"Polygon","coordinates":[[[87.27695,23.50915],[87.27038,23.5196],[87.27407,23.51698],[87.27768,23.51269],[87.27695,23.50915]]]},"properties":{"cluster_date":"2024-12-27","cluster_fire_count":4,"total_cluster_frp":2.98,"max_frp":0.89,"cluster_convex_hull_area_km2":0.2026,"centroid_lat":23.5146,"centroid_lon":87.2748,"mean_persistence_7d":3.25,"share_forest_shrub":0.0,"share_industrial":1.0,"dominant_land_cover":50,"dominant_class":4,"dominant_label":"Persistent thermal source","is_outbreak_front":false,"is_persistent_cluster":true,"cluster_id":484606}},{"type":"Feature","id":484607,"geometry":{"type":"Polygon","coordinates":[[[82.70741,24.20522],[82.70486,24.20847],[82.71197,24.20804],[82.70741,24.20522]]]},"properties":{"cluster_date":"2024-12-27","cluster_fire_count":5,"total_cluster_frp":6.06,"max_frp":1.66,"cluster_convex_hull_area_km2":0.1191,"centroid_lat":24.2075,"centroid_lon":82.7083,"mean_persistence_7d":5.0,"share_forest_shrub":0.0,"share_industrial":1.0,"dominant_land_cover":50,"dominant_class":4,"dominant_label":"Persistent thermal source","is_outbreak_front":false,"is_persistent_cluster":true,"cluster_id":484607}},{"type":"Feature","id":484608,"geometry":{"type":"Polygon","coordinates":[[[84.93114,23.82681],[84.93167,23.82964],[84.94866,23.83713],[84.93544,23.82903],[84.93114,23.82681]]]},"properties":{"cluster_date":"2024-12-27","cluster_fire_count":5,"total_cluster_frp":4.63,"max_frp":1.48,"cluster_convex_hull_area_km2":0.269,"centroid_lat":23.8303,"centroid_lon":84.9364,"mean_persistence_7d":5.8,"share_forest_shrub":1.0,"share_industrial":0.0,"dominant_land_cover":10,"dominant_class":4,"dominant_label":"Persistent thermal source","is_outbreak_front":false,"is_persistent_cluster":false,"cluster_id":484608}},{"type":"Feature","id":484609,"geometry":{"type":"Polygon","coordinates":[[[82.67117,24.15782],[82.67052,24.17931],[82.6711,24.1827],[82.67303,24.15965],[82.67117,24.15782]]]},"properties":{"cluster_date":"2024-12-27","cluster_fire_count":4,"total_cluster_frp":5.31,"max_frp":2.68,"cluster_convex_hull_area_km2":0.3305,"centroid_lat":24.1699,"centroid_lon":82.6715,"mean_persistence_7d":4.0,"share_forest_shrub":0.0,"share_industrial":1.0,"dominant_land_cover":50,"dominant_class":4,"dominant_label":"Persistent thermal source","is_outbreak_front":false,"is_persistent_cluster":true,"cluster_id":484609}},{"type":"Feature","id":484610,"geometry":{"type":"Polygon","coordinates":[[[85.29308,23.69611],[85.28927,23.69674],[85.2884,23.69702],[85.29071,23.69773],[85.29308,23.69611]]]},"properties":{"cluster_date":"2024-12-27","cluster_fire_count":4,"total_cluster_frp":5.3,"max_frp":1.93,"cluster_convex_hull_area_km2":0.0323,"centroid_lat":23.6969,"centroid_lon":85.2904,"mean_persistence_7d":6.0,"share_forest_shrub":0.0,"share_industrial":1.0,"dominant_land_cover":50,"dominant_class":4,"dominant_label":"Persistent thermal source","is_outbreak_front":false,"is_persistent_cluster":true,"cluster_id":484610}},{"type":"Feature","id":484611,"geometry":{"type":"Polygon","coordinates":[[[85.00785,23.71878],[85.00696,23.72291],[85.00643,23.74115],[85.01106,23.74022],[85.01165,23.73867],[85.00785,23.71878]]]},"properties":{"cluster_date":"2024-12-27","cluster_fire_count":6,"total_cluster_frp":6.62,"max_frp":1.67,"cluster_convex_hull_area_km2":0.727,"centroid_lat":23.7335,"centroid_lon":85.0086,"mean_persistence_7d":6.1667,"share_forest_shrub":1.0,"share_industrial":0.0,"dominant_land_cover":10,"dominant_class":4,"dominant_label":"Persistent thermal source","is_outbreak_front":false,"is_persistent_cluster":false,"cluster_id":484611}},{"type":"Feature","id":484612,"geometry":{"type":"Polygon","coordinates":[[[73.11047,22.36399],[73.11495,22.36685],[73.1214,22.36862],[73.11047,22.36399]]]},"properties":{"cluster_date":"2024-12-27","cluster_fire_count":3,"total_cluster_frp":4.99,"max_frp":2.19,"cluster_convex_hull_area_km2":0.0577,"centroid_lat":22.3665,"centroid_lon":73.1156,"mean_persistence_7d":5.0,"share_forest_shrub":0.0,"share_industrial":1.0,"dominant_land_cover":50,"dominant_class":3,"dominant_label":"Gas flare","is_outbreak_front":false,"is_persistent_cluster":true,"cluster_id":484612}},{"type":"Feature","id":484613,"geometry":{"type":"Polygon","coordinates":[[[81.3876,21.18013],[81.37952,21.18129],[81.38742,21.2384],[81.38959,21.22082],[81.39283,21.18975],[81.39275,21.18646],[81.3876,21.18013]]]},"properties":{"cluster_date":"2024-12-27","cluster_fire_count":11,"total_cluster_frp":21.38,"max_frp":5.96,"cluster_convex_hull_area_km2":4.4541,"centroid_lat":21.1974,"centroid_lon":81.3886,"mean_persistence_7d":5.1818,"share_forest_shrub":0.0,"share_industrial":1.0,"dominant_land_cover":50,"dominant_class":4,"dominant_label":"Persistent thermal source","is_outbreak_front":false,"is_persistent_cluster":true,"cluster_id":484613}},{"type":"Feature","id":484614,"geometry":{"type":"Polygon","coordinates":[[[82.1726,19.0873],[82.16946,19.09119],[82.16374,19.10233],[82.16663,19.10354],[82.16744,19.10176],[82.1726,19.0873]]]},"properties":{"cluster_date":"2024-12-27","cluster_fire_count":7,"total_cluster_frp":6.76,"max_frp":1.35,"cluster_convex_hull_area_km2":0.3915,"centroid_lat":19.0977,"centroid_lon":82.1675,"mean_persistence_7d":3.2857,"share_forest_shrub":1.0,"share_industrial":0.0,"dominant_land_cover":10,"dominant_class":4,"dominant_label":"Persistent thermal source","is_outbreak_front":false,"is_persistent_cluster":false,"cluster_id":484614}},{"type":"Feature","id":484615,"geometry":{"type":"Polygon","coordinates":[[[83.20132,17.60624],[83.20223,17.61058],[83.20349,17.60991],[83.20292,17.60659],[83.20132,17.60624]]]},"properties":{"cluster_date":"2024-12-27","cluster_fire_count":4,"total_cluster_frp":6.58,"max_frp":1.99,"cluster_convex_hull_area_km2":0.064,"centroid_lat":17.6083,"centroid_lon":83.2025,"mean_persistence_7d":3.0,"share_forest_shrub":0.0,"share_industrial":1.0,"dominant_land_cover":50,"dominant_class":3,"dominant_label":"Gas flare","is_outbreak_front":false,"is_persistent_cluster":true,"cluster_id":484615}},{"type":"Feature","id":484616,"geometry":{"type":"Polygon","coordinates":[[[76.66536,18.32592],[76.66593,18.33026],[76.6664,18.32867],[76.66536,18.32592]]]},"properties":{"cluster_date":"2024-12-27","cluster_fire_count":3,"total_cluster_frp":3.99,"max_frp":2.53,"cluster_convex_hull_area_km2":0.0167,"centroid_lat":18.3283,"centroid_lon":76.6659,"mean_persistence_7d":0.0,"share_forest_shrub":1.0,"share_industrial":0.0,"dominant_land_cover":30,"dominant_class":1,"dominant_label":"Agricultural burning","is_outbreak_front":false,"is_persistent_cluster":false,"cluster_id":484616}},{"type":"Feature","id":484617,"geometry":{"type":"Polygon","coordinates":[[[78.22186,17.14631],[78.22279,17.14803],[78.22449,17.14697],[78.22186,17.14631]]]},"properties":{"cluster_date":"2024-12-27","cluster_fire_count":3,"total_cluster_frp":3.14,"max_frp":1.38,"cluster_convex_hull_area_km2":0.0224,"centroid_lat":17.1471,"centroid_lon":78.223,"mean_persistence_7d":1.0,"share_forest_shrub":1.0,"share_industrial":0.0,"dominant_land_cover":30,"dominant_class":4,"dominant_label":"Persistent thermal source","is_outbreak_front":false,"is_persistent_cluster":false,"cluster_id":484617}},{"type":"Feature","id":484618,"geometry":{"type":"Polygon","coordinates":[[[77.73254,16.34825],[77.73132,16.34954],[77.73168,16.35091],[77.73312,16.35219],[77.73254,16.34825]]]},"properties":{"cluster_date":"2024-12-27","cluster_fire_count":4,"total_cluster_frp":8.21,"max_frp":4.32,"cluster_convex_hull_area_km2":0.0409,"centroid_lat":16.3502,"centroid_lon":77.7322,"mean_persistence_7d":0.0,"share_forest_shrub":1.0,"share_industrial":0.0,"dominant_land_cover":30,"dominant_class":1,"dominant_label":"Agricultural burning","is_outbreak_front":false,"is_persistent_cluster":false,"cluster_id":484618}},{"type":"Feature","id":484619,"geometry":{"type":"Polygon","coordinates":[[[75.3575,16.11455],[75.35567,16.11463],[75.35478,16.11613],[75.3575,16.11455]]]},"properties":{"cluster_date":"2024-12-27","cluster_fire_count":3,"total_cluster_frp":2.37,"max_frp":1.15,"cluster_convex_hull_area_km2":0.0155,"centroid_lat":16.1151,"centroid_lon":75.356,"mean_persistence_7d":0.0,"share_forest_shrub":1.0,"share_industrial":0.0,"dominant_land_cover":30,"dominant_class":1,"dominant_label":"Agricultural burning","is_outbreak_front":false,"is_persistent_cluster":false,"cluster_id":484619}},{"type":"Feature","id":484620,"geometry":{"type":"Polygon","coordinates":[[[78.01448,15.02221],[78.01138,15.02477],[78.01672,15.0245],[78.01448,15.02221]]]},"properties":{"cluster_date":"2024-12-27","cluster_fire_count":4,"total_cluster_frp":6.85,"max_frp":2.71,"cluster_convex_hull_area_km2":0.0752,"centroid_lat":15.0239,"centroid_lon":78.0144,"mean_persistence_7d":4.0,"share_forest_shrub":1.0,"share_industrial":0.0,"dominant_land_cover":30,"dominant_class":4,"dominant_label":"Persistent thermal source","is_outbreak_front":false,"is_persistent_cluster":false,"cluster_id":484620}},{"type":"Feature","id":484621,"geometry":{"type":"Polygon","coordinates":[[[76.70795,15.13683],[76.6544,15.17348],[76.65025,15.18598],[76.65607,15.18593],[76.67883,15.18142],[76.69199,15.17252],[76.71063,15.15255],[76.70795,15.13683]]]},"properties":{"cluster_date":"2024-12-27","cluster_fire_count":23,"total_cluster_frp":32.29,"max_frp":2.85,"cluster_convex_hull_area_km2":13.7948,"centroid_lat":15.1727,"centroid_lon":76.6751,"mean_persistence_7d":4.087,"share_forest_shrub":0.0,"share_industrial":1.0,"dominant_land_cover":50,"dominant_class":4,"dominant_label":"Persistent thermal source","is_outbreak_front":false,"is_persistent_cluster":true,"cluster_id":484621}},{"type":"Feature","id":484622,"geometry":{"type":"Polygon","coordinates":[[[76.90154,15.01189],[76.89722,15.01381],[76.90083,15.01323],[76.90154,15.01189]]]},"properties":{"cluster_date":"2024-12-27","cluster_fire_count":3,"total_cluster_frp":1.21,"max_frp":0.58,"cluster_convex_hull_area_km2":0.0259,"centroid_lat":15.013,"centroid_lon":76.8999,"mean_persistence_7d":3.6667,"share_forest_shrub":1.0,"share_industrial":0.0,"dominant_land_cover":30,"dominant_class":4,"dominant_label":"Persistent thermal source","is_outbreak_front":false,"is_persistent_cluster":false,"cluster_id":484622}},{"type":"Feature","id":484623,"geometry":{"type":"Polygon","coordinates":[[[77.92283,11.8111],[77.9226,11.8112],[77.91462,11.81602],[77.91521,11.81603],[77.92283,11.8111]]]},"properties":{"cluster_date":"2024-12-27","cluster_fire_count":4,"total_cluster_frp":4.27,"max_frp":1.36,"cluster_convex_hull_area_km2":0.02,"centroid_lat":11.8136,"centroid_lon":77.9188,"mean_persistence_7d":2.0,"share_forest_shrub":1.0,"share_industrial":0.0,"dominant_land_cover":30,"dominant_class":4,"dominant_label":"Persistent thermal source","is_outbreak_front":false,"is_persistent_cluster":false,"cluster_id":484623}},{"type":"Feature","id":484624,"geometry":{"type":"Polygon","coordinates":[[[81.60377,21.29881],[81.576,21.30769],[81.59104,21.30881],[81.60377,21.29881]]]},"properties":{"cluster_date":"2024-12-27","cluster_fire_count":3,"total_cluster_frp":3.03,"max_frp":1.34,"cluster_convex_hull_area_km2":0.9112,"centroid_lat":21.3051,"centroid_lon":81.5903,"mean_persistence_7d":4.0,"share_forest_shrub":1.0,"share_industrial":0.0,"dominant_land_cover":10,"dominant_class":4,"dominant_label":"Persistent thermal source","is_outbreak_front":false,"is_persistent_cluster":false,"cluster_id":484624}},{"type":"Feature","id":484625,"geometry":{"type":"Polygon","coordinates":[[[95.57407,27.08192],[95.56564,27.08362],[95.56992,27.08402],[95.57546,27.08277],[95.57407,27.08192]]]},"properties":{"cluster_date":"2024-12-28","cluster_fire_count":4,"total_cluster_frp":44.24,"max_frp":26.32,"cluster_convex_hull_area_km2":0.0906,"centroid_lat":27.0831,"centroid_lon":95.5713,"mean_persistence_7d":0.0,"share_forest_shrub":1.0,"share_industrial":0.0,"dominant_land_cover":10,"dominant_class":0,"dominant_label":"Wildfire","is_outbreak_front":false,"is_persistent_cluster":false,"cluster_id":484625}},{"type":"Feature","id":484626,"geometry":{"type":"Polygon","coordinates":[[[94.23733,27.05092],[94.24181,27.05441],[94.24152,27.05353],[94.23733,27.05092]]]},"properties":{"cluster_date":"2024-12-28","cluster_fire_count":3,"total_cluster_frp":13.63,"max_frp":8.42,"cluster_convex_hull_area_km2":0.0155,"centroid_lat":27.053,"centroid_lon":94.2402,"mean_persistence_7d":0.0,"share_forest_shrub":1.0,"share_industrial":0.0,"dominant_land_cover":10,"dominant_class":0,"dominant_label":"Wildfire","is_outbreak_front":false,"is_persistent_cluster":false,"cluster_id":484626}},{"type":"Feature","id":484627,"geometry":{"type":"Polygon","coordinates":[[[95.54549,28.08851],[95.5451,28.09054],[95.5454,28.09497],[95.55126,28.09552],[95.55395,28.09431],[95.54936,28.08942],[95.54549,28.08851]]]},"properties":{"cluster_date":"2024-12-28","cluster_fire_count":8,"total_cluster_frp":50.49,"max_frp":8.08,"cluster_convex_hull_area_km2":0.4254,"centroid_lat":28.0924,"centroid_lon":95.549,"mean_persistence_7d":0.0,"share_forest_shrub":1.0,"share_industrial":0.0,"dominant_land_cover":10,"dominant_class":0,"dominant_label":"Wildfire","is_outbreak_front":true,"is_persistent_cluster":false,"cluster_id":484627}},{"type":"Feature","id":484628,"geometry":{"type":"Polygon","coordinates":[[[92.2954,27.65547],[92.29043,27.65568],[92.28782,27.65777],[92.28864,27.65863],[92.29617,27.65835],[92.2972,27.65614],[92.2954,27.65547]]]},"properties":{"cluster_date":"2024-12-28","cluster_fire_count":8,"total_cluster_frp":393.48,"max_frp":114.26,"cluster_convex_hull_area_km2":0.2365,"centroid_lat":27.657,"centroid_lon":92.2926,"mean_persistence_7d":0.0,"share_forest_shrub":1.0,"share_industrial":0.0,"dominant_land_cover":10,"dominant_class":0,"dominant_label":"Wildfire","is_outbreak_front":true,"is_persistent_cluster":false,"cluster_id":484628}},{"type":"Feature","id":484629,"geometry":{"type":"Polygon","coordinates":[[[80.69161,16.22991],[80.70235,16.25298],[80.70299,16.2494],[80.69161,16.22991]]]},"properties":{"cluster_date":"2024-12-28","cluster_fire_count":3,"total_cluster_frp":16.71,"max_frp":11.87,"cluster_convex_hull_area_km2":0.3081,"centroid_lat":16.2441,"centroid_lon":80.699,"mean_persistence_7d":1.0,"share_forest_shrub":0.0,"share_industrial":0.0,"dominant_land_cover":40,"dominant_class":1,"dominant_label":"Agricultural burning","is_outbreak_front":false,"is_persistent_cluster":false,"cluster_id":484629}},{"type":"Feature","id":484630,"geometry":{"type":"Polygon","coordinates":[[[80.50845,16.32546],[80.53304,16.33753],[80.52081,16.33127],[80.50845,16.32546]]]},"properties":{"cluster_date":"2024-12-28","cluster_fire_count":3,"total_cluster_frp":16.66,"max_frp":8.0,"cluster_convex_hull_area_km2":0.0367,"centroid_lat":16.3314,"centroid_lon":80.5208,"mean_persistence_7d":1.0,"share_forest_shrub":0.0,"share_industrial":0.0,"dominant_land_cover":40,"dominant_class":1,"dominant_label":"Agricultural burning","is_outbreak_front":false,"is_persistent_cluster":false,"cluster_id":484630}},{"type":"Feature","id":484631,"geometry":{"type":"Polygon","coordinates":[[[86.50136,21.12244],[86.48938,21.14326],[86.5007,21.1259],[86.5014,21.12389],[86.50136,21.12244]]]},"properties":{"cluster_date":"2024-12-28","cluster_fire_count":4,"total_cluster_frp":16.37,"max_frp":6.89,"cluster_convex_hull_area_km2":0.1596,"centroid_lat":21.1289,"centroid_lon":86.4982,"mean_persistence_7d":0.0,"share_forest_shrub":1.0,"share_industrial":0.0,"dominant_land_cover":30,"dominant_class":1,"dominant_label":"Agricultural burning","is_outbreak_front":false,"is_persistent_cluster":false,"cluster_id":484631}},{"type":"Feature","id":484632,"geometry":{"type":"Polygon","coordinates":[[[80.51256,16.87124],[80.50867,16.87414],[80.51049,16.87541],[80.51256,16.87124]]]},"properties":{"cluster_date":"2024-12-28","cluster_fire_count":3,"total_cluster_frp":6.76,"max_frp":3.29,"cluster_convex_hull_area_km2":0.0588,"centroid_lat":16.8736,"centroid_lon":80.5106,"mean_persistence_7d":0.0,"share_forest_shrub":0.0,"share_industrial":0.0,"dominant_land_cover":40,"dominant_class":1,"dominant_label":"Agricultural burning","is_outbreak_front":false,"is_persistent_cluster":false,"cluster_id":484632}},{"type":"Feature","id":484633,"geometry":{"type":"Polygon","coordinates":[[[76.78561,16.41296],[76.79305,16.44218],[76.78896,16.41337],[76.78561,16.41296]]]},"properties":{"cluster_date":"2024-12-28","cluster_fire_count":4,"total_cluster_frp":19.43,"max_frp":7.56,"cluster_convex_hull_area_km2":0.5482,"centroid_lat":16.4213,"centroid_lon":76.7889,"mean_persistence_7d":0.0,"share_forest_shrub":1.0,"share_industrial":0.0,"dominant_land_cover":30,"dominant_class":1,"dominant_label":"Agricultural burning","is_outbreak_front":false,"is_persistent_cluster":false,"cluster_id":484633}},{"type":"Feature","id":484634,"geometry":{"type":"Polygon","coordinates":[[[80.64654,17.23875],[80.6459,17.24229],[80.6467,17.23926],[80.64654,17.23875]]]},"properties":{"cluster_date":"2024-12-28","cluster_fire_count":3,"total_cluster_frp":8.91,"max_frp":3.1,"cluster_convex_hull_area_km2":0.0051,"centroid_lat":17.2401,"centroid_lon":80.6464,"mean_persistence_7d":0.0,"share_forest_shrub":1.0,"share_industrial":0.0,"dominant_land_cover":30,"dominant_class":1,"dominant_label":"Agricultural burning","is_outbreak_front":false,"is_persistent_cluster":false,"cluster_id":484634}},{"type":"Feature","id":484635,"geometry":{"type":"Polygon","coordinates":[[[80.68454,17.55507],[80.68261,17.55651],[80.68221,17.55714],[80.68454,17.55507]]]},"properties":{"cluster_date":"2024-12-28","cluster_fire_count":3,"total_cluster_frp":10.43,"max_frp":5.05,"cluster_convex_hull_area_km2":0.0037,"centroid_lat":17.5562,"centroid_lon":80.6831,"mean_persistence_7d":0.0,"share_forest_shrub":1.0,"share_industrial":0.0,"dominant_land_cover":30,"dominant_class":1,"dominant_label":"Agricultural burning","is_outbreak_front":false,"is_persistent_cluster":false,"cluster_id":484635}},{"type":"Feature","id":484636,"geometry":{"type":"Polygon","coordinates":[[[79.9837,18.25029],[79.98416,18.25389],[79.98811,18.25103],[79.9837,18.25029]]]},"properties":{"cluster_date":"2024-12-28","cluster_fire_count":3,"total_cluster_frp":6.78,"max_frp":2.39,"cluster_convex_hull_area_km2":0.0883,"centroid_lat":18.2517,"centroid_lon":79.9853,"mean_persistence_7d":1.0,"share_forest_shrub":1.0,"share_industrial":0.0,"dominant_land_cover":10,"dominant_class":0,"dominant_label":"Wildfire","is_outbreak_front":false,"is_persistent_cluster":false,"cluster_id":484636}},{"type":"Feature","id":484637,"geometry":{"type":"Polygon","coordinates":[[[79.87385,18.33334],[79.86426,18.33546],[79.83474,18.34545],[79.82039,18.35693],[79.81888,18.35876],[79.86828,18.3525],[79.87626,18.34497],[79.8783,18.3341],[79.87385,18.33334]]]},"properties":{"cluster_date":"2024-12-28","cluster_fire_count":19,"total_cluster_frp":89.72,"max_frp":8.74,"cluster_convex_hull_area_km2":8.1945,"centroid_lat":18.3461,"centroid_lon":79.8542,"mean_persistence_7d":0.3158,"share_forest_shrub":1.0,"share_industrial":0.0,"dominant_land_cover":10,"dominant_class":0,"dominant_label":"Wildfire","is_outbreak_front":true,"is_persistent_cluster":false,"cluster_id":484637}},{"type":"Feature","id":484638,"geometry":{"type":"Polygon","coordinates":[[[80.03355,18.4857],[80.03676,18.48696],[80.05478,18.48755],[80.03355,18.4857]]]},"properties":{"cluster_date":"2024-12-28","cluster_fire_count":3,"total_cluster_frp":10.08,"max_frp":4.15,"cluster_convex_hull_area_km2":0.118,"centroid_lat":18.4867,"centroid_lon":80.0417,"mean_persistence_7d":1.0,"share_forest_shrub":1.0,"share_industrial":0.0,"dominant_land_cover":10,"dominant_class":0,"dominant_label":"Wildfire","is_outbreak_front":false,"is_persistent_cluster":false,"cluster_id":484638}},{"type":"Feature","id":484639,"geometry":{"type":"Polygon","coordinates":[[[82.66968,19.09215],[82.66911,19.09545],[82.67187,19.12295],[82.67274,19.09601],[82.66968,19.09215]]]},"properties":{"cluster_date":"2024-12-28","cluster_fire_count":5,"total_cluster_frp":27.04,"max_frp":8.16,"cluster_convex_hull_area_km2":0.6237,"centroid_lat":19.1003,"centroid_lon":82.6706,"mean_persistence_7d":0.0,"share_forest_shrub":1.0,"share_industrial":0.0,"dominant_land_cover":10,"dominant_class":0,"dominant_label":"Wildfire","is_outbreak_front":true,"is_persistent_cluster":false,"cluster_id":484639}},{"type":"Feature","id":484640,"geometry":{"type":"Polygon","coordinates":[[[79.53725,18.71994],[79.53651,18.72027],[79.53931,18.72253],[79.53725,18.71994]]]},"properties":{"cluster_date":"2024-12-28","cluster_fire_count":3,"total_cluster_frp":8.75,"max_frp":3.51,"cluster_convex_hull_area_km2":0.0147,"centroid_lat":18.7209,"centroid_lon":79.5377,"mean_persistence_7d":4.0,"share_forest_shrub":1.0,"share_industrial":0.0,"dominant_land_cover":10,"dominant_class":4,"dominant_label":"Persistent thermal source","is_outbreak_front":false,"is_persistent_cluster":false,"cluster_id":484640}},{"type":"Feature","id":484641,"geometry":{"type":"Polygon","coordinates":[[[85.26338,20.78502],[85.2516,20.79204],[85.25186,20.7944],[85.254,20.80502],[85.25472,20.80855],[85.25814,20.80572],[85.26838,20.7878],[85.26338,20.78502]]]},"properties":{"cluster_date":"2024-12-28","cluster_fire_count":20,"total_cluster_frp":53.49,"max_frp":9.77,"cluster_convex_hull_area_km2":2.1877,"centroid_lat":20.7956,"centroid_lon":85.2574,"mean_persistence_7d":4.7,"share_forest_shrub":0.0,"share_industrial":1.0,"dominant_land_cover":50,"dominant_class":4,"dominant_label":"Persistent thermal source","is_outbreak_front":false,"is_persistent_cluster":true,"cluster_id":484641}},{"type":"Feature","id":484642,"geometry":{"type":"Polygon","coordinates":[[[86.05891,20.94014],[86.01071,20.96391],[86.0022,20.96922],[86.00013,20.9727],[86.01109,20.99788],[86.02534,21.00228],[86.05972,20.94135],[86.05891,20.94014]]]},"properties":{"cluster_date":"2024-12-28","cluster_fire_count":29,"total_cluster_frp":47.11,"max_frp":5.09,"cluster_convex_hull_area_km2":17.494,"centroid_lat":20.9689,"centroid_lon":86.02,"mean_persistence_7d":4.2414,"share_forest_shrub":1.0,"share_industrial":0.0,"dominant_land_cover":10,"dominant_class":4,"dominant_label":"Persistent thermal source","is_outbreak_front":false,"is_persistent_cluster":false,"cluster_id":484642}},{"type":"Feature","id":484643,"geometry":{"type":"Polygon","coordinates":[[[85.16419,20.96105],[85.1516,20.96643],[85.14451,20.97841],[85.17901,20.97004],[85.17469,20.96209],[85.17418,20.96168],[85.16419,20.96105]]]},"properties":{"cluster_date":"2024-12-28","cluster_fire_count":17,"total_cluster_frp":36.8,"max_frp":5.38,"cluster_convex_hull_area_km2":3.4948,"centroid_lat":20.9663,"centroid_lon":85.1657,"mean_persistence_7d":3.8235,"share_forest_shrub":0.0,"share_industrial":1.0,"dominant_land_cover":50,"dominant_class":4,"dominant_label":"Persistent thermal source","is_outbreak_front":false,"is_persistent_cluster":true,"cluster_id":484643}},{"type":"Feature","id":484644,"geometry":{"type":"Polygon","coordinates":[[[85.04166,21.07637],[85.03712,21.07925],[85.04014,21.0814],[85.04166,21.07637]]]},"properties":{"cluster_date":"2024-12-28","cluster_fire_count":4,"total_cluster_frp":23.19,"max_frp":6.16,"cluster_convex_hull_area_km2":0.1024,"centroid_lat":21.0787,"centroid_lon":85.04,"mean_persistence_7d":4.0,"share_forest_shrub":1.0,"share_industrial":0.0,"dominant_land_cover":10,"dominant_class":4,"dominant_label":"Persistent thermal source","is_outbreak_front":false,"is_persistent_cluster":false,"cluster_id":484644}},{"type":"Feature","id":484645,"geometry":{"type":"Polygon","coordinates":[[[83.76415,20.86316],[83.76337,20.86443],[83.76097,20.90709],[83.76415,20.86316]]]},"properties":{"cluster_date":"2024-12-28","cluster_fire_count":4,"total_cluster_frp":12.83,"max_frp":4.82,"cluster_convex_hull_area_km2":0.1679,"centroid_lat":20.8809,"centroid_lon":83.7626,"mean_persistence_7d":0.0,"share_forest_shrub":1.0,"share_industrial":0.0,"dominant_land_cover":30,"dominant_class":1,"dominant_label":"Agricultural burning","is_outbreak_front":false,"is_persistent_cluster":false,"cluster_id":484645}},{"type":"Feature","id":484646,"geometry":{"type":"Polygon","coordinates":[[[83.80624,21.04916],[83.81477,21.07331],[83.81557,21.06936],[83.80624,21.04916]]]},"properties":{"cluster_date":"2024-12-28","cluster_fire_count":4,"total_cluster_frp":19.8,"max_frp":5.48,"cluster_convex_hull_area_km2":0.294,"centroid_lat":21.0656,"centroid_lon":83.8127,"mean_persistence_7d":0.25,"share_forest_shrub":1.0,"share_industrial":0.0,"dominant_land_cover":30,"dominant_class":1,"dominant_label":"Agricultural burning","is_outbreak_front":false,"is_persistent_cluster":false,"cluster_id":484646}},{"type":"Feature","id":484647,"geometry":{"type":"Polygon","coordinates":[[[87.03565,21.64014],[87.02733,21.66341],[87.05389,21.67125],[87.03891,21.64415],[87.03819,21.64316],[87.03565,21.64014]]]},"properties":{"cluster_date":"2024-12-28","cluster_fire_count":6,"total_cluster_frp":22.68,"max_frp":6.57,"cluster_convex_hull_area_km2":3.9286,"centroid_lat":21.6509,"centroid_lon":87.0382,"mean_persistence_7d":0.6667,"share_forest_shrub":1.0,"share_industrial":0.0,"dominant_land_cover":30,"dominant_class":1,"dominant_label":"Agricultural burning","is_outbreak_front":true,"is_persistent_cluster":false,"cluster_id":484647}},{"type":"Feature","id":484648,"geometry":{"type":"Polygon","coordinates":[[[87.58233,21.75677],[87.57635,21.81079],[87.61768,21.77615],[87.62329,21.76719],[87.58233,21.75677]]]},"properties":{"cluster_date":"2024-12-28","cluster_fire_count":12,"total_cluster_frp":42.67,"max_frp":8.46,"cluster_convex_hull_area_km2":13.513,"centroid_lat":21.775,"centroid_lon":87.5956,"mean_persistence_7d":0.0,"share_forest_shrub":1.0,"share_industrial":0.0,"dominant_land_cover":30,"dominant_class":0,"dominant_label":"Wildfire","is_outbreak_front":true,"is_persistent_cluster":false,"cluster_id":484648}},{"type":"Feature","id":484649,"geometry":{"type":"Polygon","coordinates":[[[87.10043,21.67886],[87.10448,21.68263],[87.1179,21.69214],[87.10043,21.67886]]]},"properties":{"cluster_date":"2024-12-28","cluster_fire_count":3,"total_cluster_frp":9.97,"max_frp":4.62,"cluster_convex_hull_area_km2":0.0666,"centroid_lat":21.6845,"centroid_lon":87.1076,"mean_persistence_7d":0.0,"share_forest_shrub":1.0,"share_industrial":0.0,"dominant_land_cover":30,"dominant_class":1,"dominant_label":"Agricultural burning","is_outbreak_front":false,"is_persistent_cluster":false,"cluster_id":484649}},{"type":"Feature","id":484650,"geometry":{"type":"Polygon","coordinates":[[[87.15638,21.68141],[87.14693,21.70729],[87.18552,21.71355],[87.18613,21.71018],[87.15638,21.68141]]]},"properties":{"cluster_date":"2024-12-28","cluster_fire_count":6,"total_cluster_frp":14.81,"max_frp":3.69,"cluster_convex_hull_area_km2":6.4856,"centroid_lat":21.7029,"centroid_lon":87.1706,"mean_persistence_7d":0.1667,"share_forest_shrub":1.0,"share_industrial":0.0,"dominant_land_cover":30,"dominant_class":1,"dominant_label":"Agricultural burning","is_outbreak_front":true,"is_persistent_cluster":false,"cluster_id":484650}},{"type":"Feature","id":484651,"geometry":{"type":"Polygon","coordinates":[[[87.24447,21.71618],[87.22804,21.74337],[87.23576,21.76326],[87.2478,21.74096],[87.24842,21.73759],[87.24735,21.71824],[87.24447,21.71618]]]},"properties":{"cluster_date":"2024-12-28","cluster_fire_count":9,"total_cluster_frp":28.87,"max_frp":6.43,"cluster_convex_hull_area_km2":5.4565,"centroid_lat":21.7318,"centroid_lon":87.243,"mean_persistence_7d":0.0,"share_forest_shrub":1.0,"share_industrial":0.0,"dominant_land_cover":30,"dominant_class":1,"dominant_label":"Agricultural burning","is_outbreak_front":true,"is_persistent_cluster":false,"cluster_id":484651}},{"type":"Feature","id":484652,"geometry":{"type":"Polygon","coordinates":[[[82.48628,20.88592],[82.46819,20.90342],[82.48729,20.88627],[82.48628,20.88592]]]},"properties":{"cluster_date":"2024-12-28","cluster_fire_count":3,"total_cluster_frp":13.55,"max_frp":7.24,"cluster_convex_hull_area_km2":0.1333,"centroid_lat":20.8919,"centroid_lon":82.4806,"mean_persistence_7d":0.0,"share_forest_shrub":1.0,"share_industrial":0.0,"dominant_land_cover":10,"dominant_class":0,"dominant_label":"Wildfire","is_outbreak_front":false,"is_persistent_cluster":false,"cluster_id":484652}},{"type":"Feature","id":484653,"geometry":{"type":"Polygon","coordinates":[[[87.19989,21.76442],[87.21139,21.78837],[87.21584,21.78563],[87.21603,21.78434],[87.19989,21.76442]]]},"properties":{"cluster_date":"2024-12-28","cluster_fire_count":4,"total_cluster_frp":14.79,"max_frp":6.46,"cluster_convex_hull_area_km2":0.8969,"centroid_lat":21.7807,"centroid_lon":87.2108,"mean_persistence_7d":0.0,"share_forest_shrub":1.0,"share_industrial":0.0,"dominant_land_cover":30,"dominant_class":1,"dominant_label":"Agricultural burning","is_outbreak_front":false,"is_persistent_cluster":false,"cluster_id":484653}},{"type":"Feature","id":484654,"geometry":{"type":"Polygon","coordinates":[[[87.2953,21.78319],[87.27749,21.79418],[87.27727,21.79563],[87.2953,21.78319]]]},"properties":{"cluster_date":"2024-12-28","cluster_fire_count":3,"total_cluster_frp":7.14,"max_frp":3.09,"cluster_convex_hull_area_km2":0.129,"centroid_lat":21.791,"centroid_lon":87.2834,"mean_persistence_7d":0.0,"share_forest_shrub":1.0,"share_industrial":0.0,"dominant_land_cover":30,"dominant_class":1,"dominant_label":"Agricultural burning","is_outbreak_front":false,"is_persistent_cluster":false,"cluster_id":484654}},{"type":"Feature","id":484655,"geometry":{"type":"Polygon","coordinates":[[[83.58322,21.17404],[83.58626,21.17654],[83.60539,21.17596],[83.58322,21.17404]]]},"properties":{"cluster_date":"2024-12-28","cluster_fire_count":3,"total_cluster_frp":7.79,"max_frp":3.62,"cluster_convex_hull_area_km2":0.2747,"centroid_lat":21.1755,"centroid_lon":83.5916,"mean_persistence_7d":0.0,"share_forest_shrub":1.0,"share_industrial":0.0,"dominant_land_cover":30,"dominant_class":1,"dominant_label":"Agricultural burning","is_outbreak_front":false,"is_persistent_cluster":false,"cluster_id":484655}},{"type":"Feature","id":484656,"geometry":{"type":"Polygon","coordinates":[[[88.1253,22.05173],[88.12157,22.05195],[88.12247,22.056],[88.12632,22.05748],[88.12687,22.05339],[88.12652,22.05273],[88.1253,22.05173]]]},"properties":{"cluster_date":"2024-12-28","cluster_fire_count":8,"total_cluster_frp":23.86,"max_frp":7.24,"cluster_convex_hull_area_km2":0.2405,"centroid_lat":22.0542,"centroid_lon":88.1252,"mean_persistence_7d":5.0,"share_forest_shrub":0.0,"share_industrial":1.0,"dominant_land_cover":50,"dominant_class":3,"dominant_label":"Gas flare","is_outbreak_front":false,"is_persistent_cluster":true,"cluster_id":484656}},{"type":"Feature","id":484657,"geometry":{"type":"Polygon","coordinates":[[[82.81423,21.21455],[82.80805,21.2166],[82.80383,21.21934],[82.80631,21.24258],[82.81976,21.25091],[82.8625,21.22819],[82.86674,21.22545],[82.8674,21.22452],[82.81423,21.21455]]]},"properties":{"cluster_date":"2024-12-28","cluster_fire_count":13,"total_cluster_frp":36.73,"max_frp":5.78,"cluster_convex_hull_area_km2":14.5684,"centroid_lat":21.2288,"centroid_lon":82.8351,"mean_persistence_7d":1.0,"share_forest_shrub":1.0,"share_industrial":0.0,"dominant_land_cover":10,"dominant_class":0,"dominant_label":"Wildfire","is_outbreak_front":true,"is_persistent_cluster":false,"cluster_id":484657}},{"type":"Feature","id":484658,"geometry":{"type":"Polygon","coordinates":[[[82.3605,21.12874],[82.35072,21.13136],[82.36841,21.14617],[82.3605,21.12874]]]},"properties":{"cluster_date":"2024-12-28","cluster_fire_count":6,"total_cluster_frp":22.2,"max_frp":5.21,"cluster_convex_hull_area_km2":1.0597,"centroid_lat":21.1338,"centroid_lon":82.359,"mean_persistence_7d":2.3333,"share_forest_shrub":1.0,"share_industrial":0.0,"dominant_land_cover":10,"dominant_class":0,"dominant_label":"Wildfire","is_outbreak_front":false,"is_persistent_cluster":false,"cluster_id":484658}},{"type":"Feature","id":484659,"geometry":{"type":"Polygon","coordinates":[[[82.93044,21.24494],[82.91901,21.26137],[82.93056,21.24635],[82.93068,21.2458],[82.93044,21.24494]]]},"properties":{"cluster_date":"2024-12-28","cluster_fire_count":4,"total_cluster_frp":13.82,"max_frp":4.32,"cluster_convex_hull_area_km2":0.1015,"centroid_lat":21.2496,"centroid_lon":82.9277,"mean_persistence_7d":2.0,"share_forest_shrub":1.0,"share_industrial":0.0,"dominant_land_cover":10,"dominant_class":0,"dominant_label":"Wildfire","is_outbreak_front":false,"is_persistent_cluster":false,"cluster_id":484659}},{"type":"Feature","id":484660,"geometry":{"type":"Polygon","coordinates":[[[84.16315,21.48349],[84.13948,21.49088],[84.16003,21.48536],[84.16409,21.48411],[84.16315,21.48349]]]},"properties":{"cluster_date":"2024-12-28","cluster_fire_count":4,"total_cluster_frp":19.97,"max_frp":7.62,"cluster_convex_hull_area_km2":0.1376,"centroid_lat":21.486,"centroid_lon":84.1567,"mean_persistence_7d":0.0,"share_forest_shrub":1.0,"share_industrial":0.0,"dominant_land_cover":30,"dominant_class":1,"dominant_label":"Agricultural burning","is_outbreak_front":false,"is_persistent_cluster":false,"cluster_id":484660}},{"type":"Feature","id":484661,"geometry":{"type":"Polygon","coordinates":[[[82.85642,21.26163],[82.85557,21.26214],[82.84573,21.28027],[82.84484,21.30713],[82.85642,21.26163]]]},"properties":{"cluster_date":"2024-12-28","cluster_fire_count":5,"total_cluster_frp":16.44,"max_frp":6.11,"cluster_convex_hull_area_km2":1.5554,"centroid_lat":21.2787,"centroid_lon":82.8499,"mean_persistence_7d":0.6,"share_forest_shrub":1.0,"share_industrial":0.0,"dominant_land_cover":10,"dominant_class":0,"dominant_label":"Wildfire","is_outbreak_front":true,"is_persistent_cluster":false,"cluster_id":484661}},{"type":"Feature","id":484662,"geometry":{"type":"Polygon","coordinates":[[[83.67437,21.42357],[83.67216,21.43686],[83.6931,21.42631],[83.6936,21.42476],[83.67437,21.42357]]]},"properties":{"cluster_date":"2024-12-28","cluster_fire_count":4,"total_cluster_frp":14.11,"max_frp":4.04,"cluster_convex_hull_area_km2":1.5779,"centroid_lat":21.4279,"centroid_lon":83.6833,"mean_persistence_7d":1.0,"share_forest_shrub":1.0,"share_industrial":0.0,"dominant_land_cover":30,"dominant_class":1,"dominant_label":"Agricultural burning","is_outbreak_front":false,"is_persistent_cluster":false,"cluster_id":484662}},{"type":"Feature","id":484663,"geometry":{"type":"Polygon","coordinates":[[[82.3518,21.17455],[82.34537,21.2036],[82.3638,21.20268],[82.3578,21.18809],[82.3518,21.17455]]]},"properties":{"cluster_date":"2024-12-28","cluster_fire_count":4,"total_cluster_frp":14.3,"max_frp":5.97,"cluster_convex_hull_area_km2":2.968,"centroid_lat":21.1922,"centroid_lon":82.3547,"mean_persistence_7d":1.0,"share_forest_shrub":1.0,"share_industrial":0.0,"dominant_land_cover":10,"dominant_class":0,"dominant_label":"Wildfire","is_outbreak_front":false,"is_persistent_cluster":false,"cluster_id":484663}},{"type":"Feature","id":484664,"geometry":{"type":"Polygon","coordinates":[[[82.42606,21.20288],[82.40656,21.20664],[82.39519,21.22854],[82.39919,21.22734],[82.41594,21.21272],[82.42606,21.20288]]]},"properties":{"cluster_date":"2024-12-28","cluster_fire_count":8,"total_cluster_frp":23.33,"max_frp":5.98,"cluster_convex_hull_area_km2":2.5853,"centroid_lat":21.2166,"centroid_lon":82.4085,"mean_persistence_7d":1.0,"share_forest_shrub":1.0,"share_industrial":0.0,"dominant_land_cover":10,"dominant_class":0,"dominant_label":"Wildfire","is_outbreak_front":true,"is_persistent_cluster":false,"cluster_id":484664}},{"type":"Feature","id":484665,"geometry":{"type":"Polygon","coordinates":[[[82.05791,21.14588],[82.05733,21.14918],[82.05839,21.14801],[82.05791,21.14588]]]},"properties":{"cluster_date":"2024-12-28","cluster_fire_count":3,"total_cluster_frp":18.39,"max_frp":11.3,"cluster_convex_hull_area_km2":0.0156,"centroid_lat":21.1477,"centroid_lon":82.0579,"mean_persistence_7d":0.0,"share_forest_shrub":1.0,"share_industrial":0.0,"dominant_land_cover":10,"dominant_class":0,"dominant_label":"Wildfire","is_outbreak_front":false,"is_persistent_cluster":false,"cluster_id":484665}},{"type":"Feature","id":484666,"geometry":{"type":"Polygon","coordinates":[[[84.07832,21.53238],[84.09399,21.53466],[84.09358,21.53455],[84.07832,21.53238]]]},"properties":{"cluster_date":"2024-12-28","cluster_fire_count":3,"total_cluster_frp":10.41,"max_frp":5.51,"cluster_convex_hull_area_km2":0.0044,"centroid_lat":21.5339,"centroid_lon":84.0886,"mean_persistence_7d":1.3333,"share_forest_shrub":1.0,"share_industrial":0.0,"dominant_land_cover":30,"dominant_class":1,"dominant_label":"Agricultural burning","is_outbreak_front":false,"is_persistent_cluster":false,"cluster_id":484666}},{"type":"Feature","id":484667,"geometry":{"type":"Polygon","coordinates":[[[82.93214,21.29836],[82.92102,21.3307],[82.91086,21.36171],[82.95164,21.34348],[82.94691,21.31529],[82.93214,21.29836]]]},"properties":{"cluster_date":"2024-12-28","cluster_fire_count":16,"total_cluster_frp":79.28,"max_frp":24.45,"cluster_convex_hull_area_km2":14.0994,"centroid_lat":21.3412,"centroid_lon":82.9272,"mean_persistence_7d":0.375,"share_forest_shrub":1.0,"share_industrial":0.0,"dominant_land_cover":10,"dominant_class":0,"dominant_label":"Wildfire","is_outbreak_front":true,"is_persistent_cluster":false,"cluster_id":484667}},{"type":"Feature","id":484668,"geometry":{"type":"Polygon","coordinates":[[[82.01147,21.19247],[81.99618,21.19393],[82.02518,21.20183],[82.01147,21.19247]]]},"properties":{"cluster_date":"2024-12-28","cluster_fire_count":3,"total_cluster_frp":11.35,"max_frp":5.21,"cluster_convex_hull_area_km2":0.9038,"centroid_lat":21.1961,"centroid_lon":82.0109,"mean_persistence_7d":0.6667,"share_forest_shrub":1.0,"share_industrial":0.0,"dominant_land_cover":10,"dominant_class":0,"dominant_label":"Wildfire","is_outbreak_front":false,"is_persistent_cluster":false,"cluster_id":484668}},{"type":"Feature","id":484669,"geometry":{"type":"Polygon","coordinates":[[[82.64458,21.32569],[82.61674,21.33347],[82.63943,21.34094],[82.64735,21.33876],[82.64458,21.32569]]]},"properties":{"cluster_date":"2024-12-28","cluster_fire_count":4,"total_cluster_frp":11.2,"max_frp":4.15,"cluster_convex_hull_area_km2":2.7337,"centroid_lat":21.3347,"centroid_lon":82.637,"mean_persistence_7d":0.0,"share_forest_shrub":1.0,"share_industrial":0.0,"dominant_land_cover":10,"dominant_class":0,"dominant_label":"Wildfire","is_outbreak_front":false,"is_persistent_cluster":false,"cluster_id":484669}},{"type":"Feature","id":484670,"geometry":{"type":"Polygon","coordinates":[[[82.78163,21.39125],[82.78119,21.39281],[82.80629,21.39997],[82.78163,21.39125]]]},"properties":{"cluster_date":"2024-12-28","cluster_fire_count":3,"total_cluster_frp":12.19,"max_frp":5.14,"cluster_convex_hull_area_km2":0.234,"centroid_lat":21.3947,"centroid_lon":82.7897,"mean_persistence_7d":0.3333,"share_forest_shrub":1.0,"share_industrial":0.0,"dominant_land_cover":10,"dominant_class":0,"dominant_label":"Wildfire","is_outbreak_front":false,"is_persistent_cluster":false,"cluster_id":484670}},{"type":"Feature","id":484671,"geometry":{"type":"Polygon","coordinates":[[[84.03945,21.67293],[84.03624,21.67694],[84.0369,21.68031],[84.0414,21.68302],[84.03945,21.67293]]]},"properties":{"cluster_date":"2024-12-28","cluster_fire_count":5,"total_cluster_frp":11.16,"max_frp":5.8,"cluster_convex_hull_area_km2":0.2957,"centroid_lat":21.6783,"centroid_lon":84.0383,"mean_persistence_7d":5.0,"share_forest_shrub":0.0,"share_industrial":1.0,"dominant_land_cover":50,"dominant_class":4,"dominant_label":"Persistent thermal source","is_outbreak_front":false,"is_persistent_cluster":true,"cluster_id":484671}},{"type":"Feature","id":484672,"geometry":{"type":"Polygon","coordinates":[[[87.48888,22.29311],[87.48666,22.29357],[87.47972,22.29667],[87.49243,22.31243],[87.4911,22.29849],[87.48888,22.29311]]]},"properties":{"cluster_date":"2024-12-28","cluster_fire_count":5,"total_cluster_frp":15.74,"max_frp":4.67,"cluster_convex_hull_area_km2":1.1919,"centroid_lat":22.2989,"centroid_lon":87.4878,"mean_persistence_7d":0.0,"share_forest_shrub":1.0,"share_industrial":0.0,"dominant_land_cover":30,"dominant_class":1,"dominant_label":"Agricultural burning","is_outbreak_front":true,"is_persistent_cluster":false,"cluster_id":484672}},{"type":"Feature","id":484673,"geometry":{"type":"Polygon","coordinates":[[[83.31842,21.61824],[83.30917,21.62094],[83.32086,21.61928],[83.31842,21.61824]]]},"properties":{"cluster_date":"2024-12-28","cluster_fire_count":3,"total_cluster_frp":11.4,"max_frp":5.68,"cluster_convex_hull_area_km2":0.0895,"centroid_lat":21.6195,"centroid_lon":83.3161,"mean_persistence_7d":0.0,"share_forest_shrub":1.0,"share_industrial":0.0,"dominant_land_cover":10,"dominant_class":0,"dominant_label":"Wildfire","is_outbreak_front":false,"is_persistent_cluster":false,"cluster_id":484673}},{"type":"Feature","id":484674,"geometry":{"type":"Polygon","coordinates":[[[87.4458,22.33249],[87.46003,22.34176],[87.46355,22.34218],[87.44959,22.33309],[87.4458,22.33249]]]},"properties":{"cluster_date":"2024-12-28","cluster_fire_count":4,"total_cluster_frp":11.1,"max_frp":3.74,"cluster_convex_hull_area_km2":0.2894,"centroid_lat":22.3374,"centroid_lon":87.4547,"mean_persistence_7d":0.5,"share_forest_shrub":1.0,"share_industrial":0.0,"dominant_land_cover":30,"dominant_class":1,"dominant_label":"Agricultural burning","is_outbreak_front":false,"is_persistent_cluster":false,"cluster_id":484674}},{"type":"Feature","id":484675,"geometry":{"type":"Polygon","coordinates":[[[83.4239,21.65437],[83.42008,21.66462],[83.42136,21.66635],[83.4239,21.65437]]]},"properties":{"cluster_date":"2024-12-28","cluster_fire_count":3,"total_cluster_frp":19.42,"max_frp":10.64,"cluster_convex_hull_area_km2":0.1089,"centroid_lat":21.6618,"centroid_lon":83.4218,"mean_persistence_7d":0.0,"share_forest_shrub":1.0,"share_industrial":0.0,"dominant_land_cover":30,"dominant_class":1,"dominant_label":"Agricultural burning","is_outbreak_front":false,"is_persistent_cluster":false,"cluster_id":484675}},{"type":"Feature","id":484676,"geometry":{"type":"Polygon","coordinates":[[[83.3048,21.64769],[83.3046,21.64899],[83.31631,21.66971],[83.32485,21.66419],[83.32169,21.66034],[83.30852,21.64824],[83.3048,21.64769]]]},"properties":{"cluster_date":"2024-12-28","cluster_fire_count":9,"total_cluster_frp":32.08,"max_frp":5.56,"cluster_convex_hull_area_km2":1.842,"centroid_lat":21.656,"centroid_lon":83.3131,"mean_persistence_7d":0.0,"share_forest_shrub":1.0,"share_industrial":0.0,"dominant_land_cover":10,"dominant_class":0,"dominant_label":"Wildfire","is_outbreak_front":true,"is_persistent_cluster":false,"cluster_id":484676}},{"type":"Feature","id":484677,"geometry":{"type":"Polygon","coordinates":[[[83.81828,21.74288],[83.83553,21.77951],[83.83932,21.78006],[83.84548,21.75905],[83.84093,21.75447],[83.82206,21.74342],[83.81828,21.74288]]]},"properties":{"cluster_date":"2024-12-28","cluster_fire_count":8,"total_cluster_frp":24.28,"max_frp":5.92,"cluster_convex_hull_area_km2":4.8692,"centroid_lat":21.76,"centroid_lon":83.8356,"mean_persistence_7d":6.0,"share_forest_shrub":1.0,"share_industrial":0.0,"dominant_land_cover":30,"dominant_class":4,"dominant_label":"Persistent thermal source","is_outbreak_front":false,"is_persistent_cluster":false,"cluster_id":484677}},{"type":"Feature","id":484678,"geometry":{"type":"Polygon","coordinates":[[[83.18195,21.63294],[83.18076,21.63378],[83.18466,21.63452],[83.18565,21.63349],[83.18195,21.63294]]]},"properties":{"cluster_date":"2024-12-28","cluster_fire_count":4,"total_cluster_frp":17.97,"max_frp":5.6,"cluster_convex_hull_area_km2":0.047,"centroid_lat":21.6337,"centroid_lon":83.1833,"mean_persistence_7d":0.0,"share_forest_shrub":1.0,"share_industrial":0.0,"dominant_land_cover":10,"dominant_class":0,"dominant_label":"Wildfire","is_outbreak_front":false,"is_persistent_cluster":false,"cluster_id":484678}},{"type":"Feature","id":484679,"geometry":{"type":"Polygon","coordinates":[[[87.98906,22.47503],[88.00302,22.47734],[87.9928,22.47561],[87.98906,22.47503]]]},"properties":{"cluster_date":"2024-12-28","cluster_fire_count":3,"total_cluster_frp":8.92,"max_frp":4.3,"cluster_convex_hull_area_km2":0.003,"centroid_lat":22.476,"centroid_lon":87.995,"mean_persistence_7d":0.0,"share_forest_shrub":1.0,"share_industrial":0.0,"dominant_land_cover":30,"dominant_class":1,"dominant_label":"Agricultural burning","is_outbreak_front":false,"is_persistent_cluster":false,"cluster_id":484679}},{"type":"Feature","id":484680,"geometry":{"type":"Polygon","coordinates":[[[87.29065,22.35841],[87.274,22.37815],[87.27524,22.37951],[87.28642,22.37976],[87.29908,22.36954],[87.30287,22.36627],[87.3034,22.36341],[87.29065,22.35841]]]},"properties":{"cluster_date":"2024-12-28","cluster_fire_count":18,"total_cluster_frp":43.55,"max_frp":4.9,"cluster_convex_hull_area_km2":3.4172,"centroid_lat":22.3713,"centroid_lon":87.2888,"mean_persistence_7d":5.7222,"share_forest_shrub":1.0,"share_industrial":0.0,"dominant_land_cover":30,"dominant_class":4,"dominant_label":"Persistent thermal source","is_outbreak_front":false,"is_persistent_cluster":false,"cluster_id":484680}},{"type":"Feature","id":484681,"geometry":{"type":"Polygon","coordinates":[[[82.90409,21.61075],[82.88848,21.62296],[82.90546,21.612],[82.90409,21.61075]]]},"properties":{"cluster_date":"2024-12-28","cluster_fire_count":3,"total_cluster_frp":9.42,"max_frp":4.83,"cluster_convex_hull_area_km2":0.2001,"centroid_lat":21.6152,"centroid_lon":82.8993,"mean_persistence_7d":0.3333,"share_forest_shrub":1.0,"share_industrial":0.0,"dominant_land_cover":10,"dominant_class":0,"dominant_label":"Wildfire","is_outbreak_front":false,"is_persistent_cluster":false,"cluster_id":484681}},{"type":"Feature","id":484682,"geometry":{"type":"Polygon","coordinates":[[[87.01695,22.36081],[87.01628,22.36245],[87.01707,22.36623],[87.01812,22.36759],[87.01808,22.36525],[87.01695,22.36081]]]},"properties":{"cluster_date":"2024-12-28","cluster_fire_count":6,"total_cluster_frp":11.6,"max_frp":2.46,"cluster_convex_hull_area_km2":0.0649,"centroid_lat":22.3644,"centroid_lon":87.0173,"mean_persistence_7d":6.0,"share_forest_shrub":1.0,"share_industrial":0.0,"dominant_land_cover":30,"dominant_class":4,"dominant_label":"Persistent thermal source","is_outbreak_front":false,"is_persistent_cluster":false,"cluster_id":484682}},{"type":"Feature","id":484683,"geometry":{"type":"Polygon","coordinates":[[[82.74496,21.64524],[82.74651,21.65279],[82.74823,21.65023],[82.74863,21.6458],[82.74496,21.64524]]]},"properties":{"cluster_date":"2024-12-28","cluster_fire_count":6,"total_cluster_frp":48.39,"max_frp":13.05,"cluster_convex_hull_area_km2":0.1845,"centroid_lat":21.6483,"centroid_lon":82.7468,"mean_persistence_7d":1.0,"share_forest_shrub":1.0,"share_industrial":0.0,"dominant_land_cover":10,"dominant_class":0,"dominant_label":"Wildfire","is_outbreak_front":true,"is_persistent_cluster":false,"cluster_id":484683}},{"type":"Feature","id":484684,"geometry":{"type":"Polygon","coordinates":[[[83.06976,21.70793],[83.05928,21.71131],[83.05894,21.71233],[83.06976,21.70793]]]},"properties":{"cluster_date":"2024-12-28","cluster_fire_count":3,"total_cluster_frp":13.07,"max_frp":6.08,"cluster_convex_hull_area_km2":0.0526,"centroid_lat":21.7105,"centroid_lon":83.0627,"mean_persistence_7d":1.0,"share_forest_shrub":1.0,"share_industrial":0.0,"dominant_land_cover":10,"dominant_class":0,"dominant_label":"Wildfire","is_outbreak_front":false,"is_persistent_cluster":false,"cluster_id":484684}},{"type":"Feature","id":484685,"geometry":{"type":"Polygon","coordinates":[[[83.13132,21.73358],[83.12926,21.73705],[83.12814,21.74365],[83.15962,21.75162],[83.1609,21.75189],[83.16202,21.74529],[83.13132,21.73358]]]},"properties":{"cluster_date":"2024-12-28","cluster_fire_count":12,"total_cluster_frp":63.77,"max_frp":9.22,"cluster_convex_hull_area_km2":3.2165,"centroid_lat":21.7437,"centroid_lon":83.1454,"mean_persistence_7d":0.6667,"share_forest_shrub":1.0,"share_industrial":0.0,"dominant_land_cover":10,"dominant_class":0,"dominant_label":"Wildfire","is_outbreak_front":true,"is_persistent_cluster":false,"cluster_id":484685}},{"type":"Feature","id":484686,"geometry":{"type":"Polygon","coordinates":[[[82.52891,21.62319],[82.5254,21.62528],[82.52834,21.62648],[82.52961,21.6261],[82.52891,21.62319]]]},"properties":{"cluster_date":"2024-12-28","cluster_fire_count":4,"total_cluster_frp":42.78,"max_frp":12.04,"cluster_convex_hull_area_km2":0.079,"centroid_lat":21.6253,"centroid_lon":82.5281,"mean_persistence_7d":1.5,"share_forest_shrub":1.0,"share_industrial":0.0,"dominant_land_cover":10,"dominant_class":0,"dominant_label":"Wildfire","is_outbreak_front":false,"is_persistent_cluster":false,"cluster_id":484686}},{"type":"Feature","id":484687,"geometry":{"type":"Polygon","coordinates":[[[83.17489,21.79237],[83.17403,21.79641],[83.18584,21.80634],[83.17489,21.79237]]]},"properties":{"cluster_date":"2024-12-28","cluster_fire_count":3,"total_cluster_frp":13.62,"max_frp":5.23,"cluster_convex_hull_area_km2":0.3101,"centroid_lat":21.7984,"centroid_lon":83.1783,"mean_persistence_7d":1.0,"share_forest_shrub":1.0,"share_industrial":0.0,"dominant_land_cover":10,"dominant_class":0,"dominant_label":"Wildfire","is_outbreak_front":false,"is_persistent_cluster":false,"cluster_id":484687}},{"type":"Feature","id":484688,"geometry":{"type":"Polygon","coordinates":[[[82.78104,21.7154],[82.75658,21.73064],[82.74076,21.74494],[82.69664,21.97149],[82.69771,21.97233],[82.7189,21.96392],[82.73681,21.9261],[82.7493,21.8976],[82.79648,21.77922],[82.79705,21.77593],[82.79969,21.73846],[82.78104,21.7154]]]},"properties":{"cluster_date":"2024-12-28","cluster_fire_count":70,"total_cluster_frp":407.22,"max_frp":17.77,"cluster_convex_hull_area_km2":122.1941,"centroid_lat":21.8519,"centroid_lon":82.7502,"mean_persistence_7d":1.1286,"share_forest_shrub":1.0,"share_industrial":0.0,"dominant_land_cover":10,"dominant_class":0,"dominant_label":"Wildfire","is_outbreak_front":false,"is_persistent_cluster":false,"cluster_id":484688}},{"type":"Feature","id":484689,"geometry":{"type":"Polygon","coordinates":[[[82.48576,21.70557],[82.49316,21.71447],[82.49329,21.71139],[82.48576,21.70557]]]},"properties":{"cluster_date":"2024-12-28","cluster_fire_count":3,"total_cluster_frp":9.51,"max_frp":3.95,"cluster_convex_hull_area_km2":0.1321,"centroid_lat":21.7105,"centroid_lon":82.4907,"mean_persistence_7d":1.0,"share_forest_shrub":1.0,"share_industrial":0.0,"dominant_land_cover":10,"dominant_class":0,"dominant_label":"Wildfire","is_outbreak_front":false,"is_persistent_cluster":false,"cluster_id":484689}},{"type":"Feature","id":484690,"geometry":{"type":"Polygon","coordinates":[[[83.12992,21.83449],[83.12778,21.83539],[83.13148,21.83593],[83.12992,21.83449]]]},"properties":{"cluster_date":"2024-12-28","cluster_fire_count":3,"total_cluster_frp":7.8,"max_frp":2.72,"cluster_convex_hull_area_km2":0.0247,"centroid_lat":21.8353,"centroid_lon":83.1297,"mean_persistence_7d":0.6667,"share_forest_shrub":1.0,"share_industrial":0.0,"dominant_land_cover":10,"dominant_class":0,"dominant_label":"Wildfire","is_outbreak_front":false,"is_persistent_cluster":false,"cluster_id":484690}},{"type":"Feature","id":484691,"geometry":{"type":"Polygon","coordinates":[[[83.23164,21.85073],[83.22547,21.85181],[83.20397,21.8568],[83.27439,21.89089],[83.29411,21.88702],[83.23164,21.85073]]]},"properties":{"cluster_date":"2024-12-28","cluster_fire_count":9,"total_cluster_frp":26.31,"max_frp":5.24,"cluster_convex_hull_area_km2":12.8681,"centroid_lat":21.8694,"centroid_lon":83.2475,"mean_persistence_7d":0.6667,"share_forest_shrub":1.0,"share_industrial":0.1111,"dominant_land_cover":10,"dominant_class":0,"dominant_label":"Wildfire","is_outbreak_front":true,"is_persistent_cluster":false,"cluster_id":484691}},{"type":"Feature","id":484692,"geometry":{"type":"Polygon","coordinates":[[[82.43314,21.71739],[82.42888,21.72012],[82.44299,21.72227],[82.43314,21.71739]]]},"properties":{"cluster_date":"2024-12-28","cluster_fire_count":3,"total_cluster_frp":9.45,"max_frp":3.16,"cluster_convex_hull_area_km2":0.263,"centroid_lat":21.7199,"centroid_lon":82.435,"mean_persistence_7d":2.3333,"share_forest_shrub":1.0,"share_industrial":0.0,"dominant_land_cover":10,"dominant_class":0,"dominant_label":"Wildfire","is_outbreak_front":false,"is_persistent_cluster":false,"cluster_id":484692}},{"type":"Feature","id":484693,"geometry":{"type":"Polygon","coordinates":[[[82.64512,21.7746],[82.62138,21.78656],[82.65282,21.80145],[82.66718,21.79187],[82.66808,21.7877],[82.64512,21.7746]]]},"properties":{"cluster_date":"2024-12-28","cluster_fire_count":9,"total_cluster_frp":33.62,"max_frp":6.5,"cluster_convex_hull_area_km2":7.1467,"centroid_lat":21.7864,"centroid_lon":82.6498,"mean_persistence_7d":0.0,"share_forest_shrub":1.0,"share_industrial":0.0,"dominant_land_cover":10,"dominant_class":0,"dominant_label":"Wildfire","is_outbreak_front":true,"is_persistent_cluster":false,"cluster_id":484693}},{"type":"Feature","id":484694,"geometry":{"type":"Polygon","coordinates":[[[82.45589,21.76442],[82.45512,21.76466],[82.45454,21.76795],[82.48631,21.84428],[82.48999,21.84484],[82.54201,21.80828],[82.54258,21.80499],[82.5373,21.79317],[82.46015,21.76524],[82.45589,21.76442]]]},"properties":{"cluster_date":"2024-12-28","cluster_fire_count":22,"total_cluster_frp":151.73,"max_frp":17.91,"cluster_convex_hull_area_km2":39.1319,"centroid_lat":21.7985,"centroid_lon":82.4866,"mean_persistence_7d":0.5,"share_forest_shrub":1.0,"share_industrial":0.0,"dominant_land_cover":10,"dominant_class":0,"dominant_label":"Wildfire","is_outbreak_front":true,"is_persistent_cluster":false,"cluster_id":484694}},{"type":"Feature","id":484695,"geometry":{"type":"Polygon","coordinates":[[[82.69162,21.81744],[82.67886,21.82564],[82.69672,21.83217],[82.69671,21.83172],[82.6953,21.818],[82.69162,21.81744]]]},"properties":{"cluster_date":"2024-12-28","cluster_fire_count":8,"total_cluster_frp":29.9,"max_frp":4.65,"cluster_convex_hull_area_km2":1.5521,"centroid_lat":21.8228,"centroid_lon":82.6921,"mean_persistence_7d":1.0,"share_forest_shrub":1.0,"share_industrial":0.0,"dominant_land_cover":10,"dominant_class":0,"dominant_label":"Wildfire","is_outbreak_front":true,"is_persistent_cluster":false,"cluster_id":484695}},{"type":"Feature","id":484696,"geometry":{"type":"Polygon","coordinates":[[[83.7337,22.03905],[83.72935,22.04184],[83.7313,22.04466],[83.73695,22.04293],[83.73746,22.04173],[83.73749,22.03959],[83.7337,22.03905]]]},"properties":{"cluster_date":"2024-12-28","cluster_fire_count":8,"total_cluster_frp":58.02,"max_frp":9.11,"cluster_convex_hull_area_km2":0.326,"centroid_lat":22.0416,"centroid_lon":83.7339,"mean_persistence_7d":7.0,"share_forest_shrub":1.0,"share_industrial":0.0,"dominant_land_cover":30,"dominant_class":4,"dominant_label":"Persistent thermal source","is_outbreak_front":false,"is_persistent_cluster":false,"cluster_id":484696}},{"type":"Feature","id":484697,"geometry":{"type":"Polygon","coordinates":[[[82.80753,21.86867],[82.80679,21.87014],[82.81433,21.87307],[82.80753,21.86867]]]},"properties":{"cluster_date":"2024-12-28","cluster_fire_count":3,"total_cluster_frp":23.22,"max_frp":10.48,"cluster_convex_hull_area_km2":0.073,"centroid_lat":21.8706,"centroid_lon":82.8096,"mean_persistence_7d":0.0,"share_forest_shrub":1.0,"share_industrial":0.0,"dominant_land_cover":10,"dominant_class":0,"dominant_label":"Wildfire","is_outbreak_front":false,"is_persistent_cluster":false,"cluster_id":484697}},{"type":"Feature","id":484698,"geometry":{"type":"Polygon","coordinates":[[[83.0037,21.9143],[83.0034,21.91533],[83.00323,21.91869],[83.00379,21.91539],[83.0037,21.9143]]]},"properties":{"cluster_date":"2024-12-28","cluster_fire_count":4,"total_cluster_frp":16.24,"max_frp":7.46,"cluster_convex_hull_area_km2":0.0096,"centroid_lat":21.9159,"centroid_lon":83.0035,"mean_persistence_7d":1.0,"share_forest_shrub":1.0,"share_industrial":0.0,"dominant_land_cover":10,"dominant_class":0,"dominant_label":"Wildfire","is_outbreak_front":false,"is_persistent_cluster":false,"cluster_id":484698}},{"type":"Feature","id":484699,"geometry":{"type":"Polygon","coordinates":[[[82.40964,21.80839],[82.40301,21.82812],[82.41089,21.81202],[82.41081,21.80868],[82.40964,21.80839]]]},"properties":{"cluster_date":"2024-12-28","cluster_fire_count":4,"total_cluster_frp":22.92,"max_frp":12.83,"cluster_convex_hull_area_km2":0.29,"centroid_lat":21.8143,"centroid_lon":82.4086,"mean_persistence_7d":0.75,"share_forest_shrub":1.0,"share_industrial":0.0,"dominant_land_cover":10,"dominant_class":0,"dominant_label":"Wildfire","is_outbreak_front":false,"is_persistent_cluster":false,"cluster_id":484699}},{"type":"Feature","id":484700,"geometry":{"type":"Polygon","coordinates":[[[82.65617,21.86425],[82.6254,21.89241],[82.66624,21.89654],[82.70284,21.86464],[82.65617,21.86425]]]},"properties":{"cluster_date":"2024-12-28","cluster_fire_count":11,"total_cluster_frp":36.56,"max_frp":6.37,"cluster_convex_hull_area_km2":15.3152,"centroid_lat":21.8839,"centroid_lon":82.6613,"mean_persistence_7d":0.9091,"share_forest_shrub":1.0,"share_industrial":0.0,"dominant_land_cover":10,"dominant_class":0,"dominant_label":"Wildfire","is_outbreak_front":true,"is_persistent_cluster":false,"cluster_id":484700}},{"type":"Feature","id":484701,"geometry":{"type":"Polygon","coordinates":[[[82.98537,21.95659],[82.9885,21.96044],[82.98907,21.95714],[82.98537,21.95659]]]},"properties":{"cluster_date":"2024-12-28","cluster_fire_count":4,"total_cluster_frp":22.36,"max_frp":6.91,"cluster_convex_hull_area_km2":0.0689,"centroid_lat":21.9579,"centroid_lon":82.9873,"mean_persistence_7d":0.0,"share_forest_shrub":1.0,"share_industrial":0.0,"dominant_land_cover":10,"dominant_class":0,"dominant_label":"Wildfire","is_outbreak_front":false,"is_persistent_cluster":false,"cluster_id":484701}},{"type":"Feature","id":484702,"geometry":{"type":"Polygon","coordinates":[[[82.43803,21.87014],[82.41308,21.87365],[82.47971,21.90007],[82.51257,21.8888],[82.52535,21.88061],[82.5164,21.87207],[82.43803,21.87014]]]},"properties":{"cluster_date":"2024-12-28","cluster_fire_count":20,"total_cluster_frp":121.06,"max_frp":13.59,"cluster_convex_hull_area_km2":21.1926,"centroid_lat":21.883,"centroid_lon":82.4821,"mean_persistence_7d":0.7,"share_forest_shrub":1.0,"share_industrial":0.0,"dominant_land_cover":10,"dominant_class":0,"dominant_label":"Wildfire","is_outbreak_front":true,"is_persistent_cluster":false,"cluster_id":484702}},{"type":"Feature","id":484703,"geometry":{"type":"Polygon","coordinates":[[[82.59624,21.86436],[82.56416,21.89664],[82.62185,21.95677],[82.64169,21.97327],[82.635,21.92425],[82.59994,21.86492],[82.59624,21.86436]]]},"properties":{"cluster_date":"2024-12-28","cluster_fire_count":16,"total_cluster_frp":53.52,"max_frp":8.16,"cluster_convex_hull_area_km2":38.0078,"centroid_lat":21.9124,"centroid_lon":82.6008,"mean_persistence_7d":0.4375,"share_forest_shrub":1.0,"share_industrial":0.0,"dominant_land_cover":10,"dominant_class":0,"dominant_label":"Wildfire","is_outbreak_front":true,"is_persistent_cluster":false,"cluster_id":484703}},{"type":"Feature","id":484704,"geometry":{"type":"Polygon","coordinates":[[[83.00343,22.0511],[83.0032,22.05252],[83.01321,22.06288],[83.00343,22.0511]]]},"properties":{"cluster_date":"2024-12-28","cluster_fire_count":3,"total_cluster_frp":13.99,"max_frp":5.7,"cluster_convex_hull_area_km2":0.0913,"centroid_lat":22.0555,"centroid_lon":83.0066,"mean_persistence_7d":0.3333,"share_forest_shrub":1.0,"share_industrial":0.0,"dominant_land_cover":10,"dominant_class":0,"dominant_label":"Wildfire","is_outbreak_front":false,"is_persistent_cluster":false,"cluster_id":484704}},{"type":"Feature","id":484705,"geometry":{"type":"Polygon","coordinates":[[[82.57413,21.99178],[82.55244,21.99197],[82.52944,22.01807],[82.54698,22.01706],[82.57413,21.99178]]]},"properties":{"cluster_date":"2024-12-28","cluster_fire_count":5,"total_cluster_frp":22.06,"max_frp":7.68,"cluster_convex_hull_area_km2":5.3806,"centroid_lat":22.007,"centroid_lon":82.55,"mean_persistence_7d":0.2,"share_forest_shrub":1.0,"share_industrial":0.0,"dominant_land_cover":10,"dominant_class":0,"dominant_label":"Wildfire","is_outbreak_front":true,"is_persistent_cluster":false,"cluster_id":484705}},{"type":"Feature","id":484706,"geometry":{"type":"Polygon","coordinates":[[[82.8819,22.07353],[82.86741,22.09163],[82.9081,22.09772],[82.9096,22.08993],[82.90039,22.0763],[82.8819,22.07353]]]},"properties":{"cluster_date":"2024-12-28","cluster_fire_count":9,"total_cluster_frp":34.27,"max_frp":7.86,"cluster_convex_hull_area_km2":7.1035,"centroid_lat":22.0887,"centroid_lon":82.9,"mean_persistence_7d":0.6667,"share_forest_shrub":1.0,"share_industrial":0.0,"dominant_land_cover":10,"dominant_class":0,"dominant_label":"Wildfire","is_outbreak_front":true,"is_persistent_cluster":false,"cluster_id":484706}},{"type":"Feature","id":484707,"geometry":{"type":"Polygon","coordinates":[[[87.86543,22.94376],[87.87682,22.96597],[87.8905,22.95602],[87.86543,22.94376]]]},"properties":{"cluster_date":"2024-12-28","cluster_fire_count":6,"total_cluster_frp":22.31,"max_frp":5.86,"cluster_convex_hull_area_km2":2.2783,"centroid_lat":22.9579,"centroid_lon":87.8791,"mean_persistence_7d":0.1667,"share_forest_shrub":1.0,"share_industrial":0.0,"dominant_land_cover":30,"dominant_class":1,"dominant_label":"Agricultural burning","is_outbreak_front":true,"is_persistent_cluster":false,"cluster_id":484707}},{"type":"Feature","id":484708,"geometry":{"type":"Polygon","coordinates":[[[87.75832,23.00157],[87.77347,23.02439],[87.79285,23.02401],[87.75832,23.00157]]]},"properties":{"cluster_date":"2024-12-28","cluster_fire_count":3,"total_cluster_frp":8.23,"max_frp":4.4,"cluster_convex_hull_area_km2":2.4453,"centroid_lat":23.0167,"centroid_lon":87.7749,"mean_persistence_7d":0.6667,"share_forest_shrub":1.0,"share_industrial":0.0,"dominant_land_cover":30,"dominant_class":1,"dominant_label":"Agricultural burning","is_outbreak_front":false,"is_persistent_cluster":false,"cluster_id":484708}},{"type":"Feature","id":484709,"geometry":{"type":"Polygon","coordinates":[[[86.20475,22.78898],[86.20161,22.79033],[86.2071,22.79705],[86.20475,22.78898]]]},"properties":{"cluster_date":"2024-12-28","cluster_fire_count":3,"total_cluster_frp":11.0,"max_frp":5.12,"cluster_convex_hull_area_km2":0.1559,"centroid_lat":22.7921,"centroid_lon":86.2045,"mean_persistence_7d":6.3333,"share_forest_shrub":0.0,"share_industrial":1.0,"dominant_land_cover":50,"dominant_class":4,"dominant_label":"Persistent thermal source","is_outbreak_front":false,"is_persistent_cluster":true,"cluster_id":484709}},{"type":"Feature","id":484710,"geometry":{"type":"Polygon","coordinates":[[[87.77808,23.0626],[87.76432,23.07318],[87.78685,23.07672],[87.77808,23.0626]]]},"properties":{"cluster_date":"2024-12-28","cluster_fire_count":3,"total_cluster_frp":18.99,"max_frp":10.02,"cluster_convex_hull_area_km2":1.5665,"centroid_lat":23.0708,"centroid_lon":87.7764,"mean_persistence_7d":0.3333,"share_forest_shrub":1.0,"share_industrial":0.0,"dominant_land_cover":30,"dominant_class":1,"dominant_label":"Agricultural burning","is_outbreak_front":false,"is_persistent_cluster":false,"cluster_id":484710}},{"type":"Feature","id":484711,"geometry":{"type":"Polygon","coordinates":[[[87.89007,23.10306],[87.88391,23.11572],[87.88211,23.12565],[87.90894,23.12642],[87.89382,23.10364],[87.89007,23.10306]]]},"properties":{"cluster_date":"2024-12-28","cluster_fire_count":5,"total_cluster_frp":13.92,"max_frp":4.4,"cluster_convex_hull_area_km2":3.9669,"centroid_lat":23.1149,"centroid_lon":87.8918,"mean_persistence_7d":0.4,"share_forest_shrub":1.0,"share_industrial":0.0,"dominant_land_cover":30,"dominant_class":1,"dominant_label":"Agricultural burning","is_outbreak_front":true,"is_persistent_cluster":false,"cluster_id":484711}},{"type":"Feature","id":484712,"geometry":{"type":"Polygon","coordinates":[[[87.72189,23.09381],[87.72468,23.14198],[87.73447,23.11959],[87.73329,23.11605],[87.72189,23.09381]]]},"properties":{"cluster_date":"2024-12-28","cluster_fire_count":5,"total_cluster_frp":14.05,"max_frp":3.7,"cluster_convex_hull_area_km2":2.9901,"centroid_lat":23.1182,"centroid_lon":87.7294,"mean_persistence_7d":0.2,"share_forest_shrub":1.0,"share_industrial":0.0,"dominant_land_cover":30,"dominant_class":1,"dominant_label":"Agricultural burning","is_outbreak_front":true,"is_persistent_cluster":false,"cluster_id":484712}},{"type":"Feature","id":484713,"geometry":{"type":"Polygon","coordinates":[[[88.04496,23.16409],[88.03638,23.16657],[88.04385,23.17235],[88.04496,23.16409]]]},"properties":{"cluster_date":"2024-12-28","cluster_fire_count":3,"total_cluster_frp":9.1,"max_frp":4.07,"cluster_convex_hull_area_km2":0.3714,"centroid_lat":23.1677,"centroid_lon":88.0417,"mean_persistence_7d":1.6667,"share_forest_shrub":1.0,"share_industrial":0.0,"dominant_land_cover":30,"dominant_class":1,"dominant_label":"Agricultural burning","is_outbreak_front":false,"is_persistent_cluster":false,"cluster_id":484713}},{"type":"Feature","id":484714,"geometry":{"type":"Polygon","coordinates":[[[87.85293,23.15001],[87.85613,23.16246],[87.85631,23.15455],[87.85293,23.15001]]]},"properties":{"cluster_date":"2024-12-28","cluster_fire_count":3,"total_cluster_frp":7.85,"max_frp":3.74,"cluster_convex_hull_area_km2":0.1503,"centroid_lat":23.1557,"centroid_lon":87.8551,"mean_persistence_7d":0.6667,"share_forest_shrub":1.0,"share_industrial":0.0,"dominant_land_cover":30,"dominant_class":1,"dominant_label":"Agricultural burning","is_outbreak_front":false,"is_persistent_cluster":false,"cluster_id":484714}},{"type":"Feature","id":484715,"geometry":{"type":"Polygon","coordinates":[[[87.55764,23.12264],[87.54904,23.14791],[87.55293,23.16903],[87.57108,23.15481],[87.55764,23.12264]]]},"properties":{"cluster_date":"2024-12-28","cluster_fire_count":8,"total_cluster_frp":27.58,"max_frp":6.84,"cluster_convex_hull_area_km2":5.7527,"centroid_lat":23.151,"centroid_lon":87.56,"mean_persistence_7d":1.5,"share_forest_shrub":1.0,"share_industrial":0.0,"dominant_land_cover":30,"dominant_class":1,"dominant_label":"Agricultural burning","is_outbreak_front":false,"is_persistent_cluster":false,"cluster_id":484715}},{"type":"Feature","id":484716,"geometry":{"type":"Polygon","coordinates":[[[88.02394,23.19935],[88.01798,23.20452],[88.02606,23.20237],[88.02795,23.19983],[88.02394,23.19935]]]},"properties":{"cluster_date":"2024-12-28","cluster_fire_count":4,"total_cluster_frp":13.04,"max_frp":4.12,"cluster_convex_hull_area_km2":0.2183,"centroid_lat":23.2015,"centroid_lon":88.024,"mean_persistence_7d":1.25,"share_forest_shrub":1.0,"share_industrial":0.0,"dominant_land_cover":30,"dominant_class":1,"dominant_label":"Agricultural burning","is_outbreak_front":false,"is_persistent_cluster":false,"cluster_id":484716}},{"type":"Feature","id":484717,"geometry":{"type":"Polygon","coordinates":[[[87.67845,23.1615],[87.67419,23.18471],[87.68172,23.1859],[87.70928,23.1834],[87.70809,23.16988],[87.67845,23.1615]]]},"properties":{"cluster_date":"2024-12-28","cluster_fire_count":6,"total_cluster_frp":20.27,"max_frp":3.64,"cluster_convex_hull_area_km2":6.8219,"centroid_lat":23.1774,"centroid_lon":87.6878,"mean_persistence_7d":0.1667,"share_forest_shrub":1.0,"share_industrial":0.0,"dominant_land_cover":30,"dominant_class":1,"dominant_label":"Agricultural burning","is_outbreak_front":true,"is_persistent_cluster":false,"cluster_id":484717}},{"type":"Feature","id":484718,"geometry":{"type":"Polygon","coordinates":[[[87.90524,23.23103],[87.90598,23.24815],[87.90973,23.24874],[87.90524,23.23103]]]},"properties":{"cluster_date":"2024-12-28","cluster_fire_count":4,"total_cluster_frp":13.33,"max_frp":4.44,"cluster_convex_hull_area_km2":0.3474,"centroid_lat":23.2438,"centroid_lon":87.9072,"mean_persistence_7d":0.75,"share_forest_shrub":1.0,"share_industrial":0.0,"dominant_land_cover":30,"dominant_class":1,"dominant_label":"Agricultural burning","is_outbreak_front":false,"is_persistent_cluster":false,"cluster_id":484718}},{"type":"Feature","id":484719,"geometry":{"type":"Polygon","coordinates":[[[88.04318,23.27121],[88.02541,23.29043],[88.02833,23.29046],[88.04652,23.28009],[88.04318,23.27121]]]},"properties":{"cluster_date":"2024-12-28","cluster_fire_count":4,"total_cluster_frp":12.57,"max_frp":6.74,"cluster_convex_hull_area_km2":1.3772,"centroid_lat":23.283,"centroid_lon":88.0359,"mean_persistence_7d":1.25,"share_forest_shrub":1.0,"share_industrial":0.0,"dominant_land_cover":30,"dominant_class":1,"dominant_label":"Agricultural burning","is_outbreak_front":false,"is_persistent_cluster":false,"cluster_id":484719}},{"type":"Feature","id":484720,"geometry":{"type":"Polygon","coordinates":[[[87.94218,23.26367],[87.94167,23.26389],[87.94563,23.26825],[87.96983,23.27845],[87.94218,23.26367]]]},"properties":{"cluster_date":"2024-12-28","cluster_fire_count":4,"total_cluster_frp":14.21,"max_frp":5.48,"cluster_convex_hull_area_km2":0.4289,"centroid_lat":23.2686,"centroid_lon":87.9498,"mean_persistence_7d":0.5,"share_forest_shrub":1.0,"share_industrial":0.0,"dominant_land_cover":30,"dominant_class":1,"dominant_label":"Agricultural burning","is_outbreak_front":false,"is_persistent_cluster":false,"cluster_id":484720}},{"type":"Feature","id":484721,"geometry":{"type":"Polygon","coordinates":[[[87.72836,23.2798],[87.71609,23.29267],[87.75551,23.28862],[87.75885,23.2876],[87.76331,23.284],[87.76386,23.27994],[87.72836,23.2798]]]},"properties":{"cluster_date":"2024-12-28","cluster_fire_count":8,"total_cluster_frp":29.82,"max_frp":8.28,"cluster_convex_hull_area_km2":4.3774,"centroid_lat":23.2853,"centroid_lon":87.7507,"mean_persistence_7d":1.25,"share_forest_shrub":1.0,"share_industrial":0.0,"dominant_land_cover":30,"dominant_class":0,"dominant_label":"Wildfire","is_outbreak_front":false,"is_persistent_cluster":false,"cluster_id":484721}},{"type":"Feature","id":484722,"geometry":{"type":"Polygon","coordinates":[[[87.62072,23.28451],[87.5982,23.30145],[87.59259,23.31081],[87.60575,23.30264],[87.62072,23.28451]]]},"properties":{"cluster_date":"2024-12-28","cluster_fire_count":4,"total_cluster_frp":18.78,"max_frp":5.83,"cluster_convex_hull_area_km2":1.2638,"centroid_lat":23.2999,"centroid_lon":87.6043,"mean_persistence_7d":1.75,"share_forest_shrub":1.0,"share_industrial":0.0,"dominant_land_cover":30,"dominant_class":0,"dominant_label":"Wildfire","is_outbreak_front":false,"is_persistent_cluster":false,"cluster_id":484722}},{"type":"Feature","id":484723,"geometry":{"type":"Polygon","coordinates":[[[87.67675,23.31718],[87.69496,23.32345],[87.69561,23.32179],[87.67675,23.31718]]]},"properties":{"cluster_date":"2024-12-28","cluster_fire_count":3,"total_cluster_frp":6.3,"max_frp":2.8,"cluster_convex_hull_area_km2":0.1868,"centroid_lat":23.3208,"centroid_lon":87.6891,"mean_persistence_7d":0.6667,"share_forest_shrub":1.0,"share_industrial":0.0,"dominant_land_cover":30,"dominant_class":1,"dominant_label":"Agricultural burning","is_outbreak_front":false,"is_persistent_cluster":false,"cluster_id":484723}},{"type":"Feature","id":484724,"geometry":{"type":"Polygon","coordinates":[[[87.64276,23.30743],[87.63408,23.31732],[87.59852,23.36293],[87.59097,23.39244],[87.62317,23.3799],[87.65759,23.34198],[87.64276,23.30743]]]},"properties":{"cluster_date":"2024-12-28","cluster_fire_count":22,"total_cluster_frp":80.14,"max_frp":9.96,"cluster_convex_hull_area_km2":25.9714,"centroid_lat":23.345,"centroid_lon":87.626,"mean_persistence_7d":1.6818,"share_forest_shrub":1.0,"share_industrial":0.0,"dominant_land_cover":30,"dominant_class":0,"dominant_label":"Wildfire","is_outbreak_front":false,"is_persistent_cluster":false,"cluster_id":484724}},{"type":"Feature","id":484725,"geometry":{"type":"Polygon","coordinates":[[[87.50208,23.291],[87.50097,23.299],[87.50131,23.29986],[87.50208,23.291]]]},"properties":{"cluster_date":"2024-12-28","cluster_fire_count":3,"total_cluster_frp":17.53,"max_frp":10.07,"cluster_convex_hull_area_km2":0.02,"centroid_lat":23.2966,"centroid_lon":87.5015,"mean_persistence_7d":1.0,"share_forest_shrub":1.0,"share_industrial":0.0,"dominant_land_cover":30,"dominant_class":1,"dominant_label":"Agricultural burning","is_outbreak_front":false,"is_persistent_cluster":false,"cluster_id":484725}},{"type":"Feature","id":484726,"geometry":{"type":"Polygon","coordinates":[[[87.90265,23.38328],[87.89944,23.40972],[87.9131,23.39823],[87.90265,23.38328]]]},"properties":{"cluster_date":"2024-12-28","cluster_fire_count":3,"total_cluster_frp":6.78,"max_frp":2.77,"cluster_convex_hull_area_km2":1.765,"centroid_lat":23.3971,"centroid_lon":87.9051,"mean_persistence_7d":1.0,"share_forest_shrub":1.0,"share_industrial":0.0,"dominant_land_cover":30,"dominant_class":1,"dominant_label":"Agricultural burning","is_outbreak_front":false,"is_persistent_cluster":false,"cluster_id":484726}},{"type":"Feature","id":484727,"geometry":{"type":"Polygon","coordinates":[[[88.03336,23.43863],[88.03256,23.44367],[88.03316,23.44036],[88.03336,23.43863]]]},"properties":{"cluster_date":"2024-12-28","cluster_fire_count":3,"total_cluster_frp":14.16,"max_frp":6.7,"cluster_convex_hull_area_km2":0.002,"centroid_lat":23.4409,"centroid_lon":88.033,"mean_persistence_7d":2.0,"share_forest_shrub":1.0,"share_industrial":0.0,"dominant_land_cover":30,"dominant_class":1,"dominant_label":"Agricultural burning","is_outbreak_front":false,"is_persistent_cluster":false,"cluster_id":484727}},{"type":"Feature","id":484728,"geometry":{"type":"Polygon","coordinates":[[[87.66352,23.41352],[87.66292,23.41683],[87.67045,23.41801],[87.66352,23.41352]]]},"properties":{"cluster_date":"2024-12-28","cluster_fire_count":3,"total_cluster_frp":5.37,"max_frp":2.27,"cluster_convex_hull_area_km2":0.1395,"centroid_lat":23.4161,"centroid_lon":87.6656,"mean_persistence_7d":0.3333,"share_forest_shrub":1.0,"share_industrial":0.0,"dominant_land_cover":30,"dominant_class":1,"dominant_label":"Agricultural burning","is_outbreak_front":false,"is_persistent_cluster":false,"cluster_id":484728}},{"type":"Feature","id":484729,"geometry":{"type":"Polygon","coordinates":[[[87.35948,23.38572],[87.37454,23.39961],[87.37821,23.39935],[87.38325,23.39329],[87.38387,23.38997],[87.35948,23.38572]]]},"properties":{"cluster_date":"2024-12-28","cluster_fire_count":6,"total_cluster_frp":26.73,"max_frp":7.06,"cluster_convex_hull_area_km2":1.7455,"centroid_lat":23.3944,"centroid_lon":87.3756,"mean_persistence_7d":2.5,"share_forest_shrub":1.0,"share_industrial":0.0,"dominant_land_cover":30,"dominant_class":1,"dominant_label":"Agricultural burning","is_outbreak_front":false,"is_persistent_cluster":false,"cluster_id":484729}},{"type":"Feature","id":484730,"geometry":{"type":"Polygon","coordinates":[[[87.43452,23.43917],[87.43826,23.43962],[87.43714,23.43943],[87.43452,23.43917]]]},"properties":{"cluster_date":"2024-12-28","cluster_fire_count":3,"total_cluster_frp":14.68,"max_frp":7.36,"cluster_convex_hull_area_km2":0.0011,"centroid_lat":23.4394,"centroid_lon":87.4366,"mean_persistence_7d":1.0,"share_forest_shrub":1.0,"share_industrial":0.0,"dominant_land_cover":30,"dominant_class":1,"dominant_label":"Agricultural burning","is_outbreak_front":false,"is_persistent_cluster":false,"cluster_id":484730}},{"type":"Feature","id":484731,"geometry":{"type":"Polygon","coordinates":[[[87.94635,23.53509],[87.9455,23.54877],[87.9489,23.54228],[87.9495,23.53897],[87.94635,23.53509]]]},"properties":{"cluster_date":"2024-12-28","cluster_fire_count":4,"total_cluster_frp":9.35,"max_frp":3.07,"cluster_convex_hull_area_km2":0.2922,"centroid_lat":23.5413,"centroid_lon":87.9476,"mean_persistence_7d":2.5,"share_forest_shrub":1.0,"share_industrial":0.0,"dominant_land_cover":30,"dominant_class":1,"dominant_label":"Agricultural burning","is_outbreak_front":false,"is_persistent_cluster":false,"cluster_id":484731}},{"type":"Feature","id":484732,"geometry":{"type":"Polygon","coordinates":[[[87.71419,23.55955],[87.69691,23.56991],[87.71381,23.56022],[87.71419,23.55955]]]},"properties":{"cluster_date":"2024-12-28","cluster_fire_count":3,"total_cluster_frp":16.1,"max_frp":9.49,"cluster_convex_hull_area_km2":0.0415,"centroid_lat":23.5632,"centroid_lon":87.7083,"mean_persistence_7d":0.6667,"share_forest_shrub":1.0,"share_industrial":0.0,"dominant_land_cover":30,"dominant_class":1,"dominant_label":"Agricultural burning","is_outbreak_front":false,"is_persistent_cluster":false,"cluster_id":484732}},{"type":"Feature","id":484733,"geometry":{"type":"Polygon","coordinates":[[[87.66679,23.56311],[87.63918,23.56562],[87.64623,23.59012],[87.66692,23.58696],[87.66679,23.56311]]]},"properties":{"cluster_date":"2024-12-28","cluster_fire_count":7,"total_cluster_frp":22.83,"max_frp":5.89,"cluster_convex_hull_area_km2":6.4571,"centroid_lat":23.5773,"centroid_lon":87.6554,"mean_persistence_7d":0.1429,"share_forest_shrub":1.0,"share_industrial":0.0,"dominant_land_cover":30,"dominant_class":1,"dominant_label":"Agricultural burning","is_outbreak_front":true,"is_persistent_cluster":false,"cluster_id":484733}},{"type":"Feature","id":484734,"geometry":{"type":"Polygon","coordinates":[[[87.66785,23.64122],[87.65517,23.64356],[87.65156,23.64549],[87.65462,23.64762],[87.66785,23.64122]]]},"properties":{"cluster_date":"2024-12-28","cluster_fire_count":5,"total_cluster_frp":17.23,"max_frp":5.22,"cluster_convex_hull_area_km2":0.3465,"centroid_lat":23.6448,"centroid_lon":87.6569,"mean_persistence_7d":0.8,"share_forest_shrub":1.0,"share_industrial":0.0,"dominant_land_cover":30,"dominant_class":1,"dominant_label":"Agricultural burning","is_outbreak_front":true,"is_persistent_cluster":false,"cluster_id":484734}},{"type":"Feature","id":484735,"geometry":{"type":"Polygon","coordinates":[[[87.92192,23.71126],[87.90073,23.72159],[87.90215,23.72226],[87.91576,23.72391],[87.92192,23.71126]]]},"properties":{"cluster_date":"2024-12-28","cluster_fire_count":4,"total_cluster_frp":10.12,"max_frp":3.66,"cluster_convex_hull_area_km2":1.1466,"centroid_lat":23.7198,"centroid_lon":87.9101,"mean_persistence_7d":0.75,"share_forest_shrub":1.0,"share_industrial":0.0,"dominant_land_cover":30,"dominant_class":1,"dominant_label":"Agricultural burning","is_outbreak_front":false,"is_persistent_cluster":false,"cluster_id":484735}},{"type":"Feature","id":484736,"geometry":{"type":"Polygon","coordinates":[[[88.1645,23.75717],[88.164,23.75859],[88.16222,23.7685],[88.16232,23.77394],[88.1645,23.75717]]]},"properties":{"cluster_date":"2024-12-28","cluster_fire_count":4,"total_cluster_frp":16.88,"max_frp":5.77,"cluster_convex_hull_area_km2":0.0866,"centroid_lat":23.7645,"centroid_lon":88.1633,"mean_persistence_7d":0.0,"share_forest_shrub":1.0,"share_industrial":0.0,"dominant_land_cover":30,"dominant_class":1,"dominant_label":"Agricultural burning","is_outbreak_front":false,"is_persistent_cluster":false,"cluster_id":484736}},{"type":"Feature","id":484737,"geometry":{"type":"Polygon","coordinates":[[[88.02147,23.73677],[87.98283,23.77782],[88.00354,23.7912],[88.04304,23.75145],[88.03528,23.74569],[88.02147,23.73677]]]},"properties":{"cluster_date":"2024-12-28","cluster_fire_count":14,"total_cluster_frp":47.19,"max_frp":5.95,"cluster_convex_hull_area_km2":15.2769,"centroid_lat":23.7665,"centroid_lon":88.0152,"mean_persistence_7d":1.7143,"share_forest_shrub":1.0,"share_industrial":0.0,"dominant_land_cover":30,"dominant_class":0,"dominant_label":"Wildfire","is_outbreak_front":false,"is_persistent_cluster":false,"cluster_id":484737}},{"type":"Feature","id":484738,"geometry":{"type":"Polygon","coordinates":[[[88.0866,23.76034],[88.06778,23.77729],[88.06986,23.77744],[88.07964,23.77571],[88.0866,23.76034]]]},"properties":{"cluster_date":"2024-12-28","cluster_fire_count":5,"total_cluster_frp":18.62,"max_frp":6.34,"cluster_convex_hull_area_km2":0.957,"centroid_lat":23.773,"centroid_lon":88.0765,"mean_persistence_7d":0.2,"share_forest_shrub":1.0,"share_industrial":0.0,"dominant_land_cover":30,"dominant_class":1,"dominant_label":"Agricultural burning","is_outbreak_front":true,"is_persistent_cluster":false,"cluster_id":484738}},{"type":"Feature","id":484739,"geometry":{"type":"Polygon","coordinates":[[[87.94043,23.74355],[87.91136,23.75126],[87.93146,23.76311],[87.96935,23.74935],[87.96967,23.7458],[87.96592,23.74522],[87.94043,23.74355]]]},"properties":{"cluster_date":"2024-12-28","cluster_fire_count":8,"total_cluster_frp":20.69,"max_frp":4.92,"cluster_convex_hull_area_km2":6.6777,"centroid_lat":23.7492,"centroid_lon":87.9532,"mean_persistence_7d":0.0,"share_forest_shrub":1.0,"share_industrial":0.0,"dominant_land_cover":30,"dominant_class":1,"dominant_label":"Agricultural burning","is_outbreak_front":true,"is_persistent_cluster":false,"cluster_id":484739}},{"type":"Feature","id":484740,"geometry":{"type":"Polygon","coordinates":[[[87.45725,23.68566],[87.44844,23.6911],[87.46522,23.72084],[87.46492,23.70736],[87.45819,23.68572],[87.45725,23.68566]]]},"properties":{"cluster_date":"2024-12-28","cluster_fire_count":5,"total_cluster_frp":26.36,"max_frp":9.4,"cluster_convex_hull_area_km2":2.5529,"centroid_lat":23.6981,"centroid_lon":87.4588,"mean_persistence_7d":1.6,"share_forest_shrub":1.0,"share_industrial":0.0,"dominant_land_cover":30,"dominant_class":1,"dominant_label":"Agricultural burning","is_outbreak_front":false,"is_persistent_cluster":false,"cluster_id":484740}},{"type":"Feature","id":484741,"geometry":{"type":"Polygon","coordinates":[[[87.54209,23.77408],[87.5377,23.7768],[87.54282,23.79416],[87.54209,23.77408]]]},"properties":{"cluster_date":"2024-12-28","cluster_fire_count":3,"total_cluster_frp":9.43,"max_frp":3.18,"cluster_convex_hull_area_km2":0.4892,"centroid_lat":23.7817,"centroid_lon":87.5409,"mean_persistence_7d":0.3333,"share_forest_shrub":1.0,"share_industrial":0.0,"dominant_land_cover":30,"dominant_class":1,"dominant_label":"Agricultural burning","is_outbreak_front":false,"is_persistent_cluster":false,"cluster_id":484741}},{"type":"Feature","id":484742,"geometry":{"type":"Polygon","coordinates":[[[87.48935,23.79837],[87.48741,23.79909],[87.48331,23.81402],[87.48935,23.79837]]]},"properties":{"cluster_date":"2024-12-28","cluster_fire_count":3,"total_cluster_frp":14.43,"max_frp":5.78,"cluster_convex_hull_area_km2":0.1411,"centroid_lat":23.8038,"centroid_lon":87.4867,"mean_persistence_7d":0.0,"share_forest_shrub":1.0,"share_industrial":0.0,"dominant_land_cover":30,"dominant_class":1,"dominant_label":"Agricultural burning","is_outbreak_front":false,"is_persistent_cluster":false,"cluster_id":484742}},{"type":"Feature","id":484743,"geometry":{"type":"Polygon","coordinates":[[[87.15002,23.75981],[87.14947,23.76375],[87.15495,23.76443],[87.1555,23.76049],[87.15002,23.75981]]]},"properties":{"cluster_date":"2024-12-28","cluster_fire_count":7,"total_cluster_frp":61.35,"max_frp":23.59,"cluster_convex_hull_area_km2":0.2384,"centroid_lat":23.7626,"centroid_lon":87.1523,"mean_persistence_7d":0.4286,"share_forest_shrub":0.0,"share_industrial":1.0,"dominant_land_cover":50,"dominant_class":5,"dominant_label":"Unknown","is_outbreak_front":false,"is_persistent_cluster":false,"cluster_id":484743}},{"type":"Feature","id":484744,"geometry":{"type":"Polygon","coordinates":[[[86.39417,23.68068],[86.3909,23.68479],[86.39024,23.68818],[86.39305,23.68822],[86.39489,23.68545],[86.39417,23.68068]]]},"properties":{"cluster_date":"2024-12-28","cluster_fire_count":6,"total_cluster_frp":32.93,"max_frp":6.99,"cluster_convex_hull_area_km2":0.2193,"centroid_lat":23.6853,"centroid_lon":86.3928,"mean_persistence_7d":7.0,"share_forest_shrub":0.0,"share_industrial":1.0,"dominant_land_cover":50,"dominant_class":4,"dominant_label":"Persistent thermal source","is_outbreak_front":false,"is_persistent_cluster":true,"cluster_id":484744}},{"type":"Feature","id":484745,"geometry":{"type":"Polygon","coordinates":[[[86.44431,23.71707],[86.44009,23.71766],[86.34612,23.77883],[86.34825,23.77916],[86.39136,23.78052],[86.39462,23.78053],[86.43459,23.73629],[86.43822,23.73221],[86.4491,23.71998],[86.44431,23.71707]]]},"properties":{"cluster_date":"2024-12-28","cluster_fire_count":23,"total_cluster_frp":94.95,"max_frp":8.18,"cluster_convex_hull_area_km2":20.8345,"centroid_lat":23.753,"centroid_lon":86.4053,"mean_persistence_7d":6.913,"share_forest_shrub":0.0,"share_industrial":1.0,"dominant_land_cover":50,"dominant_class":4,"dominant_label":"Persistent thermal source","is_outbreak_front":false,"is_persistent_cluster":true,"cluster_id":484745}},{"type":"Feature","id":484746,"geometry":{"type":"Polygon","coordinates":[[[87.92573,24.0503],[87.89958,24.05924],[87.8991,24.06118],[87.89903,24.06339],[87.9001,24.06318],[87.92573,24.0503]]]},"properties":{"cluster_date":"2024-12-28","cluster_fire_count":5,"total_cluster_frp":27.69,"max_frp":9.21,"cluster_convex_hull_area_km2":0.6116,"centroid_lat":24.0595,"centroid_lon":87.9047,"mean_persistence_7d":1.0,"share_forest_shrub":1.0,"share_industrial":0.0,"dominant_land_cover":30,"dominant_class":1,"dominant_label":"Agricultural burning","is_outbreak_front":true,"is_persistent_cluster":false,"cluster_id":484746}},{"type":"Feature","id":484747,"geometry":{"type":"Polygon","coordinates":[[[93.46925,24.88982],[93.48463,24.89988],[93.48945,24.89633],[93.49035,24.89565],[93.46925,24.88982]]]},"properties":{"cluster_date":"2024-12-28","cluster_fire_count":4,"total_cluster_frp":60.37,"max_frp":25.98,"cluster_convex_hull_area_km2":0.6602,"centroid_lat":24.8954,"centroid_lon":93.4834,"mean_persistence_7d":0.0,"share_forest_shrub":1.0,"share_industrial":0.0,"dominant_land_cover":10,"dominant_class":0,"dominant_label":"Wildfire","is_outbreak_front":false,"is_persistent_cluster":false,"cluster_id":484747}},{"type":"Feature","id":484748,"geometry":{"type":"Polygon","coordinates":[[[93.84041,24.95829],[93.8391,24.96234],[93.8401,24.95966],[93.84041,24.95829]]]},"properties":{"cluster_date":"2024-12-28","cluster_fire_count":3,"total_cluster_frp":23.88,"max_frp":12.31,"cluster_convex_hull_area_km2":0.0029,"centroid_lat":24.9601,"centroid_lon":93.8399,"mean_persistence_7d":0.0,"share_forest_shrub":1.0,"share_industrial":0.0,"dominant_land_cover":10,"dominant_class":0,"dominant_label":"Wildfire","is_outbreak_front":false,"is_persistent_cluster":false,"cluster_id":484748}},{"type":"Feature","id":484749,"geometry":{"type":"Polygon","coordinates":[[[93.96468,25.50293],[93.96432,25.50743],[93.96782,25.50756],[93.96468,25.50293]]]},"properties":{"cluster_date":"2024-12-28","cluster_fire_count":3,"total_cluster_frp":10.29,"max_frp":5.32,"cluster_convex_hull_area_km2":0.0846,"centroid_lat":25.506,"centroid_lon":93.9656,"mean_persistence_7d":0.0,"share_forest_shrub":1.0,"share_industrial":0.0,"dominant_land_cover":10,"dominant_class":0,"dominant_label":"Wildfire","is_outbreak_front":false,"is_persistent_cluster":false,"cluster_id":484749}},{"type":"Feature","id":484750,"geometry":{"type":"Polygon","coordinates":[[[92.27383,25.37969],[92.24895,25.38885],[92.24717,25.38952],[92.27419,25.38126],[92.27383,25.37969]]]},"properties":{"cluster_date":"2024-12-28","cluster_fire_count":4,"total_cluster_frp":11.61,"max_frp":3.86,"cluster_convex_hull_area_km2":0.2454,"centroid_lat":25.3848,"centroid_lon":92.261,"mean_persistence_7d":0.5,"share_forest_shrub":1.0,"share_industrial":0.0,"dominant_land_cover":10,"dominant_class":0,"dominant_label":"Wildfire","is_outbreak_front":false,"is_persistent_cluster":false,"cluster_id":484750}},{"type":"Feature","id":484751,"geometry":{"type":"Polygon","coordinates":[[[92.12262,25.41175],[92.12311,25.41212],[92.12642,25.41208],[92.12262,25.41175]]]},"properties":{"cluster_date":"2024-12-28","cluster_fire_count":3,"total_cluster_frp":17.28,"max_frp":7.32,"cluster_convex_hull_area_km2":0.0067,"centroid_lat":25.412,"centroid_lon":92.124,"mean_persistence_7d":0.0,"share_forest_shrub":1.0,"share_industrial":0.0,"dominant_land_cover":10,"dominant_class":0,"dominant_label":"Wildfire","is_outbreak_front":false,"is_persistent_cluster":false,"cluster_id":484751}},{"type":"Feature","id":484752,"geometry":{"type":"Polygon","coordinates":[[[86.0368,25.11848],[86.03654,25.11891],[86.04279,25.12737],[86.0368,25.11848]]]},"properties":{"cluster_date":"2024-12-28","cluster_fire_count":3,"total_cluster_frp":14.73,"max_frp":8.31,"cluster_convex_hull_area_km2":0.0263,"centroid_lat":25.1216,"centroid_lon":86.0387,"mean_persistence_7d":1.3333,"share_forest_shrub":0.0,"share_industrial":0.0,"dominant_land_cover":40,"dominant_class":1,"dominant_label":"Agricultural burning","is_outbreak_front":false,"is_persistent_cluster":false,"cluster_id":484752}},{"type":"Feature","id":484753,"geometry":{"type":"Polygon","coordinates":[[[92.32986,27.67581],[92.3259,27.68292],[92.32809,27.6835],[92.32961,27.67787],[92.32986,27.67581]]]},"properties":{"cluster_date":"2024-12-28","cluster_fire_count":6,"total_cluster_frp":56.24,"max_frp":14.33,"cluster_convex_hull_area_km2":0.1034,"centroid_lat":27.6808,"centroid_lon":92.3283,"mean_persistence_7d":0.0,"share_forest_shrub":1.0,"share_industrial":0.0,"dominant_land_cover":10,"dominant_class":0,"dominant_label":"Wildfire","is_outbreak_front":true,"is_persistent_cluster":false,"cluster_id":484753}},{"type":"Feature","id":484754,"geometry":{"type":"Polygon","coordinates":[[[95.64099,28.13637],[95.6404,28.14121],[95.64246,28.14044],[95.6419,28.13827],[95.64099,28.13637]]]},"properties":{"cluster_date":"2024-12-28","cluster_fire_count":4,"total_cluster_frp":37.64,"max_frp":16.92,"cluster_convex_hull_area_km2":0.0549,"centroid_lat":28.1391,"centroid_lon":95.6414,"mean_persistence_7d":0.0,"share_forest_shrub":1.0,"share_industrial":0.0,"dominant_land_cover":10,"dominant_class":0,"dominant_label":"Wildfire","is_outbreak_front":false,"is_persistent_cluster":false,"cluster_id":484754}},{"type":"Feature","id":484755,"geometry":{"type":"Polygon","coordinates":[[[93.39742,27.91015],[93.39864,27.91051],[93.40148,27.9106],[93.39742,27.91015]]]},"properties":{"cluster_date":"2024-12-28","cluster_fire_count":3,"total_cluster_frp":19.24,"max_frp":10.0,"cluster_convex_hull_area_km2":0.0048,"centroid_lat":27.9104,"centroid_lon":93.3992,"mean_persistence_7d":0.0,"share_forest_shrub":1.0,"share_industrial":0.0,"dominant_land_cover":10,"dominant_class":0,"dominant_label":"Wildfire","is_outbreak_front":false,"is_persistent_cluster":false,"cluster_id":484755}},{"type":"Feature","id":484756,"geometry":{"type":"Polygon","coordinates":[[[75.70251,14.84624],[75.6765,14.8525],[75.67829,14.85495],[75.70251,14.84624]]]},"properties":{"cluster_date":"2024-12-28","cluster_fire_count":5,"total_cluster_frp":8.79,"max_frp":4.09,"cluster_convex_hull_area_km2":0.4397,"centroid_lat":14.852,"centroid_lon":75.6827,"mean_persistence_7d":0.0,"share_forest_shrub":1.0,"share_industrial":0.0,"dominant_land_cover":30,"dominant_class":1,"dominant_label":"Agricultural burning","is_outbreak_front":true,"is_persistent_cluster":false,"cluster_id":484756}},{"type":"Feature","id":484757,"geometry":{"type":"Polygon","coordinates":[[[76.8466,15.84587],[76.84731,15.84657],[76.85141,15.84675],[76.8466,15.84587]]]},"properties":{"cluster_date":"2024-12-28","cluster_fire_count":3,"total_cluster_frp":40.07,"max_frp":15.68,"cluster_convex_hull_area_km2":0.0159,"centroid_lat":15.8464,"centroid_lon":76.8484,"mean_persistence_7d":0.6667,"share_forest_shrub":1.0,"share_industrial":0.0,"dominant_land_cover":30,"dominant_class":1,"dominant_label":"Agricultural burning","is_outbreak_front":false,"is_persistent_cluster":false,"cluster_id":484757}},{"type":"Feature","id":484758,"geometry":{"type":"Polygon","coordinates":[[[83.20288,17.60402],[83.20107,17.60423],[83.20054,17.60676],[83.20116,17.61015],[83.20399,17.61169],[83.20497,17.60951],[83.20288,17.60402]]]},"properties":{"cluster_date":"2024-12-28","cluster_fire_count":7,"total_cluster_frp":13.44,"max_frp":4.4,"cluster_convex_hull_area_km2":0.2517,"centroid_lat":17.6077,"centroid_lon":83.2026,"mean_persistence_7d":4.0,"share_forest_shrub":0.0,"share_industrial":1.0,"dominant_land_cover":50,"dominant_class":3,"dominant_label":"Gas flare","is_outbreak_front":false,"is_persistent_cluster":true,"cluster_id":484758}},{"type":"Feature","id":484759,"geometry":{"type":"Polygon","coordinates":[[[74.61655,16.68393],[74.61593,16.68951],[74.61626,16.68979],[74.61954,16.69044],[74.61655,16.68393]]]},"properties":{"cluster_date":"2024-12-28","cluster_fire_count":4,"total_cluster_frp":20.65,"max_frp":9.04,"cluster_convex_hull_area_km2":0.1235,"centroid_lat":16.6884,"centroid_lon":74.6171,"mean_persistence_7d":0.0,"share_forest_shrub":1.0,"share_industrial":0.0,"dominant_land_cover":30,"dominant_class":1,"dominant_label":"Agricultural burning","is_outbreak_front":false,"is_persistent_cluster":false,"cluster_id":484759}},{"type":"Feature","id":484760,"geometry":{"type":"Polygon","coordinates":[[[80.78707,17.9565],[80.78246,17.95707],[80.78147,17.95975],[80.7851,17.95919],[80.78707,17.9565]]]},"properties":{"cluster_date":"2024-12-28","cluster_fire_count":5,"total_cluster_frp":14.05,"max_frp":4.35,"cluster_convex_hull_area_km2":0.1165,"centroid_lat":17.9583,"centroid_lon":80.7843,"mean_persistence_7d":6.0,"share_forest_shrub":1.0,"share_industrial":0.0,"dominant_land_cover":30,"dominant_class":4,"dominant_label":"Persistent thermal source","is_outbreak_front":false,"is_persistent_cluster":false,"cluster_id":484760}},{"type":"Feature","id":484761,"geometry":{"type":"Polygon","coordinates":[[[73.33252,18.37349],[73.33121,18.37362],[73.32868,18.37496],[73.33462,18.374],[73.33252,18.37349]]]},"properties":{"cluster_date":"2024-12-28","cluster_fire_count":4,"total_cluster_frp":26.15,"max_frp":8.15,"cluster_convex_hull_area_km2":0.0367,"centroid_lat":18.374,"centroid_lon":73.3318,"mean_persistence_7d":0.0,"share_forest_shrub":1.0,"share_industrial":0.0,"dominant_land_cover":10,"dominant_class":0,"dominant_label":"Wildfire","is_outbreak_front":false,"is_persistent_cluster":false,"cluster_id":484761}},{"type":"Feature","id":484762,"geometry":{"type":"Polygon","coordinates":[[[75.44003,19.37715],[75.44288,19.38048],[75.44521,19.37816],[75.44003,19.37715]]]},"properties":{"cluster_date":"2024-12-28","cluster_fire_count":3,"total_cluster_frp":24.49,"max_frp":8.76,"cluster_convex_hull_area_km2":0.0809,"centroid_lat":19.3786,"centroid_lon":75.4427,"mean_persistence_7d":1.0,"share_forest_shrub":1.0,"share_industrial":0.0,"dominant_land_cover":30,"dominant_class":1,"dominant_label":"Agricultural burning","is_outbreak_front":false,"is_persistent_cluster":false,"cluster_id":484762}},{"type":"Feature","id":484763,"geometry":{"type":"Polygon","coordinates":[[[81.07776,20.81351],[81.07714,20.81688],[81.09516,20.82672],[81.07776,20.81351]]]},"properties":{"cluster_date":"2024-12-28","cluster_fire_count":3,"total_cluster_frp":6.06,"max_frp":2.33,"cluster_convex_hull_area_km2":0.3714,"centroid_lat":20.819,"centroid_lon":81.0834,"mean_persistence_7d":0.3333,"share_forest_shrub":1.0,"share_industrial":0.0,"dominant_land_cover":10,"dominant_class":0,"dominant_label":"Wildfire","is_outbreak_front":false,"is_persistent_cluster":false,"cluster_id":484763}},{"type":"Feature","id":484764,"geometry":{"type":"Polygon","coordinates":[[[83.9992,21.34861],[83.99487,21.35141],[83.99916,21.37255],[83.9992,21.34861]]]},"properties":{"cluster_date":"2024-12-28","cluster_fire_count":4,"total_cluster_frp":14.46,"max_frp":5.72,"cluster_convex_hull_area_km2":0.5729,"centroid_lat":21.3561,"centroid_lon":83.998,"mean_persistence_7d":0.5,"share_forest_shrub":1.0,"share_industrial":0.0,"dominant_land_cover":30,"dominant_class":1,"dominant_label":"Agricultural burning","is_outbreak_front":false,"is_persistent_cluster":false,"cluster_id":484764}},{"type":"Feature","id":484765,"geometry":{"type":"Polygon","coordinates":[[[82.60088,21.43084],[82.62444,21.44729],[82.62728,21.43084],[82.60088,21.43084]]]},"properties":{"cluster_date":"2024-12-28","cluster_fire_count":3,"total_cluster_frp":10.18,"max_frp":3.97,"cluster_convex_hull_area_km2":2.4011,"centroid_lat":21.4363,"centroid_lon":82.6175,"mean_persistence_7d":0.0,"share_forest_shrub":1.0,"share_industrial":0.0,"dominant_land_cover":10,"dominant_class":0,"dominant_label":"Wildfire","is_outbreak_front":false,"is_persistent_cluster":false,"cluster_id":484765}},{"type":"Feature","id":484766,"geometry":{"type":"Polygon","coordinates":[[[82.45148,22.0221],[82.46024,22.03694],[82.475,22.03918],[82.45148,22.0221]]]},"properties":{"cluster_date":"2024-12-28","cluster_fire_count":3,"total_cluster_frp":8.4,"max_frp":3.6,"cluster_convex_hull_area_km2":1.097,"centroid_lat":22.0327,"centroid_lon":82.4622,"mean_persistence_7d":0.3333,"share_forest_shrub":1.0,"share_industrial":0.0,"dominant_land_cover":10,"dominant_class":0,"dominant_label":"Wildfire","is_outbreak_front":false,"is_persistent_cluster":false,"cluster_id":484766}},{"type":"Feature","id":484767,"geometry":{"type":"Polygon","coordinates":[[[81.89216,22.21501],[81.89156,22.2183],[81.89528,22.21888],[81.89586,22.21558],[81.89216,22.21501]]]},"properties":{"cluster_date":"2024-12-28","cluster_fire_count":4,"total_cluster_frp":14.94,"max_frp":4.33,"cluster_convex_hull_area_km2":0.138,"centroid_lat":22.2169,"centroid_lon":81.8937,"mean_persistence_7d":0.0,"share_forest_shrub":1.0,"share_industrial":0.0,"dominant_land_cover":10,"dominant_class":0,"dominant_label":"Wildfire","is_outbreak_front":false,"is_persistent_cluster":false,"cluster_id":484767}},{"type":"Feature","id":484768,"geometry":{"type":"Polygon","coordinates":[[[72.63783,21.10303],[72.63515,21.10317],[72.63161,21.10351],[72.63142,21.10473],[72.63206,21.11004],[72.6329,21.11414],[72.6461,21.10859],[72.64941,21.10601],[72.64679,21.10432],[72.63783,21.10303]]]},"properties":{"cluster_date":"2024-12-28","cluster_fire_count":16,"total_cluster_frp":54.42,"max_frp":9.12,"cluster_convex_hull_area_km2":1.3492,"centroid_lat":21.1065,"centroid_lon":72.6391,"mean_persistence_7d":6.9375,"share_forest_shrub":0.0,"share_industrial":1.0,"dominant_land_cover":50,"dominant_class":3,"dominant_label":"Gas flare","is_outbreak_front":false,"is_persistent_cluster":true,"cluster_id":484768}},{"type":"Feature","id":484769,"geometry":{"type":"Polygon","coordinates":[[[88.14436,23.71659],[88.12258,23.73189],[88.14853,23.71706],[88.14436,23.71659]]]},"properties":{"cluster_date":"2024-12-28","cluster_fire_count":3,"total_cluster_frp":12.22,"max_frp":4.99,"cluster_convex_hull_area_km2":0.402,"centroid_lat":23.7218,"centroid_lon":88.1385,"mean_persistence_7d":0.3333,"share_forest_shrub":1.0,"share_industrial":0.0,"dominant_land_cover":30,"dominant_class":1,"dominant_label":"Agricultural burning","is_outbreak_front":false,"is_persistent_cluster":false,"cluster_id":484769}},{"type":"Feature","id":484770,"geometry":{"type":"Polygon","coordinates":[[[94.36163,27.08416],[94.36631,27.08647],[94.3674,27.08453],[94.36163,27.08416]]]},"properties":{"cluster_date":"2024-12-28","cluster_fire_count":3,"total_cluster_frp":18.87,"max_frp":7.53,"cluster_convex_hull_area_km2":0.0614,"centroid_lat":27.0851,"centroid_lon":94.3651,"mean_persistence_7d":0.0,"share_forest_shrub":1.0,"share_industrial":0.0,"dominant_land_cover":10,"dominant_class":0,"dominant_label":"Wildfire","is_outbreak_front":false,"is_persistent_cluster":false,"cluster_id":484770}},{"type":"Feature","id":484771,"geometry":{"type":"Polygon","coordinates":[[[79.5635,26.04869],[79.56282,26.05206],[79.56881,26.06353],[79.57215,26.06757],[79.57019,26.05678],[79.5635,26.04869]]]},"properties":{"cluster_date":"2024-12-28","cluster_fire_count":6,"total_cluster_frp":23.39,"max_frp":6.43,"cluster_convex_hull_area_km2":0.6,"centroid_lat":26.0581,"centroid_lon":79.5678,"mean_persistence_7d":0.0,"share_forest_shrub":0.0,"share_industrial":0.0,"dominant_land_cover":40,"dominant_class":1,"dominant_label":"Agricultural burning","is_outbreak_front":false,"is_persistent_cluster":false,"cluster_id":484771}},{"type":"Feature","id":484772,"geometry":{"type":"Polygon","coordinates":[[[75.07075,18.23938],[75.07003,18.24002],[75.06998,18.24521],[75.07075,18.23938]]]},"properties":{"cluster_date":"2024-12-28","cluster_fire_count":3,"total_cluster_frp":14.08,"max_frp":7.7,"cluster_convex_hull_area_km2":0.0211,"centroid_lat":18.2415,"centroid_lon":75.0703,"mean_persistence_7d":0.0,"share_forest_shrub":1.0,"share_industrial":0.0,"dominant_land_cover":30,"dominant_class":1,"dominant_label":"Agricultural burning","is_outbreak_front":false,"is_persistent_cluster":false,"cluster_id":484772}},{"type":"Feature","id":484773,"geometry":{"type":"Polygon","coordinates":[[[69.54977,24.12178],[69.54922,24.12618],[69.55225,24.12284],[69.54977,24.12178]]]},"properties":{"cluster_date":"2024-12-28","cluster_fire_count":4,"total_cluster_frp":36.71,"max_frp":9.95,"cluster_convex_hull_area_km2":0.0622,"centroid_lat":24.1238,"centroid_lon":69.5506,"mean_persistence_7d":0.75,"share_forest_shrub":0.0,"share_industrial":0.0,"dominant_land_cover":60,"dominant_class":1,"dominant_label":"Agricultural burning","is_outbreak_front":false,"is_persistent_cluster":false,"cluster_id":484773}},{"type":"Feature","id":484774,"geometry":{"type":"Polygon","coordinates":[[[96.31818,27.88048],[96.31394,27.88243],[96.32042,27.88243],[96.31818,27.88048]]]},"properties":{"cluster_date":"2024-12-28","cluster_fire_count":4,"total_cluster_frp":2.61,"max_frp":1.0,"cluster_convex_hull_area_km2":0.0666,"centroid_lat":27.8819,"centroid_lon":96.3173,"mean_persistence_7d":2.75,"share_forest_shrub":1.0,"share_industrial":0.0,"dominant_land_cover":10,"dominant_class":0,"dominant_label":"Wildfire","is_outbreak_front":false,"is_persistent_cluster":false,"cluster_id":484774}},{"type":"Feature","id":484775,"geometry":{"type":"Polygon","coordinates":[[[95.40065,27.60393],[95.40021,27.606],[95.40282,27.60843],[95.40065,27.60393]]]},"properties":{"cluster_date":"2024-12-28","cluster_fire_count":3,"total_cluster_frp":2.61,"max_frp":1.0,"cluster_convex_hull_area_km2":0.0342,"centroid_lat":27.6061,"centroid_lon":95.4012,"mean_persistence_7d":7.0,"share_forest_shrub":1.0,"share_industrial":0.0,"dominant_land_cover":10,"dominant_class":4,"dominant_label":"Persistent thermal source","is_outbreak_front":false,"is_persistent_cluster":false,"cluster_id":484775}},{"type":"Feature","id":484776,"geometry":{"type":"Polygon","coordinates":[[[95.42046,27.46716],[95.4203,27.47177],[95.42429,27.4676],[95.42046,27.46716]]]},"properties":{"cluster_date":"2024-12-28","cluster_fire_count":4,"total_cluster_frp":2.93,"max_frp":0.96,"cluster_convex_hull_area_km2":0.0937,"centroid_lat":27.4691,"centroid_lon":95.4214,"mean_persistence_7d":5.0,"share_forest_shrub":0.0,"share_industrial":1.0,"dominant_land_cover":50,"dominant_class":4,"dominant_label":"Persistent thermal source","is_outbreak_front":false,"is_persistent_cluster":true,"cluster_id":484776}},{"type":"Feature","id":484777,"geometry":{"type":"Polygon","coordinates":[[[95.2655,27.31706],[95.26157,27.31814],[95.26222,27.31875],[95.26705,27.31929],[95.26581,27.31711],[95.2655,27.31706]]]},"properties":{"cluster_date":"2024-12-28","cluster_fire_count":5,"total_cluster_frp":5.4,"max_frp":1.19,"cluster_convex_hull_area_km2":0.0722,"centroid_lat":27.3181,"centroid_lon":95.2644,"mean_persistence_7d":6.0,"share_forest_shrub":0.0,"share_industrial":1.0,"dominant_land_cover":50,"dominant_class":3,"dominant_label":"Gas flare","is_outbreak_front":false,"is_persistent_cluster":true,"cluster_id":484777}},{"type":"Feature","id":484778,"geometry":{"type":"Polygon","coordinates":[[[83.19989,26.75822],[83.19904,26.76211],[83.20049,26.76254],[83.20672,26.76093],[83.19989,26.75822]]]},"properties":{"cluster_date":"2024-12-28","cluster_fire_count":4,"total_cluster_frp":5.64,"max_frp":2.58,"cluster_convex_hull_area_km2":0.1799,"centroid_lat":26.761,"centroid_lon":83.2015,"mean_persistence_7d":6.0,"share_forest_shrub":0.0,"share_industrial":0.0,"dominant_land_cover":40,"dominant_class":4,"dominant_label":"Persistent thermal source","is_outbreak_front":false,"is_persistent_cluster":false,"cluster_id":484778}},{"type":"Feature","id":484779,"geometry":{"type":"Polygon","coordinates":[[[91.7029,25.29375],[91.70419,25.30062],[91.71304,25.30263],[91.7185,25.29698],[91.71588,25.29505],[91.7029,25.29375]]]},"properties":{"cluster_date":"2024-12-28","cluster_fire_count":9,"total_cluster_frp":15.55,"max_frp":2.5,"cluster_convex_hull_area_km2":0.996,"centroid_lat":25.2977,"centroid_lon":91.7093,"mean_persistence_7d":0.0,"share_forest_shrub":1.0,"share_industrial":0.0,"dominant_land_cover":10,"dominant_class":0,"dominant_label":"Wildfire","is_outbreak_front":true,"is_persistent_cluster":false,"cluster_id":484779}},{"type":"Feature","id":484780,"geometry":{"type":"Polygon","coordinates":[[[82.71128,24.20663],[82.7085,24.20667],[82.70702,24.20711],[82.71128,24.20663]]]},"properties":{"cluster_date":"2024-12-28","cluster_fire_count":3,"total_cluster_frp":3.76,"max_frp":1.51,"cluster_convex_hull_area_km2":0.0063,"centroid_lat":24.2068,"centroid_lon":82.7089,"mean_persistence_7d":6.0,"share_forest_shrub":0.0,"share_industrial":1.0,"dominant_land_cover":50,"dominant_class":4,"dominant_label":"Persistent thermal source","is_outbreak_front":false,"is_persistent_cluster":true,"cluster_id":484780}},{"type":"Feature","id":484781,"geometry":{"type":"Polygon","coordinates":[[[82.67409,24.15639],[82.66959,24.15692],[82.66927,24.18228],[82.67729,24.17793],[82.67409,24.15639]]]},"properties":{"cluster_date":"2024-12-28","cluster_fire_count":8,"total_cluster_frp":8.37,"max_frp":1.49,"cluster_convex_hull_area_km2":1.6266,"centroid_lat":24.171,"centroid_lon":82.673,"mean_persistence_7d":3.875,"share_forest_shrub":0.0,"share_industrial":1.0,"dominant_land_cover":50,"dominant_class":4,"dominant_label":"Persistent thermal source","is_outbreak_front":false,"is_persistent_cluster":true,"cluster_id":484781}},{"type":"Feature","id":484782,"geometry":{"type":"Polygon","coordinates":[[[82.63525,24.14304],[82.61562,24.16348],[82.63067,24.16584],[82.63125,24.16446],[82.63602,24.14326],[82.63525,24.14304]]]},"properties":{"cluster_date":"2024-12-28","cluster_fire_count":8,"total_cluster_frp":13.65,"max_frp":2.31,"cluster_convex_hull_area_km2":2.0466,"centroid_lat":24.1585,"centroid_lon":82.6292,"mean_persistence_7d":6.75,"share_forest_shrub":0.0,"share_industrial":1.0,"dominant_land_cover":50,"dominant_class":4,"dominant_label":"Persistent thermal source","is_outbreak_front":false,"is_persistent_cluster":true,"cluster_id":484782}},{"type":"Feature","id":484783,"geometry":{"type":"Polygon","coordinates":[[[74.62982,24.66089],[74.63175,24.66243],[74.6344,24.66131],[74.62982,24.66089]]]},"properties":{"cluster_date":"2024-12-28","cluster_fire_count":3,"total_cluster_frp":5.68,"max_frp":2.24,"cluster_convex_hull_area_km2":0.0337,"centroid_lat":24.6615,"centroid_lon":74.632,"mean_persistence_7d":4.0,"share_forest_shrub":1.0,"share_industrial":0.0,"dominant_land_cover":30,"dominant_class":4,"dominant_label":"Persistent thermal source","is_outbreak_front":false,"is_persistent_cluster":false,"cluster_id":484783}},{"type":"Feature","id":484784,"geometry":{"type":"Polygon","coordinates":[[[82.67305,22.0044],[82.66891,22.00491],[82.67052,22.00568],[82.67305,22.0044]]]},"properties":{"cluster_date":"2024-12-28","cluster_fire_count":3,"total_cluster_frp":5.38,"max_frp":2.29,"cluster_convex_hull_area_km2":0.0221,"centroid_lat":22.005,"centroid_lon":82.6708,"mean_persistence_7d":6.0,"share_forest_shrub":1.0,"share_industrial":0.0,"dominant_land_cover":10,"dominant_class":4,"dominant_label":"Persistent thermal source","is_outbreak_front":false,"is_persistent_cluster":false,"cluster_id":484784}},{"type":"Feature","id":484785,"geometry":{"type":"Polygon","coordinates":[[[84.24872,21.73078],[84.24376,21.73141],[84.24734,21.73218],[84.24872,21.73078]]]},"properties":{"cluster_date":"2024-12-28","cluster_fire_count":3,"total_cluster_frp":2.91,"max_frp":1.06,"cluster_convex_hull_area_km2":0.0335,"centroid_lat":21.7315,"centroid_lon":84.2466,"mean_persistence_7d":1.0,"share_forest_shrub":1.0,"share_industrial":0.0,"dominant_land_cover":30,"dominant_class":1,"dominant_label":"Agricultural burning","is_outbreak_front":false,"is_persistent_cluster":false,"cluster_id":484785}},{"type":"Feature","id":484786,"geometry":{"type":"Polygon","coordinates":[[[85.29498,20.7605],[85.29067,20.7611],[85.29179,20.76271],[85.29609,20.76196],[85.29498,20.7605]]]},"properties":{"cluster_date":"2024-12-28","cluster_fire_count":4,"total_cluster_frp":5.52,"max_frp":1.86,"cluster_convex_hull_area_km2":0.0818,"centroid_lat":20.7616,"centroid_lon":85.2934,"mean_persistence_7d":3.0,"share_forest_shrub":1.0,"share_industrial":0.0,"dominant_land_cover":10,"dominant_class":4,"dominant_label":"Persistent thermal source","is_outbreak_front":false,"is_persistent_cluster":false,"cluster_id":484786}},{"type":"Feature","id":484787,"geometry":{"type":"Polygon","coordinates":[[[79.6311,21.23334],[79.62695,21.23391],[79.63011,21.23384],[79.6311,21.23334]]]},"properties":{"cluster_date":"2024-12-28","cluster_fire_count":3,"total_cluster_frp":4.26,"max_frp":1.68,"cluster_convex_hull_area_km2":0.0084,"centroid_lat":21.2337,"centroid_lon":79.6294,"mean_persistence_7d":7.0,"share_forest_shrub":1.0,"share_industrial":0.0,"dominant_land_cover":10,"dominant_class":4,"dominant_label":"Persistent thermal source","is_outbreak_front":false,"is_persistent_cluster":false,"cluster_id":484787}},{"type":"Feature","id":484788,"geometry":{"type":"Polygon","coordinates":[[[79.33599,19.96272],[79.33279,19.96308],[79.33293,19.96594],[79.33599,19.96272]]]},"properties":{"cluster_date":"2024-12-28","cluster_fire_count":4,"total_cluster_frp":3.06,"max_frp":0.99,"cluster_convex_hull_area_km2":0.0515,"centroid_lat":19.9638,"centroid_lon":79.3342,"mean_persistence_7d":3.0,"share_forest_shrub":1.0,"share_industrial":0.0,"dominant_land_cover":10,"dominant_class":4,"dominant_label":"Persistent thermal source","is_outbreak_front":false,"is_persistent_cluster":false,"cluster_id":484788}},{"type":"Feature","id":484789,"geometry":{"type":"Polygon","coordinates":[[[82.17178,19.08793],[82.16874,19.09181],[82.16565,19.09795],[82.16685,19.10228],[82.17178,19.08793]]]},"properties":{"cluster_date":"2024-12-28","cluster_fire_count":5,"total_cluster_frp":4.86,"max_frp":1.26,"cluster_convex_hull_area_km2":0.2552,"centroid_lat":19.0958,"centroid_lon":82.1679,"mean_persistence_7d":4.0,"share_forest_shrub":1.0,"share_industrial":0.0,"dominant_land_cover":10,"dominant_class":4,"dominant_label":"Persistent thermal source","is_outbreak_front":false,"is_persistent_cluster":false,"cluster_id":484789}},{"type":"Feature","id":484790,"geometry":{"type":"Polygon","coordinates":[[[73.04397,18.67643],[73.03446,18.68058],[73.02856,18.68389],[73.02875,18.68737],[73.04001,18.69494],[73.04533,18.68203],[73.04648,18.67793],[73.04397,18.67643]]]},"properties":{"cluster_date":"2024-12-28","cluster_fire_count":20,"total_cluster_frp":39.62,"max_frp":4.54,"cluster_convex_hull_area_km2":2.0367,"centroid_lat":18.6851,"centroid_lon":73.0375,"mean_persistence_7d":5.35,"share_forest_shrub":0.0,"share_industrial":1.0,"dominant_land_cover":50,"dominant_class":4,"dominant_label":"Persistent thermal source","is_outbreak_front":false,"is_persistent_cluster":true,"cluster_id":484790}},{"type":"Feature","id":484791,"geometry":{"type":"Polygon","coordinates":[[[82.2803,16.7336],[82.28191,16.7359],[82.28207,16.73477],[82.2803,16.7336]]]},"properties":{"cluster_date":"2024-12-28","cluster_fire_count":3,"total_cluster_frp":1.73,"max_frp":0.71,"cluster_convex_hull_area_km2":0.0126,"centroid_lat":16.7348,"centroid_lon":82.2814,"mean_persistence_7d":4.0,"share_forest_shrub":0.0,"share_industrial":0.0,"dominant_land_cover":40,"dominant_class":4,"dominant_label":"Persistent thermal source","is_outbreak_front":false,"is_persistent_cluster":false,"cluster_id":484791}},{"type":"Feature","id":484792,"geometry":{"type":"Polygon","coordinates":[[[74.58925,16.53682],[74.59153,16.53809],[74.59217,16.53743],[74.58925,16.53682]]]},"properties":{"cluster_date":"2024-12-28","cluster_fire_count":4,"total_cluster_frp":5.72,"max_frp":1.9,"cluster_convex_hull_area_km2":0.0134,"centroid_lat":16.5376,"centroid_lon":74.5911,"mean_persistence_7d":0.0,"share_forest_shrub":1.0,"share_industrial":0.0,"dominant_land_cover":30,"dominant_class":1,"dominant_label":"Agricultural burning","is_outbreak_front":false,"is_persistent_cluster":false,"cluster_id":484792}},{"type":"Feature","id":484793,"geometry":{"type":"Polygon","coordinates":[[[76.2647,16.17693],[76.26286,16.17989],[76.26287,16.18099],[76.26502,16.17962],[76.2647,16.17693]]]},"properties":{"cluster_date":"2024-12-28","cluster_fire_count":4,"total_cluster_frp":7.11,"max_frp":2.88,"cluster_convex_hull_area_km2":0.0479,"centroid_lat":16.1794,"centroid_lon":76.2639,"mean_persistence_7d":0.0,"share_forest_shrub":1.0,"share_industrial":0.0,"dominant_land_cover":30,"dominant_class":1,"dominant_label":"Agricultural burning","is_outbreak_front":false,"is_persistent_cluster":false,"cluster_id":484793}},{"type":"Feature","id":484794,"geometry":{"type":"Polygon","coordinates":[[[75.54512,16.19801],[75.54085,16.1992],[75.54737,16.21445],[75.5457,16.1987],[75.54512,16.19801]]]},"properties":{"cluster_date":"2024-12-28","cluster_fire_count":4,"total_cluster_frp":3.98,"max_frp":1.43,"cluster_convex_hull_area_km2":0.4683,"centroid_lat":16.2026,"centroid_lon":75.5448,"mean_persistence_7d":0.0,"share_forest_shrub":1.0,"share_industrial":0.0,"dominant_land_cover":30,"dominant_class":1,"dominant_label":"Agricultural burning","is_outbreak_front":false,"is_persistent_cluster":false,"cluster_id":484794}},{"type":"Feature","id":484795,"geometry":{"type":"Polygon","coordinates":[[[75.95386,16.1059],[75.95138,16.10659],[75.95024,16.10753],[75.95386,16.1059]]]},"properties":{"cluster_date":"2024-12-28","cluster_fire_count":3,"total_cluster_frp":2.61,"max_frp":1.18,"cluster_convex_hull_area_km2":0.009,"centroid_lat":16.1067,"centroid_lon":75.9518,"mean_persistence_7d":0.0,"share_forest_shrub":1.0,"share_industrial":0.0,"dominant_land_cover":30,"dominant_class":1,"dominant_label":"Agricultural burning","is_outbreak_front":false,"is_persistent_cluster":false,"cluster_id":484795}},{"type":"Feature","id":484796,"geometry":{"type":"Polygon","coordinates":[[[75.6056,16.11136],[75.60528,16.11255],[75.61012,16.11204],[75.60806,16.11138],[75.6056,16.11136]]]},"properties":{"cluster_date":"2024-12-28","cluster_fire_count":4,"total_cluster_frp":5.47,"max_frp":2.0,"cluster_convex_hull_area_km2":0.0416,"centroid_lat":16.1118,"centroid_lon":75.6073,"mean_persistence_7d":0.0,"share_forest_shrub":1.0,"share_industrial":0.0,"dominant_land_cover":30,"dominant_class":1,"dominant_label":"Agricultural burning","is_outbreak_front":false,"is_persistent_cluster":false,"cluster_id":484796}},{"type":"Feature","id":484797,"geometry":{"type":"Polygon","coordinates":[[[77.3618,15.91365],[77.36115,15.91779],[77.36268,15.91701],[77.3618,15.91365]]]},"properties":{"cluster_date":"2024-12-28","cluster_fire_count":3,"total_cluster_frp":2.72,"max_frp":1.08,"cluster_convex_hull_area_km2":0.0338,"centroid_lat":15.9162,"centroid_lon":77.3619,"mean_persistence_7d":5.0,"share_forest_shrub":1.0,"share_industrial":0.0,"dominant_land_cover":30,"dominant_class":4,"dominant_label":"Persistent thermal source","is_outbreak_front":false,"is_persistent_cluster":false,"cluster_id":484797}},{"type":"Feature","id":484798,"geometry":{"type":"Polygon","coordinates":[[[76.68401,15.17182],[76.65365,15.17587],[76.65074,15.17636],[76.63752,15.18589],[76.65713,15.18707],[76.6761,15.18447],[76.68401,15.17182]]]},"properties":{"cluster_date":"2024-12-28","cluster_fire_count":15,"total_cluster_frp":28.72,"max_frp":3.21,"cluster_convex_hull_area_km2":4.7399,"centroid_lat":15.1793,"centroid_lon":76.6581,"mean_persistence_7d":4.3333,"share_forest_shrub":0.0,"share_industrial":1.0,"dominant_land_cover":50,"dominant_class":4,"dominant_label":"Persistent thermal source","is_outbreak_front":false,"is_persistent_cluster":true,"cluster_id":484798}},{"type":"Feature","id":484799,"geometry":{"type":"Polygon","coordinates":[[[78.01373,15.02164],[78.01407,15.02534],[78.0143,15.02515],[78.01373,15.02164]]]},"properties":{"cluster_date":"2024-12-28","cluster_fire_count":3,"total_cluster_frp":3.89,"max_frp":1.37,"cluster_convex_hull_area_km2":0.0054,"centroid_lat":15.024,"centroid_lon":78.014,"mean_persistence_7d":4.0,"share_forest_shrub":1.0,"share_industrial":0.0,"dominant_land_cover":30,"dominant_class":4,"dominant_label":"Persistent thermal source","is_outbreak_front":false,"is_persistent_cluster":false,"cluster_id":484799}},{"type":"Feature","id":484800,"geometry":{"type":"Polygon","coordinates":[[[76.38093,15.1678],[76.37516,15.17256],[76.37936,15.17209],[76.38093,15.1678]]]},"properties":{"cluster_date":"2024-12-28","cluster_fire_count":4,"total_cluster_frp":4.05,"max_frp":1.63,"cluster_convex_hull_area_km2":0.1011,"centroid_lat":15.1712,"centroid_lon":76.378,"mean_persistence_7d":4.0,"share_forest_shrub":1.0,"share_industrial":0.0,"dominant_land_cover":30,"dominant_class":4,"dominant_label":"Persistent thermal source","is_outbreak_front":false,"is_persistent_cluster":false,"cluster_id":484800}},{"type":"Feature","id":484801,"geometry":{"type":"Polygon","coordinates":[[[76.90116,15.01247],[76.89738,15.0129],[76.89442,15.01893],[76.90116,15.01247]]]},"properties":{"cluster_date":"2024-12-28","cluster_fire_count":4,"total_cluster_frp":3.4,"max_frp":1.45,"cluster_convex_hull_area_km2":0.1261,"centroid_lat":15.0145,"centroid_lon":76.8978,"mean_persistence_7d":4.0,"share_forest_shrub":1.0,"share_industrial":0.0,"dominant_land_cover":30,"dominant_class":4,"dominant_label":"Persistent thermal source","is_outbreak_front":false,"is_persistent_cluster":false,"cluster_id":484801}},{"type":"Feature","id":484802,"geometry":{"type":"Polygon","coordinates":[[[74.18644,26.26858],[74.18613,26.27081],[74.18703,26.27369],[74.18644,26.26858]]]},"properties":{"cluster_date":"2024-12-28","cluster_fire_count":3,"total_cluster_frp":3.63,"max_frp":1.45,"cluster_convex_hull_area_km2":0.0155,"centroid_lat":26.271,"centroid_lon":74.1865,"mean_persistence_7d":3.0,"share_forest_shrub":1.0,"share_industrial":0.0,"dominant_land_cover":30,"dominant_class":4,"dominant_label":"Persistent thermal source","is_outbreak_front":false,"is_persistent_cluster":false,"cluster_id":484802}},{"type":"Feature","id":484803,"geometry":{"type":"Polygon","coordinates":[[[82.34305,23.1654],[82.33559,23.16655],[82.34364,23.16869],[82.34305,23.1654]]]},"properties":{"cluster_date":"2024-12-28","cluster_fire_count":4,"total_cluster_frp":5.94,"max_frp":1.74,"cluster_convex_hull_area_km2":0.1375,"centroid_lat":23.1667,"centroid_lon":82.3404,"mean_persistence_7d":7.0,"share_forest_shrub":1.0,"share_industrial":0.0,"dominant_land_cover":10,"dominant_class":4,"dominant_label":"Persistent thermal source","is_outbreak_front":false,"is_persistent_cluster":false,"cluster_id":484803}},{"type":"Feature","id":484804,"geometry":{"type":"Polygon","coordinates":[[[70.09834,23.01292],[70.09932,23.01637],[70.10403,23.01323],[70.09834,23.01292]]]},"properties":{"cluster_date":"2024-12-28","cluster_fire_count":3,"total_cluster_frp":2.51,"max_frp":0.91,"cluster_convex_hull_area_km2":0.1055,"centroid_lat":23.0142,"centroid_lon":70.1006,"mean_persistence_7d":5.0,"share_forest_shrub":1.0,"share_industrial":0.0,"dominant_land_cover":30,"dominant_class":4,"dominant_label":"Persistent thermal source","is_outbreak_front":false,"is_persistent_cluster":false,"cluster_id":484804}},{"type":"Feature","id":484805,"geometry":{"type":"Polygon","coordinates":[[[69.82307,22.92682],[69.81948,22.92727],[69.81986,22.92819],[69.82307,22.92682]]]},"properties":{"cluster_date":"2024-12-28","cluster_fire_count":4,"total_cluster_frp":3.81,"max_frp":1.07,"cluster_convex_hull_area_km2":0.019,"centroid_lat":22.9273,"centroid_lon":69.8213,"mean_persistence_7d":6.0,"share_forest_shrub":1.0,"share_industrial":0.0,"dominant_land_cover":30,"dominant_class":4,"dominant_label":"Persistent thermal source","is_outbreak_front":false,"is_persistent_cluster":false,"cluster_id":484805}},{"type":"Feature","id":484806,"geometry":{"type":"Polygon","coordinates":[[[84.99387,20.86527],[84.9903,20.86951],[84.98009,20.88932],[84.99387,20.86527]]]},"properties":{"cluster_date":"2024-12-28","cluster_fire_count":3,"total_cluster_frp":6.52,"max_frp":3.94,"cluster_convex_hull_area_km2":0.1524,"centroid_lat":20.8747,"centroid_lon":84.9881,"mean_persistence_7d":3.0,"share_forest_shrub":0.0,"share_industrial":1.0,"dominant_land_cover":50,"dominant_class":4,"dominant_label":"Persistent thermal source","is_outbreak_front":false,"is_persistent_cluster":true,"cluster_id":484806}},{"type":"Feature","id":484807,"geometry":{"type":"Polygon","coordinates":[[[81.65337,21.36534],[81.63981,21.37761],[81.64583,21.39027],[81.65092,21.37592],[81.65337,21.36534]]]},"properties":{"cluster_date":"2024-12-28","cluster_fire_count":4,"total_cluster_frp":3.47,"max_frp":1.23,"cluster_convex_hull_area_km2":1.4615,"centroid_lat":21.3773,"centroid_lon":81.6475,"mean_persistence_7d":5.5,"share_forest_shrub":0.0,"share_industrial":1.0,"dominant_land_cover":50,"dominant_class":4,"dominant_label":"Persistent thermal source","is_outbreak_front":false,"is_persistent_cluster":true,"cluster_id":484807}},{"type":"Feature","id":484808,"geometry":{"type":"Polygon","coordinates":[[[73.1186,22.36417],[73.1113,22.369],[73.11801,22.366],[73.1186,22.36417]]]},"properties":{"cluster_date":"2024-12-28","cluster_fire_count":3,"total_cluster_frp":4.6,"max_frp":1.69,"cluster_convex_hull_area_km2":0.0577,"centroid_lat":22.3664,"centroid_lon":73.116,"mean_persistence_7d":5.0,"share_forest_shrub":0.0,"share_industrial":1.0,"dominant_land_cover":50,"dominant_class":3,"dominant_label":"Gas flare","is_outbreak_front":false,"is_persistent_cluster":true,"cluster_id":484808}},{"type":"Feature","id":484809,"geometry":{"type":"Polygon","coordinates":[[[79.08979,21.19591],[79.0871,21.19738],[79.09144,21.19677],[79.08979,21.19591]]]},"properties":{"cluster_date":"2024-12-28","cluster_fire_count":3,"total_cluster_frp":1.73,"max_frp":0.8,"cluster_convex_hull_area_km2":0.0263,"centroid_lat":21.1967,"centroid_lon":79.0894,"mean_persistence_7d":0.0,"share_forest_shrub":1.0,"share_industrial":0.0,"dominant_land_cover":10,"dominant_class":0,"dominant_label":"Wildfire","is_outbreak_front":false,"is_persistent_cluster":false,"cluster_id":484809}},{"type":"Feature","id":484810,"geometry":{"type":"Polygon","coordinates":[[[71.46091,20.90801],[71.45567,20.91038],[71.45589,20.91213],[71.46091,20.90801]]]},"properties":{"cluster_date":"2024-12-28","cluster_fire_count":3,"total_cluster_frp":3.4,"max_frp":1.66,"cluster_convex_hull_area_km2":0.0538,"centroid_lat":20.9102,"centroid_lon":71.4575,"mean_persistence_7d":6.0,"share_forest_shrub":1.0,"share_industrial":0.0,"dominant_land_cover":30,"dominant_class":4,"dominant_label":"Persistent thermal source","is_outbreak_front":false,"is_persistent_cluster":false,"cluster_id":484810}},{"type":"Feature","id":484811,"geometry":{"type":"Polygon","coordinates":[[[73.69431,19.30645],[73.68552,19.30697],[73.69278,19.30698],[73.69431,19.30645]]]},"properties":{"cluster_date":"2024-12-28","cluster_fire_count":3,"total_cluster_frp":4.69,"max_frp":1.77,"cluster_convex_hull_area_km2":0.0217,"centroid_lat":19.3068,"centroid_lon":73.6909,"mean_persistence_7d":0.0,"share_forest_shrub":1.0,"share_industrial":0.0,"dominant_land_cover":10,"dominant_class":0,"dominant_label":"Wildfire","is_outbreak_front":false,"is_persistent_cluster":false,"cluster_id":484811}},{"type":"Feature","id":484812,"geometry":{"type":"Polygon","coordinates":[[[73.05164,19.10133],[73.04894,19.10163],[73.03959,19.10777],[73.05285,19.10251],[73.05164,19.10133]]]},"properties":{"cluster_date":"2024-12-28","cluster_fire_count":4,"total_cluster_frp":3.93,"max_frp":1.37,"cluster_convex_hull_area_km2":0.2018,"centroid_lat":19.1033,"centroid_lon":73.0483,"mean_persistence_7d":4.25,"share_forest_shrub":1.0,"share_industrial":0.0,"dominant_land_cover":30,"dominant_class":4,"dominant_label":"Persistent thermal source","is_outbreak_front":false,"is_persistent_cluster":false,"cluster_id":484812}},{"type":"Feature","id":484813,"geometry":{"type":"Polygon","coordinates":[[[73.13143,18.75391],[73.12727,18.75783],[73.13028,18.75663],[73.13143,18.75391]]]},"properties":{"cluster_date":"2024-12-28","cluster_fire_count":3,"total_cluster_frp":1.48,"max_frp":0.64,"cluster_convex_hull_area_km2":0.0385,"centroid_lat":18.7561,"centroid_lon":73.1297,"mean_persistence_7d":0.0,"share_forest_shrub":1.0,"share_industrial":0.0,"dominant_land_cover":30,"dominant_class":1,"dominant_label":"Agricultural burning","is_outbreak_front":false,"is_persistent_cluster":false,"cluster_id":484813}},{"type":"Feature","id":484814,"geometry":{"type":"Polygon","coordinates":[[[73.98827,15.65772],[73.98651,15.66063],[73.98931,15.65947],[73.98827,15.65772]]]},"properties":{"cluster_date":"2024-12-28","cluster_fire_count":3,"total_cluster_frp":3.02,"max_frp":1.13,"cluster_convex_hull_area_km2":0.0356,"centroid_lat":15.6593,"centroid_lon":73.988,"mean_persistence_7d":5.0,"share_forest_shrub":1.0,"share_industrial":0.0,"dominant_land_cover":10,"dominant_class":4,"dominant_label":"Persistent thermal source","is_outbreak_front":false,"is_persistent_cluster":false,"cluster_id":484814}},{"type":"Feature","id":484815,"geometry":{"type":"Polygon","coordinates":[[[68.71544,23.43036],[68.71081,23.43196],[68.71172,23.43317],[68.71544,23.43036]]]},"properties":{"cluster_date":"2024-12-28","cluster_fire_count":3,"total_cluster_frp":3.44,"max_frp":1.93,"cluster_convex_hull_area_km2":0.0384,"centroid_lat":23.4318,"centroid_lon":68.7127,"mean_persistence_7d":7.0,"share_forest_shrub":1.0,"share_industrial":0.0,"dominant_land_cover":30,"dominant_class":4,"dominant_label":"Persistent thermal source","is_outbreak_front":false,"is_persistent_cluster":false,"cluster_id":484815}},{"type":"Feature","id":484816,"geometry":{"type":"Polygon","coordinates":[[[80.82939,17.77669],[80.82613,17.77692],[80.82845,17.78129],[80.82948,17.78262],[80.83109,17.77786],[80.82939,17.77669]]]},"properties":{"cluster_date":"2024-12-29","cluster_fire_count":5,"total_cluster_frp":32.37,"max_frp":6.87,"cluster_convex_hull_area_km2":0.1755,"centroid_lat":17.7791,"centroid_lon":80.8289,"mean_persistence_7d":0.2,"share_forest_shrub":1.0,"share_industrial":0.0,"dominant_land_cover":30,"dominant_class":1,"dominant_label":"Agricultural burning","is_outbreak_front":true,"is_persistent_cluster":false,"cluster_id":484816}},{"type":"Feature","id":484817,"geometry":{"type":"Polygon","coordinates":[[[80.83141,17.9529],[80.83147,17.95661],[80.83543,17.95844],[80.83639,17.95386],[80.83141,17.9529]]]},"properties":{"cluster_date":"2024-12-29","cluster_fire_count":6,"total_cluster_frp":25.63,"max_frp":5.21,"cluster_convex_hull_area_km2":0.2183,"centroid_lat":17.9559,"centroid_lon":80.834,"mean_persistence_7d":0.0,"share_forest_shrub":1.0,"share_industrial":0.0,"dominant_land_cover":30,"dominant_class":1,"dominant_label":"Agricultural burning","is_outbreak_front":true,"is_persistent_cluster":false,"cluster_id":484817}},{"type":"Feature","id":484818,"geometry":{"type":"Polygon","coordinates":[[[79.84813,18.34242],[79.79655,18.3714],[79.79329,18.37367],[79.79491,18.37411],[79.81326,18.37895],[79.85966,18.35385],[79.84813,18.34242]]]},"properties":{"cluster_date":"2024-12-29","cluster_fire_count":8,"total_cluster_frp":40.93,"max_frp":7.94,"cluster_convex_hull_area_km2":9.9698,"centroid_lat":18.3623,"centroid_lon":79.8224,"mean_persistence_7d":0.5,"share_forest_shrub":1.0,"share_industrial":0.0,"dominant_land_cover":10,"dominant_class":0,"dominant_label":"Wildfire","is_outbreak_front":true,"is_persistent_cluster":false,"cluster_id":484818}},{"type":"Feature","id":484819,"geometry":{"type":"Polygon","coordinates":[[[82.38557,19.04229],[82.38426,19.04316],[82.38041,19.04908],[82.38474,19.04636],[82.38538,19.04494],[82.38557,19.04229]]]},"properties":{"cluster_date":"2024-12-29","cluster_fire_count":5,"total_cluster_frp":18.82,"max_frp":4.79,"cluster_convex_hull_area_km2":0.1196,"centroid_lat":19.0452,"centroid_lon":82.3841,"mean_persistence_7d":0.0,"share_forest_shrub":1.0,"share_industrial":0.0,"dominant_land_cover":10,"dominant_class":0,"dominant_label":"Wildfire","is_outbreak_front":true,"is_persistent_cluster":false,"cluster_id":484819}},{"type":"Feature","id":484820,"geometry":{"type":"Polygon","coordinates":[[[82.16882,19.09486],[82.16722,19.09636],[82.16663,19.10339],[82.16832,19.10396],[82.16882,19.09486]]]},"properties":{"cluster_date":"2024-12-29","cluster_fire_count":4,"total_cluster_frp":11.45,"max_frp":4.18,"cluster_convex_hull_area_km2":0.1468,"centroid_lat":19.0996,"centroid_lon":82.1677,"mean_persistence_7d":5.0,"share_forest_shrub":1.0,"share_industrial":0.0,"dominant_land_cover":10,"dominant_class":4,"dominant_label":"Persistent thermal source","is_outbreak_front":false,"is_persistent_cluster":false,"cluster_id":484820}},{"type":"Feature","id":484821,"geometry":{"type":"Polygon","coordinates":[[[85.26153,20.78426],[85.25617,20.78486],[85.25211,20.79498],[85.2552,20.80962],[85.25864,20.80388],[85.26755,20.7884],[85.26405,20.78564],[85.26153,20.78426]]]},"properties":{"cluster_date":"2024-12-29","cluster_fire_count":19,"total_cluster_frp":56.09,"max_frp":8.36,"cluster_convex_hull_area_km2":2.2564,"centroid_lat":20.7946,"centroid_lon":85.2582,"mean_persistence_7d":5.0,"share_forest_shrub":0.0,"share_industrial":1.0,"dominant_land_cover":50,"dominant_class":4,"dominant_label":"Persistent thermal source","is_outbreak_front":false,"is_persistent_cluster":true,"cluster_id":484821}},{"type":"Feature","id":484822,"geometry":{"type":"Polygon","coordinates":[[[84.08396,20.84994],[84.08815,20.85174],[84.08841,20.85071],[84.08396,20.84994]]]},"properties":{"cluster_date":"2024-12-29","cluster_fire_count":3,"total_cluster_frp":9.89,"max_frp":3.92,"cluster_convex_hull_area_km2":0.0266,"centroid_lat":20.8508,"centroid_lon":84.0868,"mean_persistence_7d":0.0,"share_forest_shrub":1.0,"share_industrial":0.0,"dominant_land_cover":10,"dominant_class":0,"dominant_label":"Wildfire","is_outbreak_front":false,"is_persistent_cluster":false,"cluster_id":484822}},{"type":"Feature","id":484823,"geometry":{"type":"Polygon","coordinates":[[[85.04044,21.07338],[85.0326,21.07452],[85.03315,21.07793],[85.03371,21.08133],[85.03762,21.08076],[85.04165,21.07988],[85.04169,21.07922],[85.04114,21.07437],[85.04044,21.07338]]]},"properties":{"cluster_date":"2024-12-29","cluster_fire_count":12,"total_cluster_frp":38.91,"max_frp":10.67,"cluster_convex_hull_area_km2":0.6272,"centroid_lat":21.0778,"centroid_lon":85.038,"mean_persistence_7d":5.0,"share_forest_shrub":1.0,"share_industrial":0.0,"dominant_land_cover":10,"dominant_class":4,"dominant_label":"Persistent thermal source","is_outbreak_front":false,"is_persistent_cluster":false,"cluster_id":484823}},{"type":"Feature","id":484824,"geometry":{"type":"Polygon","coordinates":[[[87.01319,21.59624],[87.01261,21.59953],[87.0163,21.6001],[87.01688,21.59681],[87.01319,21.59624]]]},"properties":{"cluster_date":"2024-12-29","cluster_fire_count":5,"total_cluster_frp":20.97,"max_frp":4.22,"cluster_convex_hull_area_km2":0.1377,"centroid_lat":21.5983,"centroid_lon":87.0149,"mean_persistence_7d":0.0,"share_forest_shrub":1.0,"share_industrial":0.0,"dominant_land_cover":30,"dominant_class":1,"dominant_label":"Agricultural burning","is_outbreak_front":true,"is_persistent_cluster":false,"cluster_id":484824}},{"type":"Feature","id":484825,"geometry":{"type":"Polygon","coordinates":[[[87.10978,21.628],[87.07523,21.66557],[87.08096,21.68441],[87.08465,21.68498],[87.10786,21.68086],[87.11346,21.62857],[87.10978,21.628]]]},"properties":{"cluster_date":"2024-12-29","cluster_fire_count":8,"total_cluster_frp":25.47,"max_frp":5.79,"cluster_convex_hull_area_km2":13.8252,"centroid_lat":21.6572,"centroid_lon":87.0992,"mean_persistence_7d":0.625,"share_forest_shrub":1.0,"share_industrial":0.0,"dominant_land_cover":30,"dominant_class":1,"dominant_label":"Agricultural burning","is_outbreak_front":true,"is_persistent_cluster":false,"cluster_id":484825}},{"type":"Feature","id":484826,"geometry":{"type":"Polygon","coordinates":[[[87.14509,21.66382],[87.12554,21.72912],[87.12438,21.7357],[87.12807,21.73627],[87.1488,21.72593],[87.18098,21.69633],[87.16205,21.67818],[87.14509,21.66382]]]},"properties":{"cluster_date":"2024-12-29","cluster_fire_count":14,"total_cluster_frp":46.48,"max_frp":5.58,"cluster_convex_hull_area_km2":20.9646,"centroid_lat":21.7082,"centroid_lon":87.1503,"mean_persistence_7d":1.0,"share_forest_shrub":1.0,"share_industrial":0.0,"dominant_land_cover":30,"dominant_class":0,"dominant_label":"Wildfire","is_outbreak_front":true,"is_persistent_cluster":false,"cluster_id":484826}},{"type":"Feature","id":484827,"geometry":{"type":"Polygon","coordinates":[[[87.60014,21.76323],[87.58681,21.77473],[87.57719,21.79342],[87.5763,21.79755],[87.59901,21.76981],[87.60014,21.76323]]]},"properties":{"cluster_date":"2024-12-29","cluster_fire_count":6,"total_cluster_frp":16.74,"max_frp":3.91,"cluster_convex_hull_area_km2":1.7893,"centroid_lat":21.7775,"centroid_lon":87.5898,"mean_persistence_7d":1.0,"share_forest_shrub":1.0,"share_industrial":0.0,"dominant_land_cover":30,"dominant_class":1,"dominant_label":"Agricultural burning","is_outbreak_front":true,"is_persistent_cluster":false,"cluster_id":484827}},{"type":"Feature","id":484828,"geometry":{"type":"Polygon","coordinates":[[[87.59277,21.85646],[87.59101,21.85711],[87.59264,21.85838],[87.59277,21.85646]]]},"properties":{"cluster_date":"2024-12-29","cluster_fire_count":3,"total_cluster_frp":12.58,"max_frp":4.64,"cluster_convex_hull_area_km2":0.0182,"centroid_lat":21.8573,"centroid_lon":87.5921,"mean_persistence_7d":1.0,"share_forest_shrub":1.0,"share_industrial":0.0,"dominant_land_cover":30,"dominant_class":1,"dominant_label":"Agricultural burning","is_outbreak_front":false,"is_persistent_cluster":false,"cluster_id":484828}},{"type":"Feature","id":484829,"geometry":{"type":"Polygon","coordinates":[[[87.19136,21.80675],[87.19079,21.81004],[87.19009,21.83414],[87.20171,21.83254],[87.19136,21.80675]]]},"properties":{"cluster_date":"2024-12-29","cluster_fire_count":5,"total_cluster_frp":20.12,"max_frp":8.57,"cluster_convex_hull_area_km2":1.8058,"centroid_lat":21.8232,"centroid_lon":87.193,"mean_persistence_7d":0.6,"share_forest_shrub":1.0,"share_industrial":0.0,"dominant_land_cover":30,"dominant_class":1,"dominant_label":"Agricultural burning","is_outbreak_front":true,"is_persistent_cluster":false,"cluster_id":484829}},{"type":"Feature","id":484830,"geometry":{"type":"Polygon","coordinates":[[[87.55338,21.96245],[87.55317,21.96371],[87.57764,21.9772],[87.55338,21.96245]]]},"properties":{"cluster_date":"2024-12-29","cluster_fire_count":3,"total_cluster_frp":10.76,"max_frp":4.51,"cluster_convex_hull_area_km2":0.1853,"centroid_lat":21.9678,"centroid_lon":87.5614,"mean_persistence_7d":0.0,"share_forest_shrub":1.0,"share_industrial":0.0,"dominant_land_cover":30,"dominant_class":1,"dominant_label":"Agricultural burning","is_outbreak_front":false,"is_persistent_cluster":false,"cluster_id":484830}},{"type":"Feature","id":484831,"geometry":{"type":"Polygon","coordinates":[[[82.52672,20.93001],[82.52531,20.93011],[82.52792,20.93066],[82.52672,20.93001]]]},"properties":{"cluster_date":"2024-12-29","cluster_fire_count":3,"total_cluster_frp":13.55,"max_frp":5.9,"cluster_convex_hull_area_km2":0.0058,"centroid_lat":20.9303,"centroid_lon":82.5267,"mean_persistence_7d":0.0,"share_forest_shrub":1.0,"share_industrial":0.0,"dominant_land_cover":10,"dominant_class":0,"dominant_label":"Wildfire","is_outbreak_front":false,"is_persistent_cluster":false,"cluster_id":484831}},{"type":"Feature","id":484832,"geometry":{"type":"Polygon","coordinates":[[[81.97533,20.81787],[81.97159,20.81849],[81.97063,20.82121],[81.9714,20.82165],[81.97608,20.82272],[81.97533,20.81787]]]},"properties":{"cluster_date":"2024-12-29","cluster_fire_count":6,"total_cluster_frp":49.66,"max_frp":19.3,"cluster_convex_hull_area_km2":0.2007,"centroid_lat":20.8206,"centroid_lon":81.9733,"mean_persistence_7d":0.1667,"share_forest_shrub":1.0,"share_industrial":0.0,"dominant_land_cover":10,"dominant_class":0,"dominant_label":"Wildfire","is_outbreak_front":true,"is_persistent_cluster":false,"cluster_id":484832}},{"type":"Feature","id":484833,"geometry":{"type":"Polygon","coordinates":[[[83.79972,21.25246],[83.80871,21.27656],[83.80128,21.25252],[83.79972,21.25246]]]},"properties":{"cluster_date":"2024-12-29","cluster_fire_count":3,"total_cluster_frp":6.11,"max_frp":2.96,"cluster_convex_hull_area_km2":0.2052,"centroid_lat":21.2605,"centroid_lon":83.8032,"mean_persistence_7d":0.0,"share_forest_shrub":1.0,"share_industrial":0.0,"dominant_land_cover":30,"dominant_class":1,"dominant_label":"Agricultural burning","is_outbreak_front":false,"is_persistent_cluster":false,"cluster_id":484833}},{"type":"Feature","id":484834,"geometry":{"type":"Polygon","coordinates":[[[83.60892,21.24863],[83.60745,21.25574],[83.60876,21.25041],[83.60892,21.24863]]]},"properties":{"cluster_date":"2024-12-29","cluster_fire_count":3,"total_cluster_frp":7.96,"max_frp":3.52,"cluster_convex_hull_area_km2":0.0082,"centroid_lat":21.2516,"centroid_lon":83.6084,"mean_persistence_7d":0.0,"share_forest_shrub":1.0,"share_industrial":0.0,"dominant_land_cover":30,"dominant_class":1,"dominant_label":"Agricultural burning","is_outbreak_front":false,"is_persistent_cluster":false,"cluster_id":484834}},{"type":"Feature","id":484835,"geometry":{"type":"Polygon","coordinates":[[[83.13307,21.15916],[83.13229,21.16292],[83.13357,21.15934],[83.13307,21.15916]]]},"properties":{"cluster_date":"2024-12-29","cluster_fire_count":3,"total_cluster_frp":12.28,"max_frp":5.6,"cluster_convex_hull_area_km2":0.0112,"centroid_lat":21.1605,"centroid_lon":83.133,"mean_persistence_7d":0.0,"share_forest_shrub":1.0,"share_industrial":0.0,"dominant_land_cover":10,"dominant_class":0,"dominant_label":"Wildfire","is_outbreak_front":false,"is_persistent_cluster":false,"cluster_id":484835}},{"type":"Feature","id":484836,"geometry":{"type":"Polygon","coordinates":[[[83.48048,21.28677],[83.4783,21.29783],[83.48051,21.28677],[83.48048,21.28677]]]},"properties":{"cluster_date":"2024-12-29","cluster_fire_count":3,"total_cluster_frp":12.42,"max_frp":6.0,"cluster_convex_hull_area_km2":0.0018,"centroid_lat":21.2905,"centroid_lon":83.4798,"mean_persistence_7d":0.3333,"share_forest_shrub":1.0,"share_industrial":0.0,"dominant_land_cover":30,"dominant_class":1,"dominant_label":"Agricultural burning","is_outbreak_front":false,"is_persistent_cluster":false,"cluster_id":484836}},{"type":"Feature","id":484837,"geometry":{"type":"Polygon","coordinates":[[[81.94172,21.01324],[81.93297,21.01581],[81.94233,21.0179],[81.94468,21.01798],[81.94198,21.01361],[81.94172,21.01324]]]},"properties":{"cluster_date":"2024-12-29","cluster_fire_count":5,"total_cluster_frp":23.38,"max_frp":6.83,"cluster_convex_hull_area_km2":0.2962,"centroid_lat":21.0157,"centroid_lon":81.9407,"mean_persistence_7d":1.0,"share_forest_shrub":1.0,"share_industrial":0.0,"dominant_land_cover":10,"dominant_class":0,"dominant_label":"Wildfire","is_outbreak_front":true,"is_persistent_cluster":false,"cluster_id":484837}},{"type":"Feature","id":484838,"geometry":{"type":"Polygon","coordinates":[[[87.41291,22.17172],[87.412,22.17586],[87.40753,22.19657],[87.41683,22.20487],[87.44582,22.2126],[87.44614,22.21258],[87.44697,22.20602],[87.41291,22.17172]]]},"properties":{"cluster_date":"2024-12-29","cluster_fire_count":9,"total_cluster_frp":26.68,"max_frp":5.15,"cluster_convex_hull_area_km2":8.09,"centroid_lat":22.1981,"centroid_lon":87.4289,"mean_persistence_7d":0.5556,"share_forest_shrub":1.0,"share_industrial":0.0,"dominant_land_cover":30,"dominant_class":1,"dominant_label":"Agricultural burning","is_outbreak_front":true,"is_persistent_cluster":false,"cluster_id":484838}},{"type":"Feature","id":484839,"geometry":{"type":"Polygon","coordinates":[[[82.85909,21.20807],[82.78062,21.2594],[82.86781,21.28334],[82.881,21.26993],[82.87367,21.2291],[82.85909,21.20807]]]},"properties":{"cluster_date":"2024-12-29","cluster_fire_count":15,"total_cluster_frp":68.8,"max_frp":9.96,"cluster_convex_hull_area_km2":43.7699,"centroid_lat":21.2518,"centroid_lon":82.8412,"mean_persistence_7d":1.0667,"share_forest_shrub":1.0,"share_industrial":0.0,"dominant_land_cover":10,"dominant_class":0,"dominant_label":"Wildfire","is_outbreak_front":false,"is_persistent_cluster":false,"cluster_id":484839}},{"type":"Feature","id":484840,"geometry":{"type":"Polygon","coordinates":[[[82.35606,21.16201],[82.30769,21.177],[82.34573,21.18459],[82.38315,21.16702],[82.35606,21.16201]]]},"properties":{"cluster_date":"2024-12-29","cluster_fire_count":6,"total_cluster_frp":53.84,"max_frp":28.78,"cluster_convex_hull_area_km2":8.8694,"centroid_lat":21.1714,"centroid_lon":82.3468,"mean_persistence_7d":0.5,"share_forest_shrub":1.0,"share_industrial":0.0,"dominant_land_cover":10,"dominant_class":0,"dominant_label":"Wildfire","is_outbreak_front":true,"is_persistent_cluster":false,"cluster_id":484840}},{"type":"Feature","id":484841,"geometry":{"type":"Polygon","coordinates":[[[82.95442,21.31851],[82.86905,21.34138],[82.92376,21.35837],[82.94373,21.36283],[82.95812,21.338],[82.95712,21.33076],[82.95442,21.31851]]]},"properties":{"cluster_date":"2024-12-29","cluster_fire_count":17,"total_cluster_frp":78.4,"max_frp":9.9,"cluster_convex_hull_area_km2":22.2067,"centroid_lat":21.3399,"centroid_lon":82.9326,"mean_persistence_7d":0.9412,"share_forest_shrub":1.0,"share_industrial":0.0,"dominant_land_cover":10,"dominant_class":0,"dominant_label":"Wildfire","is_outbreak_front":true,"is_persistent_cluster":false,"cluster_id":484841}},{"type":"Feature","id":484842,"geometry":{"type":"Polygon","coordinates":[[[84.0994,21.56457],[84.08344,21.56906],[84.08483,21.56941],[84.0994,21.56457]]]},"properties":{"cluster_date":"2024-12-29","cluster_fire_count":3,"total_cluster_frp":15.93,"max_frp":8.76,"cluster_convex_hull_area_km2":0.0653,"centroid_lat":21.5677,"centroid_lon":84.0892,"mean_persistence_7d":0.6667,"share_forest_shrub":1.0,"share_industrial":0.0,"dominant_land_cover":30,"dominant_class":1,"dominant_label":"Agricultural burning","is_outbreak_front":false,"is_persistent_cluster":false,"cluster_id":484842}},{"type":"Feature","id":484843,"geometry":{"type":"Polygon","coordinates":[[[83.29359,21.41707],[83.29156,21.41796],[83.29226,21.42249],[83.29733,21.41788],[83.29359,21.41707]]]},"properties":{"cluster_date":"2024-12-29","cluster_fire_count":6,"total_cluster_frp":31.7,"max_frp":9.17,"cluster_convex_hull_area_km2":0.1723,"centroid_lat":21.4186,"centroid_lon":83.294,"mean_persistence_7d":0.0,"share_forest_shrub":1.0,"share_industrial":0.0,"dominant_land_cover":30,"dominant_class":1,"dominant_label":"Agricultural burning","is_outbreak_front":true,"is_persistent_cluster":false,"cluster_id":484843}},{"type":"Feature","id":484844,"geometry":{"type":"Polygon","coordinates":[[[87.12667,22.19946],[87.11953,22.21386],[87.12322,22.21443],[87.12667,22.19946]]]},"properties":{"cluster_date":"2024-12-29","cluster_fire_count":3,"total_cluster_frp":5.21,"max_frp":1.87,"cluster_convex_hull_area_km2":0.3143,"centroid_lat":22.2092,"centroid_lon":87.1231,"mean_persistence_7d":0.0,"share_forest_shrub":1.0,"share_industrial":0.0,"dominant_land_cover":30,"dominant_class":1,"dominant_label":"Agricultural burning","is_outbreak_front":false,"is_persistent_cluster":false,"cluster_id":484844}},{"type":"Feature","id":484845,"geometry":{"type":"Polygon","coordinates":[[[83.01048,21.36159],[83.00962,21.36308],[83.0182,21.37948],[83.01048,21.36159]]]},"properties":{"cluster_date":"2024-12-29","cluster_fire_count":3,"total_cluster_frp":11.33,"max_frp":5.66,"cluster_convex_hull_area_km2":0.1487,"centroid_lat":21.3681,"centroid_lon":83.0128,"mean_persistence_7d":0.3333,"share_forest_shrub":1.0,"share_industrial":0.0,"dominant_land_cover":10,"dominant_class":0,"dominant_label":"Wildfire","is_outbreak_front":false,"is_persistent_cluster":false,"cluster_id":484845}},{"type":"Feature","id":484846,"geometry":{"type":"Polygon","coordinates":[[[82.78259,21.28784],[82.78326,21.29141],[82.78769,21.28876],[82.78259,21.28784]]]},"properties":{"cluster_date":"2024-12-29","cluster_fire_count":3,"total_cluster_frp":12.91,"max_frp":4.9,"cluster_convex_hull_area_km2":0.0974,"centroid_lat":21.2893,"centroid_lon":82.7845,"mean_persistence_7d":0.6667,"share_forest_shrub":1.0,"share_industrial":0.0,"dominant_land_cover":10,"dominant_class":0,"dominant_label":"Wildfire","is_outbreak_front":false,"is_persistent_cluster":false,"cluster_id":484846}},{"type":"Feature","id":484847,"geometry":{"type":"Polygon","coordinates":[[[87.38998,22.24414],[87.38867,22.24505],[87.37733,22.27841],[87.38935,22.29245],[87.40227,22.26684],[87.38998,22.24414]]]},"properties":{"cluster_date":"2024-12-29","cluster_fire_count":7,"total_cluster_frp":21.61,"max_frp":5.37,"cluster_convex_hull_area_km2":6.7595,"centroid_lat":22.2695,"centroid_lon":87.3871,"mean_persistence_7d":0.8571,"share_forest_shrub":1.0,"share_industrial":0.0,"dominant_land_cover":30,"dominant_class":1,"dominant_label":"Agricultural burning","is_outbreak_front":true,"is_persistent_cluster":false,"cluster_id":484847}},{"type":"Feature","id":484848,"geometry":{"type":"Polygon","coordinates":[[[87.03051,22.22392],[87.03339,22.22466],[87.0342,22.22449],[87.03051,22.22392]]]},"properties":{"cluster_date":"2024-12-29","cluster_fire_count":3,"total_cluster_frp":14.41,"max_frp":5.64,"cluster_convex_hull_area_km2":0.006,"centroid_lat":22.2244,"centroid_lon":87.0327,"mean_persistence_7d":1.0,"share_forest_shrub":1.0,"share_industrial":0.0,"dominant_land_cover":30,"dominant_class":1,"dominant_label":"Agricultural burning","is_outbreak_front":false,"is_persistent_cluster":false,"cluster_id":484848}},{"type":"Feature","id":484849,"geometry":{"type":"Polygon","coordinates":[[[84.03793,21.6779],[84.03587,21.6811],[84.03111,21.69743],[84.0329,21.69689],[84.0416,21.68075],[84.03869,21.67791],[84.03793,21.6779]]]},"properties":{"cluster_date":"2024-12-29","cluster_fire_count":11,"total_cluster_frp":20.95,"max_frp":3.25,"cluster_convex_hull_area_km2":0.7495,"centroid_lat":21.6832,"centroid_lon":84.0375,"mean_persistence_7d":4.4545,"share_forest_shrub":0.0,"share_industrial":1.0,"dominant_land_cover":50,"dominant_class":4,"dominant_label":"Persistent thermal source","is_outbreak_front":false,"is_persistent_cluster":true,"cluster_id":484849}},{"type":"Feature","id":484850,"geometry":{"type":"Polygon","coordinates":[[[83.11088,21.48231],[83.10642,21.48456],[83.10809,21.49423],[83.10929,21.49208],[83.1103,21.48963],[83.11088,21.48231]]]},"properties":{"cluster_date":"2024-12-29","cluster_fire_count":10,"total_cluster_frp":91.44,"max_frp":13.42,"cluster_convex_hull_area_km2":0.338,"centroid_lat":21.4886,"centroid_lon":83.1087,"mean_persistence_7d":0.0,"share_forest_shrub":1.0,"share_industrial":0.0,"dominant_land_cover":10,"dominant_class":0,"dominant_label":"Wildfire","is_outbreak_front":true,"is_persistent_cluster":false,"cluster_id":484850}},{"type":"Feature","id":484851,"geometry":{"type":"Polygon","coordinates":[[[83.9438,21.66895],[83.94338,21.66984],[83.94466,21.6706],[83.94672,21.67057],[83.94822,21.66972],[83.9438,21.66895]]]},"properties":{"cluster_date":"2024-12-29","cluster_fire_count":5,"total_cluster_frp":22.85,"max_frp":5.72,"cluster_convex_hull_area_km2":0.0541,"centroid_lat":21.6699,"centroid_lon":83.9454,"mean_persistence_7d":0.0,"share_forest_shrub":1.0,"share_industrial":0.0,"dominant_land_cover":30,"dominant_class":1,"dominant_label":"Agricultural burning","is_outbreak_front":true,"is_persistent_cluster":false,"cluster_id":484851}},{"type":"Feature","id":484852,"geometry":{"type":"Polygon","coordinates":[[[87.29101,22.35904],[87.28909,22.35921],[87.28731,22.35962],[87.27551,22.3784],[87.27921,22.37782],[87.28297,22.37723],[87.3008,22.37104],[87.30255,22.36826],[87.30299,22.36618],[87.3033,22.36388],[87.29101,22.35904]]]},"properties":{"cluster_date":"2024-12-29","cluster_fire_count":19,"total_cluster_frp":47.34,"max_frp":6.17,"cluster_convex_hull_area_km2":3.1277,"centroid_lat":22.3692,"centroid_lon":87.292,"mean_persistence_7d":5.6842,"share_forest_shrub":1.0,"share_industrial":0.0,"dominant_land_cover":30,"dominant_class":4,"dominant_label":"Persistent thermal source","is_outbreak_front":false,"is_persistent_cluster":false,"cluster_id":484852}},{"type":"Feature","id":484853,"geometry":{"type":"Polygon","coordinates":[[[84.08071,21.71597],[84.07994,21.7183],[84.07954,21.72112],[84.08071,21.71597]]]},"properties":{"cluster_date":"2024-12-29","cluster_fire_count":3,"total_cluster_frp":8.95,"max_frp":3.66,"cluster_convex_hull_area_km2":0.0068,"centroid_lat":21.7185,"centroid_lon":84.0801,"mean_persistence_7d":0.0,"share_forest_shrub":0.0,"share_industrial":1.0,"dominant_land_cover":50,"dominant_class":5,"dominant_label":"Unknown","is_outbreak_front":false,"is_persistent_cluster":false,"cluster_id":484853}},{"type":"Feature","id":484854,"geometry":{"type":"Polygon","coordinates":[[[83.81429,21.74005],[83.82446,21.77537],[83.83496,21.78495],[83.8388,21.78076],[83.84483,21.76377],[83.84479,21.76161],[83.84422,21.75848],[83.84019,21.75354],[83.81429,21.74005]]]},"properties":{"cluster_date":"2024-12-29","cluster_fire_count":20,"total_cluster_frp":32.2,"max_frp":6.15,"cluster_convex_hull_area_km2":7.8085,"centroid_lat":21.7629,"centroid_lon":83.8343,"mean_persistence_7d":6.1,"share_forest_shrub":1.0,"share_industrial":0.0,"dominant_land_cover":30,"dominant_class":4,"dominant_label":"Persistent thermal source","is_outbreak_front":false,"is_persistent_cluster":false,"cluster_id":484854}},{"type":"Feature","id":484855,"geometry":{"type":"Polygon","coordinates":[[[86.9394,22.60446],[86.93141,22.60662],[86.95306,22.6133],[86.9394,22.60446]]]},"properties":{"cluster_date":"2024-12-29","cluster_fire_count":5,"total_cluster_frp":15.82,"max_frp":4.83,"cluster_convex_hull_area_km2":0.5484,"centroid_lat":22.6078,"centroid_lon":86.9393,"mean_persistence_7d":0.0,"share_forest_shrub":1.0,"share_industrial":0.0,"dominant_land_cover":30,"dominant_class":1,"dominant_label":"Agricultural burning","is_outbreak_front":true,"is_persistent_cluster":false,"cluster_id":484855}},{"type":"Feature","id":484856,"geometry":{"type":"Polygon","coordinates":[[[83.35248,21.91684],[83.3489,21.91831],[83.33825,21.92486],[83.33754,21.92929],[83.35292,21.92523],[83.35495,21.92379],[83.35248,21.91684]]]},"properties":{"cluster_date":"2024-12-29","cluster_fire_count":17,"total_cluster_frp":37.78,"max_frp":4.47,"cluster_convex_hull_area_km2":1.1764,"centroid_lat":21.923,"centroid_lon":83.3476,"mean_persistence_7d":5.7059,"share_forest_shrub":0.0,"share_industrial":1.0,"dominant_land_cover":50,"dominant_class":4,"dominant_label":"Persistent thermal source","is_outbreak_front":false,"is_persistent_cluster":true,"cluster_id":484856}},{"type":"Feature","id":484857,"geometry":{"type":"Polygon","coordinates":[[[83.74474,22.02853],[83.72973,22.04139],[83.73007,22.04423],[83.73028,22.04501],[83.73218,22.046],[83.7357,22.04564],[83.73924,22.04527],[83.7407,22.04322],[83.74474,22.02853]]]},"properties":{"cluster_date":"2024-12-29","cluster_fire_count":23,"total_cluster_frp":83.24,"max_frp":10.0,"cluster_convex_hull_area_km2":1.2913,"centroid_lat":22.0417,"centroid_lon":83.7356,"mean_persistence_7d":6.7391,"share_forest_shrub":1.0,"share_industrial":0.0,"dominant_land_cover":30,"dominant_class":4,"dominant_label":"Persistent thermal source","is_outbreak_front":false,"is_persistent_cluster":false,"cluster_id":484857}},{"type":"Feature","id":484858,"geometry":{"type":"Polygon","coordinates":[[[87.90989,23.1125],[87.89622,23.12232],[87.89535,23.12628],[87.89917,23.1245],[87.91276,23.11329],[87.90989,23.1125]]]},"properties":{"cluster_date":"2024-12-29","cluster_fire_count":5,"total_cluster_frp":28.24,"max_frp":10.39,"cluster_convex_hull_area_km2":0.6287,"centroid_lat":23.1198,"centroid_lon":87.9027,"mean_persistence_7d":0.0,"share_forest_shrub":1.0,"share_industrial":0.0,"dominant_land_cover":30,"dominant_class":1,"dominant_label":"Agricultural burning","is_outbreak_front":true,"is_persistent_cluster":false,"cluster_id":484858}},{"type":"Feature","id":484859,"geometry":{"type":"Polygon","coordinates":[[[87.7126,23.08431],[87.73033,23.09223],[87.71607,23.08533],[87.7126,23.08431]]]},"properties":{"cluster_date":"2024-12-29","cluster_fire_count":3,"total_cluster_frp":11.08,"max_frp":4.57,"cluster_convex_hull_area_km2":0.0513,"centroid_lat":23.0873,"centroid_lon":87.7197,"mean_persistence_7d":2.3333,"share_forest_shrub":1.0,"share_industrial":0.0,"dominant_land_cover":30,"dominant_class":1,"dominant_label":"Agricultural burning","is_outbreak_front":false,"is_persistent_cluster":false,"cluster_id":484859}},{"type":"Feature","id":484860,"geometry":{"type":"Polygon","coordinates":[[[88.10748,23.2265],[88.10691,23.22983],[88.10923,23.2293],[88.10748,23.2265]]]},"properties":{"cluster_date":"2024-12-29","cluster_fire_count":3,"total_cluster_frp":10.9,"max_frp":5.52,"cluster_convex_hull_area_km2":0.0405,"centroid_lat":23.2285,"centroid_lon":88.1079,"mean_persistence_7d":1.0,"share_forest_shrub":1.0,"share_industrial":0.0,"dominant_land_cover":30,"dominant_class":1,"dominant_label":"Agricultural burning","is_outbreak_front":false,"is_persistent_cluster":false,"cluster_id":484860}},{"type":"Feature","id":484861,"geometry":{"type":"Polygon","coordinates":[[[87.73427,23.16522],[87.73405,23.18892],[87.74757,23.19654],[87.74122,23.16963],[87.74102,23.16908],[87.73427,23.16522]]]},"properties":{"cluster_date":"2024-12-29","cluster_fire_count":8,"total_cluster_frp":23.14,"max_frp":3.96,"cluster_convex_hull_area_km2":2.639,"centroid_lat":23.1807,"centroid_lon":87.7398,"mean_persistence_7d":0.75,"share_forest_shrub":1.0,"share_industrial":0.0,"dominant_land_cover":30,"dominant_class":1,"dominant_label":"Agricultural burning","is_outbreak_front":true,"is_persistent_cluster":false,"cluster_id":484861}},{"type":"Feature","id":484862,"geometry":{"type":"Polygon","coordinates":[[[87.47765,23.16107],[87.47707,23.16437],[87.48045,23.16187],[87.47765,23.16107]]]},"properties":{"cluster_date":"2024-12-29","cluster_fire_count":3,"total_cluster_frp":7.99,"max_frp":3.09,"cluster_convex_hull_area_km2":0.0529,"centroid_lat":23.1624,"centroid_lon":87.4784,"mean_persistence_7d":0.0,"share_forest_shrub":1.0,"share_industrial":0.0,"dominant_land_cover":30,"dominant_class":1,"dominant_label":"Agricultural burning","is_outbreak_front":false,"is_persistent_cluster":false,"cluster_id":484862}},{"type":"Feature","id":484863,"geometry":{"type":"Polygon","coordinates":[[[87.93803,23.23926],[87.9479,23.26354],[87.98766,23.26653],[87.93803,23.23926]]]},"properties":{"cluster_date":"2024-12-29","cluster_fire_count":5,"total_cluster_frp":24.41,"max_frp":6.84,"cluster_convex_hull_area_km2":5.0985,"centroid_lat":23.2573,"centroid_lon":87.963,"mean_persistence_7d":0.6,"share_forest_shrub":1.0,"share_industrial":0.0,"dominant_land_cover":30,"dominant_class":1,"dominant_label":"Agricultural burning","is_outbreak_front":true,"is_persistent_cluster":false,"cluster_id":484863}},{"type":"Feature","id":484864,"geometry":{"type":"Polygon","coordinates":[[[88.03249,23.29169],[88.00111,23.3062],[88.01027,23.31606],[88.03521,23.30745],[88.03249,23.29169]]]},"properties":{"cluster_date":"2024-12-29","cluster_fire_count":5,"total_cluster_frp":16.3,"max_frp":5.96,"cluster_convex_hull_area_km2":4.6774,"centroid_lat":23.3071,"centroid_lon":88.018,"mean_persistence_7d":0.2,"share_forest_shrub":1.0,"share_industrial":0.0,"dominant_land_cover":30,"dominant_class":1,"dominant_label":"Agricultural burning","is_outbreak_front":true,"is_persistent_cluster":false,"cluster_id":484864}},{"type":"Feature","id":484865,"geometry":{"type":"Polygon","coordinates":[[[88.04311,23.35288],[88.05665,23.36507],[88.05898,23.3647],[88.04311,23.35288]]]},"properties":{"cluster_date":"2024-12-29","cluster_fire_count":3,"total_cluster_frp":6.53,"max_frp":2.79,"cluster_convex_hull_area_km2":0.1819,"centroid_lat":23.3609,"centroid_lon":88.0529,"mean_persistence_7d":0.0,"share_forest_shrub":1.0,"share_industrial":0.0,"dominant_land_cover":30,"dominant_class":1,"dominant_label":"Agricultural burning","is_outbreak_front":false,"is_persistent_cluster":false,"cluster_id":484865}},{"type":"Feature","id":484866,"geometry":{"type":"Polygon","coordinates":[[[87.65173,23.30929],[87.659,23.3299],[87.66653,23.33518],[87.70576,23.31387],[87.65173,23.30929]]]},"properties":{"cluster_date":"2024-12-29","cluster_fire_count":6,"total_cluster_frp":16.37,"max_frp":5.77,"cluster_convex_hull_area_km2":7.8848,"centroid_lat":23.3222,"centroid_lon":87.674,"mean_persistence_7d":2.0,"share_forest_shrub":1.0,"share_industrial":0.0,"dominant_land_cover":30,"dominant_class":1,"dominant_label":"Agricultural burning","is_outbreak_front":false,"is_persistent_cluster":false,"cluster_id":484866}},{"type":"Feature","id":484867,"geometry":{"type":"Polygon","coordinates":[[[87.62519,23.34016],[87.57625,23.38962],[87.59355,23.39332],[87.63824,23.38842],[87.63013,23.35359],[87.62519,23.34016]]]},"properties":{"cluster_date":"2024-12-29","cluster_fire_count":10,"total_cluster_frp":34.72,"max_frp":11.78,"cluster_convex_hull_area_km2":18.0744,"centroid_lat":23.3735,"centroid_lon":87.6112,"mean_persistence_7d":1.4,"share_forest_shrub":1.0,"share_industrial":0.0,"dominant_land_cover":30,"dominant_class":1,"dominant_label":"Agricultural burning","is_outbreak_front":false,"is_persistent_cluster":false,"cluster_id":484867}},{"type":"Feature","id":484868,"geometry":{"type":"Polygon","coordinates":[[[87.58106,23.33954],[87.56956,23.36154],[87.5815,23.34025],[87.58106,23.33954]]]},"properties":{"cluster_date":"2024-12-29","cluster_fire_count":3,"total_cluster_frp":8.32,"max_frp":4.21,"cluster_convex_hull_area_km2":0.0972,"centroid_lat":23.3471,"centroid_lon":87.5774,"mean_persistence_7d":2.6667,"share_forest_shrub":1.0,"share_industrial":0.0,"dominant_land_cover":30,"dominant_class":1,"dominant_label":"Agricultural burning","is_outbreak_front":false,"is_persistent_cluster":false,"cluster_id":484868}},{"type":"Feature","id":484869,"geometry":{"type":"Polygon","coordinates":[[[87.90202,23.38315],[87.89768,23.40372],[87.89863,23.40305],[87.90202,23.38315]]]},"properties":{"cluster_date":"2024-12-29","cluster_fire_count":3,"total_cluster_frp":19.45,"max_frp":13.85,"cluster_convex_hull_area_km2":0.0905,"centroid_lat":23.3966,"centroid_lon":87.8994,"mean_persistence_7d":1.6667,"share_forest_shrub":1.0,"share_industrial":0.0,"dominant_land_cover":30,"dominant_class":1,"dominant_label":"Agricultural burning","is_outbreak_front":false,"is_persistent_cluster":false,"cluster_id":484869}},{"type":"Feature","id":484870,"geometry":{"type":"Polygon","coordinates":[[[87.89643,23.45127],[87.89283,23.45195],[87.89325,23.45295],[87.89558,23.45521],[87.89643,23.45127]]]},"properties":{"cluster_date":"2024-12-29","cluster_fire_count":4,"total_cluster_frp":15.81,"max_frp":7.41,"cluster_convex_hull_area_km2":0.0815,"centroid_lat":23.4528,"centroid_lon":87.8945,"mean_persistence_7d":0.0,"share_forest_shrub":1.0,"share_industrial":0.0,"dominant_land_cover":30,"dominant_class":1,"dominant_label":"Agricultural burning","is_outbreak_front":false,"is_persistent_cluster":false,"cluster_id":484870}},{"type":"Feature","id":484871,"geometry":{"type":"Polygon","coordinates":[[[87.70931,23.42284],[87.7088,23.42374],[87.70799,23.42603],[87.70931,23.42284]]]},"properties":{"cluster_date":"2024-12-29","cluster_fire_count":3,"total_cluster_frp":12.05,"max_frp":5.53,"cluster_convex_hull_area_km2":0.0024,"centroid_lat":23.4242,"centroid_lon":87.7087,"mean_persistence_7d":0.0,"share_forest_shrub":1.0,"share_industrial":0.0,"dominant_land_cover":30,"dominant_class":1,"dominant_label":"Agricultural burning","is_outbreak_front":false,"is_persistent_cluster":false,"cluster_id":484871}},{"type":"Feature","id":484872,"geometry":{"type":"Polygon","coordinates":[[[87.35851,23.37792],[87.35045,23.3801],[87.34506,23.40461],[87.40164,23.39447],[87.35851,23.37792]]]},"properties":{"cluster_date":"2024-12-29","cluster_fire_count":6,"total_cluster_frp":21.64,"max_frp":8.11,"cluster_convex_hull_area_km2":8.489,"centroid_lat":23.3907,"centroid_lon":87.3712,"mean_persistence_7d":2.5,"share_forest_shrub":1.0,"share_industrial":0.0,"dominant_land_cover":30,"dominant_class":1,"dominant_label":"Agricultural burning","is_outbreak_front":false,"is_persistent_cluster":false,"cluster_id":484872}},{"type":"Feature","id":484873,"geometry":{"type":"Polygon","coordinates":[[[87.45002,23.42532],[87.46125,23.43089],[87.46513,23.43163],[87.465,23.42754],[87.46215,23.42686],[87.45002,23.42532]]]},"properties":{"cluster_date":"2024-12-29","cluster_fire_count":7,"total_cluster_frp":22.27,"max_frp":4.38,"cluster_convex_hull_area_km2":0.4252,"centroid_lat":23.4285,"centroid_lon":87.4608,"mean_persistence_7d":0.0,"share_forest_shrub":1.0,"share_industrial":0.0,"dominant_land_cover":30,"dominant_class":1,"dominant_label":"Agricultural burning","is_outbreak_front":true,"is_persistent_cluster":false,"cluster_id":484873}},{"type":"Feature","id":484874,"geometry":{"type":"Polygon","coordinates":[[[82.29234,22.35173],[82.29199,22.35347],[82.29208,22.35538],[82.29934,22.3623],[82.30061,22.36166],[82.30688,22.35687],[82.29648,22.3531],[82.29234,22.35173]]]},"properties":{"cluster_date":"2024-12-29","cluster_fire_count":15,"total_cluster_frp":46.45,"max_frp":8.02,"cluster_convex_hull_area_km2":0.8246,"centroid_lat":22.3566,"centroid_lon":82.2985,"mean_persistence_7d":6.6,"share_forest_shrub":1.0,"share_industrial":0.0,"dominant_land_cover":10,"dominant_class":4,"dominant_label":"Persistent thermal source","is_outbreak_front":false,"is_persistent_cluster":false,"cluster_id":484874}},{"type":"Feature","id":484875,"geometry":{"type":"Polygon","coordinates":[[[87.97378,23.57658],[87.95514,23.59432],[87.95949,23.59234],[87.97378,23.57658]]]},"properties":{"cluster_date":"2024-12-29","cluster_fire_count":3,"total_cluster_frp":10.7,"max_frp":3.83,"cluster_convex_hull_area_km2":0.2188,"centroid_lat":23.5877,"centroid_lon":87.9628,"mean_persistence_7d":1.0,"share_forest_shrub":1.0,"share_industrial":0.0,"dominant_land_cover":30,"dominant_class":1,"dominant_label":"Agricultural burning","is_outbreak_front":false,"is_persistent_cluster":false,"cluster_id":484875}},{"type":"Feature","id":484876,"geometry":{"type":"Polygon","coordinates":[[[87.979,23.6148],[87.97024,23.62034],[87.96973,23.62272],[87.979,23.6148]]]},"properties":{"cluster_date":"2024-12-29","cluster_fire_count":3,"total_cluster_frp":13.51,"max_frp":7.94,"cluster_convex_hull_area_km2":0.0979,"centroid_lat":23.6193,"centroid_lon":87.973,"mean_persistence_7d":0.6667,"share_forest_shrub":1.0,"share_industrial":0.0,"dominant_land_cover":30,"dominant_class":1,"dominant_label":"Agricultural burning","is_outbreak_front":false,"is_persistent_cluster":false,"cluster_id":484876}},{"type":"Feature","id":484877,"geometry":{"type":"Polygon","coordinates":[[[87.92875,23.7262],[87.91754,23.72627],[87.9258,23.74001],[87.93963,23.73118],[87.92875,23.7262]]]},"properties":{"cluster_date":"2024-12-29","cluster_fire_count":4,"total_cluster_frp":12.03,"max_frp":4.15,"cluster_convex_hull_area_km2":1.7348,"centroid_lat":23.7309,"centroid_lon":87.9279,"mean_persistence_7d":0.75,"share_forest_shrub":1.0,"share_industrial":0.0,"dominant_land_cover":30,"dominant_class":1,"dominant_label":"Agricultural burning","is_outbreak_front":false,"is_persistent_cluster":false,"cluster_id":484877}},{"type":"Feature","id":484878,"geometry":{"type":"Polygon","coordinates":[[[88.04132,23.73221],[88.04785,23.7707],[88.06384,23.77365],[88.04132,23.73221]]]},"properties":{"cluster_date":"2024-12-29","cluster_fire_count":4,"total_cluster_frp":9.37,"max_frp":3.35,"cluster_convex_hull_area_km2":3.2355,"centroid_lat":23.7575,"centroid_lon":88.0497,"mean_persistence_7d":0.75,"share_forest_shrub":1.0,"share_industrial":0.0,"dominant_land_cover":30,"dominant_class":1,"dominant_label":"Agricultural burning","is_outbreak_front":false,"is_persistent_cluster":false,"cluster_id":484878}},{"type":"Feature","id":484879,"geometry":{"type":"Polygon","coordinates":[[[87.93692,23.76645],[87.93607,23.77035],[87.93922,23.76995],[87.93692,23.76645]]]},"properties":{"cluster_date":"2024-12-29","cluster_fire_count":4,"total_cluster_frp":30.36,"max_frp":9.03,"cluster_convex_hull_area_km2":0.0648,"centroid_lat":23.7688,"centroid_lon":87.9374,"mean_persistence_7d":0.75,"share_forest_shrub":1.0,"share_industrial":0.0,"dominant_land_cover":30,"dominant_class":1,"dominant_label":"Agricultural burning","is_outbreak_front":false,"is_persistent_cluster":false,"cluster_id":484879}},{"type":"Feature","id":484880,"geometry":{"type":"Polygon","coordinates":[[[86.91646,23.66455],[86.92082,23.66728],[86.93579,23.67173],[86.92452,23.66597],[86.91646,23.66455]]]},"properties":{"cluster_date":"2024-12-29","cluster_fire_count":7,"total_cluster_frp":16.07,"max_frp":6.83,"cluster_convex_hull_area_km2":0.2818,"centroid_lat":23.6669,"centroid_lon":86.9234,"mean_persistence_7d":6.2857,"share_forest_shrub":1.0,"share_industrial":0.0,"dominant_land_cover":30,"dominant_class":4,"dominant_label":"Persistent thermal source","is_outbreak_front":false,"is_persistent_cluster":false,"cluster_id":484880}},{"type":"Feature","id":484881,"geometry":{"type":"Polygon","coordinates":[[[86.39638,23.67836],[86.38603,23.68675],[86.38663,23.69008],[86.39047,23.68951],[86.39532,23.68345],[86.39638,23.67836]]]},"properties":{"cluster_date":"2024-12-29","cluster_fire_count":8,"total_cluster_frp":20.78,"max_frp":5.09,"cluster_convex_hull_area_km2":0.5279,"centroid_lat":23.686,"centroid_lon":86.391,"mean_persistence_7d":7.0,"share_forest_shrub":0.0,"share_industrial":1.0,"dominant_land_cover":50,"dominant_class":4,"dominant_label":"Persistent thermal source","is_outbreak_front":false,"is_persistent_cluster":true,"cluster_id":484881}},{"type":"Feature","id":484882,"geometry":{"type":"Polygon","coordinates":[[[87.83168,23.97977],[87.83862,24.0014],[87.83386,23.98145],[87.83168,23.97977]]]},"properties":{"cluster_date":"2024-12-29","cluster_fire_count":3,"total_cluster_frp":16.57,"max_frp":6.06,"cluster_convex_hull_area_km2":0.1923,"centroid_lat":23.9875,"centroid_lon":87.8347,"mean_persistence_7d":0.0,"share_forest_shrub":1.0,"share_industrial":0.0,"dominant_land_cover":30,"dominant_class":1,"dominant_label":"Agricultural burning","is_outbreak_front":false,"is_persistent_cluster":false,"cluster_id":484882}},{"type":"Feature","id":484883,"geometry":{"type":"Polygon","coordinates":[[[86.41763,23.7512],[86.39622,23.75267],[86.34677,23.77806],[86.33373,23.78566],[86.31533,23.80918],[86.33078,23.80689],[86.39387,23.78383],[86.41763,23.7512]]]},"properties":{"cluster_date":"2024-12-29","cluster_fire_count":44,"total_cluster_frp":121.98,"max_frp":9.4,"cluster_convex_hull_area_km2":22.6344,"centroid_lat":23.7779,"centroid_lon":86.3762,"mean_persistence_7d":6.8182,"share_forest_shrub":0.0,"share_industrial":1.0,"dominant_land_cover":50,"dominant_class":4,"dominant_label":"Persistent thermal source","is_outbreak_front":false,"is_persistent_cluster":true,"cluster_id":484883}},{"type":"Feature","id":484884,"geometry":{"type":"Polygon","coordinates":[[[87.80154,24.03928],[87.79688,24.03961],[87.80662,24.05124],[87.80984,24.05305],[87.81482,24.04902],[87.80154,24.03928]]]},"properties":{"cluster_date":"2024-12-29","cluster_fire_count":9,"total_cluster_frp":45.93,"max_frp":12.03,"cluster_convex_hull_area_km2":1.0222,"centroid_lat":24.0469,"centroid_lon":87.8069,"mean_persistence_7d":1.6667,"share_forest_shrub":1.0,"share_industrial":0.0,"dominant_land_cover":30,"dominant_class":1,"dominant_label":"Agricultural burning","is_outbreak_front":false,"is_persistent_cluster":false,"cluster_id":484884}},{"type":"Feature","id":484885,"geometry":{"type":"Polygon","coordinates":[[[91.11794,25.25705],[91.12965,25.27196],[91.13005,25.2681],[91.12847,25.26568],[91.11794,25.25705]]]},"properties":{"cluster_date":"2024-12-29","cluster_fire_count":5,"total_cluster_frp":20.95,"max_frp":5.29,"cluster_convex_hull_area_km2":0.3382,"centroid_lat":25.2664,"centroid_lon":91.1268,"mean_persistence_7d":0.0,"share_forest_shrub":1.0,"share_industrial":0.0,"dominant_land_cover":10,"dominant_class":0,"dominant_label":"Wildfire","is_outbreak_front":true,"is_persistent_cluster":false,"cluster_id":484885}},{"type":"Feature","id":484886,"geometry":{"type":"Polygon","coordinates":[[[91.19976,25.43317],[91.19789,25.43398],[91.19759,25.43541],[91.19976,25.43317]]]},"properties":{"cluster_date":"2024-12-29","cluster_fire_count":3,"total_cluster_frp":12.16,"max_frp":4.44,"cluster_convex_hull_area_km2":0.013,"centroid_lat":25.4342,"centroid_lon":91.1984,"mean_persistence_7d":0.0,"share_forest_shrub":1.0,"share_industrial":0.0,"dominant_land_cover":10,"dominant_class":0,"dominant_label":"Wildfire","is_outbreak_front":false,"is_persistent_cluster":false,"cluster_id":484886}},{"type":"Feature","id":484887,"geometry":{"type":"Polygon","coordinates":[[[91.27007,25.46117],[91.26891,25.46423],[91.26949,25.46504],[91.27007,25.46117]]]},"properties":{"cluster_date":"2024-12-29","cluster_fire_count":3,"total_cluster_frp":14.66,"max_frp":5.62,"cluster_convex_hull_area_km2":0.0145,"centroid_lat":25.4635,"centroid_lon":91.2695,"mean_persistence_7d":0.0,"share_forest_shrub":1.0,"share_industrial":0.0,"dominant_land_cover":10,"dominant_class":0,"dominant_label":"Wildfire","is_outbreak_front":false,"is_persistent_cluster":false,"cluster_id":484887}},{"type":"Feature","id":484888,"geometry":{"type":"Polygon","coordinates":[[[86.02485,25.05436],[86.02802,25.05824],[86.03149,25.05809],[86.02485,25.05436]]]},"properties":{"cluster_date":"2024-12-29","cluster_fire_count":3,"total_cluster_frp":14.2,"max_frp":5.65,"cluster_convex_hull_area_km2":0.0749,"centroid_lat":25.0569,"centroid_lon":86.0281,"mean_persistence_7d":2.3333,"share_forest_shrub":0.0,"share_industrial":0.0,"dominant_land_cover":40,"dominant_class":1,"dominant_label":"Agricultural burning","is_outbreak_front":false,"is_persistent_cluster":false,"cluster_id":484888}},{"type":"Feature","id":484889,"geometry":{"type":"Polygon","coordinates":[[[86.07252,25.17977],[86.07132,25.18047],[86.0619,25.18917],[86.0715,25.18401],[86.07252,25.17977]]]},"properties":{"cluster_date":"2024-12-29","cluster_fire_count":4,"total_cluster_frp":15.7,"max_frp":5.31,"cluster_convex_hull_area_km2":0.211,"centroid_lat":25.1834,"centroid_lon":86.0693,"mean_persistence_7d":1.0,"share_forest_shrub":0.0,"share_industrial":0.0,"dominant_land_cover":40,"dominant_class":1,"dominant_label":"Agricultural burning","is_outbreak_front":false,"is_persistent_cluster":false,"cluster_id":484889}},{"type":"Feature","id":484890,"geometry":{"type":"Polygon","coordinates":[[[84.51791,25.35375],[84.51347,25.35631],[84.50453,25.36909],[84.50652,25.36929],[84.51888,25.35744],[84.51791,25.35375]]]},"properties":{"cluster_date":"2024-12-29","cluster_fire_count":6,"total_cluster_frp":22.91,"max_frp":6.01,"cluster_convex_hull_area_km2":0.6659,"centroid_lat":25.3605,"centroid_lon":84.5131,"mean_persistence_7d":0.3333,"share_forest_shrub":0.0,"share_industrial":0.0,"dominant_land_cover":40,"dominant_class":1,"dominant_label":"Agricultural burning","is_outbreak_front":false,"is_persistent_cluster":false,"cluster_id":484890}},{"type":"Feature","id":484891,"geometry":{"type":"Polygon","coordinates":[[[95.56717,28.08693],[95.56412,28.10012],[95.56772,28.1004],[95.56717,28.08693]]]},"properties":{"cluster_date":"2024-12-29","cluster_fire_count":7,"total_cluster_frp":55.79,"max_frp":15.95,"cluster_convex_hull_area_km2":0.2544,"centroid_lat":28.0957,"centroid_lon":95.5661,"mean_persistence_7d":0.0,"share_forest_shrub":1.0,"share_industrial":0.0,"dominant_land_cover":10,"dominant_class":0,"dominant_label":"Wildfire","is_outbreak_front":true,"is_persistent_cluster":false,"cluster_id":484891}},{"type":"Feature","id":484892,"geometry":{"type":"Polygon","coordinates":[[[80.53761,27.55613],[80.53841,27.55923],[80.53905,27.55657],[80.53861,27.55642],[80.53761,27.55613]]]},"properties":{"cluster_date":"2024-12-29","cluster_fire_count":4,"total_cluster_frp":14.52,"max_frp":5.01,"cluster_convex_hull_area_km2":0.0218,"centroid_lat":27.5571,"centroid_lon":80.5384,"mean_persistence_7d":0.0,"share_forest_shrub":0.0,"share_industrial":0.0,"dominant_land_cover":40,"dominant_class":1,"dominant_label":"Agricultural burning","is_outbreak_front":false,"is_persistent_cluster":false,"cluster_id":484892}},{"type":"Feature","id":484893,"geometry":{"type":"Polygon","coordinates":[[[80.90701,28.29585],[80.88214,28.30812],[80.9066,28.29681],[80.90701,28.29585]]]},"properties":{"cluster_date":"2024-12-29","cluster_fire_count":3,"total_cluster_frp":6.72,"max_frp":2.28,"cluster_convex_hull_area_km2":0.099,"centroid_lat":28.3003,"centroid_lon":80.8986,"mean_persistence_7d":0.0,"share_forest_shrub":0.0,"share_industrial":0.0,"dominant_land_cover":40,"dominant_class":1,"dominant_label":"Agricultural burning","is_outbreak_front":false,"is_persistent_cluster":false,"cluster_id":484893}},{"type":"Feature","id":484894,"geometry":{"type":"Polygon","coordinates":[[[76.46769,9.64116],[76.47106,9.64363],[76.47008,9.64171],[76.46769,9.64116]]]},"properties":{"cluster_date":"2024-12-29","cluster_fire_count":3,"total_cluster_frp":22.14,"max_frp":8.33,"cluster_convex_hull_area_km2":0.0251,"centroid_lat":9.6422,"centroid_lon":76.4696,"mean_persistence_7d":0.0,"share_forest_shrub":1.0,"share_industrial":0.0,"dominant_land_cover":30,"dominant_class":1,"dominant_label":"Agricultural burning","is_outbreak_front":false,"is_persistent_cluster":false,"cluster_id":484894}},{"type":"Feature","id":484895,"geometry":{"type":"Polygon","coordinates":[[[79.15936,14.34098],[79.15473,14.34557],[79.15571,14.34748],[79.15936,14.34098]]]},"properties":{"cluster_date":"2024-12-29","cluster_fire_count":3,"total_cluster_frp":12.84,"max_frp":4.99,"cluster_convex_hull_area_km2":0.0787,"centroid_lat":14.3447,"centroid_lon":79.1566,"mean_persistence_7d":0.0,"share_forest_shrub":1.0,"share_industrial":0.0,"dominant_land_cover":30,"dominant_class":1,"dominant_label":"Agricultural burning","is_outbreak_front":false,"is_persistent_cluster":false,"cluster_id":484895}},{"type":"Feature","id":484896,"geometry":{"type":"Polygon","coordinates":[[[76.48241,14.10146],[76.48184,14.1059],[76.48361,14.10601],[76.484,14.10271],[76.48241,14.10146]]]},"properties":{"cluster_date":"2024-12-29","cluster_fire_count":4,"total_cluster_frp":28.11,"max_frp":9.56,"cluster_convex_hull_area_km2":0.0807,"centroid_lat":14.104,"centroid_lon":76.483,"mean_persistence_7d":1.0,"share_forest_shrub":1.0,"share_industrial":0.0,"dominant_land_cover":30,"dominant_class":1,"dominant_label":"Agricultural burning","is_outbreak_front":false,"is_persistent_cluster":false,"cluster_id":484896}},{"type":"Feature","id":484897,"geometry":{"type":"Polygon","coordinates":[[[76.41528,14.15924],[76.41441,14.16362],[76.42069,14.1636],[76.41528,14.15924]]]},"properties":{"cluster_date":"2024-12-29","cluster_fire_count":5,"total_cluster_frp":41.77,"max_frp":12.41,"cluster_convex_hull_area_km2":0.1624,"centroid_lat":14.1624,"centroid_lon":76.417,"mean_persistence_7d":0.0,"share_forest_shrub":1.0,"share_industrial":0.0,"dominant_land_cover":30,"dominant_class":1,"dominant_label":"Agricultural burning","is_outbreak_front":true,"is_persistent_cluster":false,"cluster_id":484897}},{"type":"Feature","id":484898,"geometry":{"type":"Polygon","coordinates":[[[76.68594,15.17285],[76.65467,15.17637],[76.65149,15.17674],[76.65209,15.18193],[76.6946,15.19621],[76.68594,15.17285]]]},"properties":{"cluster_date":"2024-12-29","cluster_fire_count":9,"total_cluster_frp":20.72,"max_frp":4.54,"cluster_convex_hull_area_km2":6.1474,"centroid_lat":15.1818,"centroid_lon":76.6687,"mean_persistence_7d":4.4444,"share_forest_shrub":0.0,"share_industrial":1.0,"dominant_land_cover":50,"dominant_class":4,"dominant_label":"Persistent thermal source","is_outbreak_front":false,"is_persistent_cluster":true,"cluster_id":484898}},{"type":"Feature","id":484899,"geometry":{"type":"Polygon","coordinates":[[[80.63798,16.128],[80.63615,16.13105],[80.64073,16.13152],[80.63798,16.128]]]},"properties":{"cluster_date":"2024-12-29","cluster_fire_count":3,"total_cluster_frp":13.25,"max_frp":4.51,"cluster_convex_hull_area_km2":0.0859,"centroid_lat":16.1302,"centroid_lon":80.6383,"mean_persistence_7d":0.0,"share_forest_shrub":0.0,"share_industrial":0.0,"dominant_land_cover":40,"dominant_class":1,"dominant_label":"Agricultural burning","is_outbreak_front":false,"is_persistent_cluster":false,"cluster_id":484899}},{"type":"Feature","id":484900,"geometry":{"type":"Polygon","coordinates":[[[77.04092,16.13218],[77.03492,16.13719],[77.03962,16.1382],[77.04092,16.13218]]]},"properties":{"cluster_date":"2024-12-29","cluster_fire_count":4,"total_cluster_frp":26.71,"max_frp":13.15,"cluster_convex_hull_area_km2":0.1716,"centroid_lat":16.136,"centroid_lon":77.0387,"mean_persistence_7d":0.25,"share_forest_shrub":1.0,"share_industrial":0.0,"dominant_land_cover":30,"dominant_class":1,"dominant_label":"Agricultural burning","is_outbreak_front":false,"is_persistent_cluster":false,"cluster_id":484900}},{"type":"Feature","id":484901,"geometry":{"type":"Polygon","coordinates":[[[83.20087,17.60283],[83.19299,17.62494],[83.20371,17.6092],[83.20282,17.60546],[83.20087,17.60283]]]},"properties":{"cluster_date":"2024-12-29","cluster_fire_count":6,"total_cluster_frp":9.36,"max_frp":4.24,"cluster_convex_hull_area_km2":0.6741,"centroid_lat":17.6099,"centroid_lon":83.2009,"mean_persistence_7d":3.5,"share_forest_shrub":0.0,"share_industrial":1.0,"dominant_land_cover":50,"dominant_class":3,"dominant_label":"Gas flare","is_outbreak_front":false,"is_persistent_cluster":true,"cluster_id":484901}},{"type":"Feature","id":484902,"geometry":{"type":"Polygon","coordinates":[[[79.78946,17.68181],[79.79058,17.68303],[79.79242,17.6824],[79.78946,17.68181]]]},"properties":{"cluster_date":"2024-12-29","cluster_fire_count":3,"total_cluster_frp":9.31,"max_frp":3.43,"cluster_convex_hull_area_km2":0.0169,"centroid_lat":17.6824,"centroid_lon":79.7908,"mean_persistence_7d":0.0,"share_forest_shrub":1.0,"share_industrial":0.0,"dominant_land_cover":30,"dominant_class":1,"dominant_label":"Agricultural burning","is_outbreak_front":false,"is_persistent_cluster":false,"cluster_id":484902}},{"type":"Feature","id":484903,"geometry":{"type":"Polygon","coordinates":[[[80.78552,17.95655],[80.78277,17.96098],[80.78868,17.95902],[80.78552,17.95655]]]},"properties":{"cluster_date":"2024-12-29","cluster_fire_count":4,"total_cluster_frp":12.43,"max_frp":4.3,"cluster_convex_hull_area_km2":0.1185,"centroid_lat":17.9588,"centroid_lon":80.7853,"mean_persistence_7d":6.0,"share_forest_shrub":1.0,"share_industrial":0.0,"dominant_land_cover":30,"dominant_class":4,"dominant_label":"Persistent thermal source","is_outbreak_front":false,"is_persistent_cluster":false,"cluster_id":484903}},{"type":"Feature","id":484904,"geometry":{"type":"Polygon","coordinates":[[[86.05643,20.94299],[86.05389,20.94462],[86.04569,20.95109],[86.04801,20.95117],[86.0494,20.95052],[86.05643,20.94299]]]},"properties":{"cluster_date":"2024-12-29","cluster_fire_count":6,"total_cluster_frp":10.95,"max_frp":2.97,"cluster_convex_hull_area_km2":0.1589,"centroid_lat":20.9483,"centroid_lon":86.0505,"mean_persistence_7d":4.5,"share_forest_shrub":1.0,"share_industrial":0.0,"dominant_land_cover":10,"dominant_class":4,"dominant_label":"Persistent thermal source","is_outbreak_front":false,"is_persistent_cluster":false,"cluster_id":484904}},{"type":"Feature","id":484905,"geometry":{"type":"Polygon","coordinates":[[[85.1454,20.95642],[85.14373,20.95681],[85.12952,20.97784],[85.12601,20.98356],[85.13767,20.98185],[85.1726,20.9767],[85.1793,20.97241],[85.19028,20.9637],[85.18199,20.96145],[85.1454,20.95642]]]},"properties":{"cluster_date":"2024-12-29","cluster_fire_count":32,"total_cluster_frp":53.2,"max_frp":4.09,"cluster_convex_hull_area_km2":10.7727,"centroid_lat":20.9692,"centroid_lon":85.1617,"mean_persistence_7d":4.3438,"share_forest_shrub":0.0,"share_industrial":1.0,"dominant_land_cover":50,"dominant_class":4,"dominant_label":"Persistent thermal source","is_outbreak_front":false,"is_persistent_cluster":true,"cluster_id":484905}},{"type":"Feature","id":484906,"geometry":{"type":"Polygon","coordinates":[[[83.80523,21.02751],[83.78935,21.03606],[83.78281,21.05354],[83.80523,21.02751]]]},"properties":{"cluster_date":"2024-12-29","cluster_fire_count":3,"total_cluster_frp":13.08,"max_frp":5.21,"cluster_convex_hull_area_km2":1.2298,"centroid_lat":21.039,"centroid_lon":83.7925,"mean_persistence_7d":0.3333,"share_forest_shrub":1.0,"share_industrial":0.0,"dominant_land_cover":30,"dominant_class":1,"dominant_label":"Agricultural burning","is_outbreak_front":false,"is_persistent_cluster":false,"cluster_id":484906}},{"type":"Feature","id":484907,"geometry":{"type":"Polygon","coordinates":[[[87.2645,21.71582],[87.25967,21.72184],[87.26335,21.7224],[87.2645,21.71582]]]},"properties":{"cluster_date":"2024-12-29","cluster_fire_count":3,"total_cluster_frp":6.56,"max_frp":2.76,"cluster_convex_hull_area_km2":0.1371,"centroid_lat":21.72,"centroid_lon":87.2625,"mean_persistence_7d":0.0,"share_forest_shrub":1.0,"share_industrial":0.0,"dominant_land_cover":30,"dominant_class":1,"dominant_label":"Agricultural burning","is_outbreak_front":false,"is_persistent_cluster":false,"cluster_id":484907}},{"type":"Feature","id":484908,"geometry":{"type":"Polygon","coordinates":[[[88.12449,22.05169],[88.12244,22.05585],[88.12055,22.06639],[88.12659,22.05457],[88.12449,22.05169]]]},"properties":{"cluster_date":"2024-12-29","cluster_fire_count":7,"total_cluster_frp":12.1,"max_frp":3.86,"cluster_convex_hull_area_km2":0.3078,"centroid_lat":22.0563,"centroid_lon":88.1239,"mean_persistence_7d":4.5714,"share_forest_shrub":0.0,"share_industrial":1.0,"dominant_land_cover":50,"dominant_class":3,"dominant_label":"Gas flare","is_outbreak_front":false,"is_persistent_cluster":true,"cluster_id":484908}},{"type":"Feature","id":484909,"geometry":{"type":"Polygon","coordinates":[[[87.41284,22.05442],[87.41311,22.07472],[87.41412,22.08893],[87.43526,22.07807],[87.41284,22.05442]]]},"properties":{"cluster_date":"2024-12-29","cluster_fire_count":4,"total_cluster_frp":6.15,"max_frp":1.99,"cluster_convex_hull_area_km2":4.1805,"centroid_lat":22.074,"centroid_lon":87.4188,"mean_persistence_7d":0.0,"share_forest_shrub":1.0,"share_industrial":0.0,"dominant_land_cover":30,"dominant_class":1,"dominant_label":"Agricultural burning","is_outbreak_front":false,"is_persistent_cluster":false,"cluster_id":484909}},{"type":"Feature","id":484910,"geometry":{"type":"Polygon","coordinates":[[[82.08241,21.21481],[82.08009,21.21578],[82.09337,21.22654],[82.08241,21.21481]]]},"properties":{"cluster_date":"2024-12-29","cluster_fire_count":3,"total_cluster_frp":14.39,"max_frp":7.22,"cluster_convex_hull_area_km2":0.2096,"centroid_lat":21.219,"centroid_lon":82.0853,"mean_persistence_7d":0.6667,"share_forest_shrub":1.0,"share_industrial":0.0,"dominant_land_cover":10,"dominant_class":0,"dominant_label":"Wildfire","is_outbreak_front":false,"is_persistent_cluster":false,"cluster_id":484910}},{"type":"Feature","id":484911,"geometry":{"type":"Polygon","coordinates":[[[87.47253,22.27741],[87.4654,22.29661],[87.49366,22.28374],[87.47253,22.27741]]]},"properties":{"cluster_date":"2024-12-29","cluster_fire_count":3,"total_cluster_frp":8.09,"max_frp":3.37,"cluster_convex_hull_area_km2":2.4754,"centroid_lat":22.2859,"centroid_lon":87.4772,"mean_persistence_7d":0.0,"share_forest_shrub":1.0,"share_industrial":0.0,"dominant_land_cover":30,"dominant_class":1,"dominant_label":"Agricultural burning","is_outbreak_front":false,"is_persistent_cluster":false,"cluster_id":484911}},{"type":"Feature","id":484912,"geometry":{"type":"Polygon","coordinates":[[[87.06463,22.24396],[87.05388,22.25846],[87.05717,22.27775],[87.06463,22.24396]]]},"properties":{"cluster_date":"2024-12-29","cluster_fire_count":3,"total_cluster_frp":9.41,"max_frp":4.25,"cluster_convex_hull_area_km2":1.4009,"centroid_lat":22.2601,"centroid_lon":87.0586,"mean_persistence_7d":0.0,"share_forest_shrub":1.0,"share_industrial":0.0,"dominant_land_cover":30,"dominant_class":1,"dominant_label":"Agricultural burning","is_outbreak_front":false,"is_persistent_cluster":false,"cluster_id":484912}},{"type":"Feature","id":484913,"geometry":{"type":"Polygon","coordinates":[[[86.88889,22.24666],[86.85383,22.25141],[86.87194,22.27787],[86.88889,22.24666]]]},"properties":{"cluster_date":"2024-12-29","cluster_fire_count":4,"total_cluster_frp":10.34,"max_frp":3.8,"cluster_convex_hull_area_km2":5.5673,"centroid_lat":22.2574,"centroid_lon":86.8708,"mean_persistence_7d":0.5,"share_forest_shrub":1.0,"share_industrial":0.0,"dominant_land_cover":10,"dominant_class":0,"dominant_label":"Wildfire","is_outbreak_front":false,"is_persistent_cluster":false,"cluster_id":484913}},{"type":"Feature","id":484914,"geometry":{"type":"Polygon","coordinates":[[[83.98927,21.79658],[83.9657,21.81507],[83.9971,21.82289],[83.98927,21.79658]]]},"properties":{"cluster_date":"2024-12-29","cluster_fire_count":5,"total_cluster_frp":6.57,"max_frp":2.7,"cluster_convex_hull_area_km2":4.2159,"centroid_lat":21.8141,"centroid_lon":83.9876,"mean_persistence_7d":1.2,"share_forest_shrub":0.0,"share_industrial":1.0,"dominant_land_cover":50,"dominant_class":4,"dominant_label":"Persistent thermal source","is_outbreak_front":false,"is_persistent_cluster":false,"cluster_id":484914}},{"type":"Feature","id":484915,"geometry":{"type":"Polygon","coordinates":[[[81.44552,21.3778],[81.42407,21.394],[81.42947,21.40796],[81.44552,21.3778]]]},"properties":{"cluster_date":"2024-12-29","cluster_fire_count":3,"total_cluster_frp":17.66,"max_frp":9.67,"cluster_convex_hull_area_km2":2.14,"centroid_lat":21.3933,"centroid_lon":81.433,"mean_persistence_7d":0.0,"share_forest_shrub":1.0,"share_industrial":0.0,"dominant_land_cover":10,"dominant_class":0,"dominant_label":"Wildfire","is_outbreak_front":false,"is_persistent_cluster":false,"cluster_id":484915}},{"type":"Feature","id":484916,"geometry":{"type":"Polygon","coordinates":[[[84.86168,22.20793],[84.86224,22.21138],[84.86616,22.21359],[84.87096,22.21366],[84.87504,22.21308],[84.86168,22.20793]]]},"properties":{"cluster_date":"2024-12-29","cluster_fire_count":6,"total_cluster_frp":10.1,"max_frp":3.06,"cluster_convex_hull_area_km2":0.373,"centroid_lat":22.2117,"centroid_lon":84.8665,"mean_persistence_7d":5.5,"share_forest_shrub":0.0,"share_industrial":1.0,"dominant_land_cover":50,"dominant_class":4,"dominant_label":"Persistent thermal source","is_outbreak_front":false,"is_persistent_cluster":true,"cluster_id":484916}},{"type":"Feature","id":484917,"geometry":{"type":"Polygon","coordinates":[[[85.89689,22.5718],[85.89507,22.57393],[85.90417,22.59134],[85.90611,22.59149],[85.8986,22.57338],[85.89689,22.5718]]]},"properties":{"cluster_date":"2024-12-29","cluster_fire_count":7,"total_cluster_frp":11.93,"max_frp":4.36,"cluster_convex_hull_area_km2":0.5861,"centroid_lat":22.5807,"centroid_lon":85.9003,"mean_persistence_7d":4.5714,"share_forest_shrub":1.0,"share_industrial":0.0,"dominant_land_cover":30,"dominant_class":4,"dominant_label":"Persistent thermal source","is_outbreak_front":false,"is_persistent_cluster":false,"cluster_id":484917}},{"type":"Feature","id":484918,"geometry":{"type":"Polygon","coordinates":[[[87.24686,23.5486],[87.24238,23.54912],[87.23325,23.5615],[87.23698,23.56092],[87.23849,23.56002],[87.24386,23.55647],[87.24686,23.5486]]]},"properties":{"cluster_date":"2024-12-29","cluster_fire_count":10,"total_cluster_frp":20.68,"max_frp":9.17,"cluster_convex_hull_area_km2":0.719,"centroid_lat":23.5554,"centroid_lon":87.2411,"mean_persistence_7d":6.7,"share_forest_shrub":0.0,"share_industrial":1.0,"dominant_land_cover":50,"dominant_class":4,"dominant_label":"Persistent thermal source","is_outbreak_front":false,"is_persistent_cluster":true,"cluster_id":484918}},{"type":"Feature","id":484919,"geometry":{"type":"Polygon","coordinates":[[[87.97186,23.79672],[87.97726,23.81113],[87.98605,23.80557],[87.97186,23.79672]]]},"properties":{"cluster_date":"2024-12-29","cluster_fire_count":4,"total_cluster_frp":13.59,"max_frp":4.73,"cluster_convex_hull_area_km2":0.8501,"centroid_lat":23.8035,"centroid_lon":87.9776,"mean_persistence_7d":1.5,"share_forest_shrub":1.0,"share_industrial":0.0,"dominant_land_cover":30,"dominant_class":1,"dominant_label":"Agricultural burning","is_outbreak_front":false,"is_persistent_cluster":false,"cluster_id":484919}},{"type":"Feature","id":484920,"geometry":{"type":"Polygon","coordinates":[[[87.12019,23.68763],[87.10027,23.69039],[87.09768,23.69109],[87.10638,23.69654],[87.11764,23.69481],[87.12138,23.69423],[87.12537,23.69191],[87.12298,23.68775],[87.12019,23.68763]]]},"properties":{"cluster_date":"2024-12-29","cluster_fire_count":20,"total_cluster_frp":35.34,"max_frp":4.37,"cluster_convex_hull_area_km2":1.6389,"centroid_lat":23.6924,"centroid_lon":87.1147,"mean_persistence_7d":6.6,"share_forest_shrub":0.0,"share_industrial":1.0,"dominant_land_cover":50,"dominant_class":4,"dominant_label":"Persistent thermal source","is_outbreak_front":false,"is_persistent_cluster":true,"cluster_id":484920}},{"type":"Feature","id":484921,"geometry":{"type":"Polygon","coordinates":[[[86.43915,23.71986],[86.44032,23.72653],[86.4474,23.72205],[86.43915,23.71986]]]},"properties":{"cluster_date":"2024-12-29","cluster_fire_count":4,"total_cluster_frp":8.81,"max_frp":3.25,"cluster_convex_hull_area_km2":0.2848,"centroid_lat":23.7232,"centroid_lon":86.4422,"mean_persistence_7d":7.0,"share_forest_shrub":0.0,"share_industrial":1.0,"dominant_land_cover":50,"dominant_class":4,"dominant_label":"Persistent thermal source","is_outbreak_front":false,"is_persistent_cluster":true,"cluster_id":484921}},{"type":"Feature","id":484922,"geometry":{"type":"Polygon","coordinates":[[[86.09057,23.66998],[86.08395,23.67785],[86.07158,23.70219],[86.07073,23.70452],[86.09492,23.6829],[86.09462,23.68063],[86.09057,23.66998]]]},"properties":{"cluster_date":"2024-12-29","cluster_fire_count":11,"total_cluster_frp":23.33,"max_frp":7.0,"cluster_convex_hull_area_km2":2.6787,"centroid_lat":23.6864,"centroid_lon":86.0845,"mean_persistence_7d":5.4545,"share_forest_shrub":0.0,"share_industrial":1.0,"dominant_land_cover":50,"dominant_class":4,"dominant_label":"Persistent thermal source","is_outbreak_front":false,"is_persistent_cluster":true,"cluster_id":484922}},{"type":"Feature","id":484923,"geometry":{"type":"Polygon","coordinates":[[[86.20332,23.77223],[86.19945,23.7728],[86.19558,23.77338],[86.20777,23.78384],[86.23334,23.79383],[86.21166,23.77442],[86.20332,23.77223]]]},"properties":{"cluster_date":"2024-12-29","cluster_fire_count":14,"total_cluster_frp":25.86,"max_frp":6.22,"cluster_convex_hull_area_km2":2.5062,"centroid_lat":23.7785,"centroid_lon":86.2073,"mean_persistence_7d":6.3571,"share_forest_shrub":0.8571,"share_industrial":0.5714,"dominant_land_cover":10,"dominant_class":4,"dominant_label":"Persistent thermal source","is_outbreak_front":false,"is_persistent_cluster":true,"cluster_id":484923}},{"type":"Feature","id":484924,"geometry":{"type":"Polygon","coordinates":[[[85.50731,23.7436],[85.5034,23.74533],[85.50798,23.74817],[85.50731,23.7436]]]},"properties":{"cluster_date":"2024-12-29","cluster_fire_count":4,"total_cluster_frp":5.34,"max_frp":2.06,"cluster_convex_hull_area_km2":0.1033,"centroid_lat":23.7458,"centroid_lon":85.5059,"mean_persistence_7d":6.0,"share_forest_shrub":1.0,"share_industrial":0.0,"dominant_land_cover":10,"dominant_class":4,"dominant_label":"Persistent thermal source","is_outbreak_front":false,"is_persistent_cluster":false,"cluster_id":484924}},{"type":"Feature","id":484925,"geometry":{"type":"Polygon","coordinates":[[[85.56644,23.78188],[85.5641,23.78251],[85.56303,23.78586],[85.56486,23.78734],[85.56704,23.78529],[85.56683,23.78404],[85.56644,23.78188]]]},"properties":{"cluster_date":"2024-12-29","cluster_fire_count":6,"total_cluster_frp":11.16,"max_frp":2.63,"cluster_convex_hull_area_km2":0.153,"centroid_lat":23.7845,"centroid_lon":85.5654,"mean_persistence_7d":6.0,"share_forest_shrub":1.0,"share_industrial":0.0,"dominant_land_cover":10,"dominant_class":4,"dominant_label":"Persistent thermal source","is_outbreak_front":false,"is_persistent_cluster":false,"cluster_id":484925}},{"type":"Feature","id":484926,"geometry":{"type":"Polygon","coordinates":[[[84.84734,23.80849],[84.84415,23.80881],[84.8448,23.81388],[84.84521,23.81359],[84.84662,23.81057],[84.84734,23.80849]]]},"properties":{"cluster_date":"2024-12-29","cluster_fire_count":6,"total_cluster_frp":10.65,"max_frp":3.34,"cluster_convex_hull_area_km2":0.101,"centroid_lat":23.8109,"centroid_lon":84.8455,"mean_persistence_7d":6.0,"share_forest_shrub":1.0,"share_industrial":0.0,"dominant_land_cover":10,"dominant_class":4,"dominant_label":"Persistent thermal source","is_outbreak_front":false,"is_persistent_cluster":false,"cluster_id":484926}},{"type":"Feature","id":484927,"geometry":{"type":"Polygon","coordinates":[[[84.92993,23.82682],[84.93074,23.82974],[84.94901,23.83908],[84.95077,23.83802],[84.9333,23.82828],[84.92993,23.82682]]]},"properties":{"cluster_date":"2024-12-29","cluster_fire_count":8,"total_cluster_frp":13.59,"max_frp":3.06,"cluster_convex_hull_area_km2":0.5148,"centroid_lat":23.8325,"centroid_lon":84.9391,"mean_persistence_7d":5.0,"share_forest_shrub":1.0,"share_industrial":0.0,"dominant_land_cover":10,"dominant_class":4,"dominant_label":"Persistent thermal source","is_outbreak_front":false,"is_persistent_cluster":false,"cluster_id":484927}},{"type":"Feature","id":484928,"geometry":{"type":"Polygon","coordinates":[[[78.16374,24.23983],[78.1599,24.24517],[78.16463,24.24163],[78.16374,24.23983]]]},"properties":{"cluster_date":"2024-12-29","cluster_fire_count":4,"total_cluster_frp":23.93,"max_frp":10.64,"cluster_convex_hull_area_km2":0.0631,"centroid_lat":24.2425,"centroid_lon":78.1625,"mean_persistence_7d":0.0,"share_forest_shrub":1.0,"share_industrial":0.0,"dominant_land_cover":30,"dominant_class":1,"dominant_label":"Agricultural burning","is_outbreak_front":false,"is_persistent_cluster":false,"cluster_id":484928}},{"type":"Feature","id":484929,"geometry":{"type":"Polygon","coordinates":[[[84.18195,27.00426],[84.18056,27.01098],[84.18079,27.01234],[84.18195,27.00426]]]},"properties":{"cluster_date":"2024-12-29","cluster_fire_count":3,"total_cluster_frp":6.63,"max_frp":2.75,"cluster_convex_hull_area_km2":0.0182,"centroid_lat":27.0092,"centroid_lon":84.1811,"mean_persistence_7d":0.0,"share_forest_shrub":0.0,"share_industrial":0.0,"dominant_land_cover":40,"dominant_class":1,"dominant_label":"Agricultural burning","is_outbreak_front":false,"is_persistent_cluster":false,"cluster_id":484929}},{"type":"Feature","id":484930,"geometry":{"type":"Polygon","coordinates":[[[76.86773,15.06798],[76.864,15.0707],[76.86413,15.08408],[76.86773,15.06798]]]},"properties":{"cluster_date":"2024-12-29","cluster_fire_count":3,"total_cluster_frp":7.4,"max_frp":5.22,"cluster_convex_hull_area_km2":0.2943,"centroid_lat":15.0743,"centroid_lon":76.8653,"mean_persistence_7d":3.3333,"share_forest_shrub":1.0,"share_industrial":0.0,"dominant_land_cover":30,"dominant_class":4,"dominant_label":"Persistent thermal source","is_outbreak_front":false,"is_persistent_cluster":false,"cluster_id":484930}},{"type":"Feature","id":484931,"geometry":{"type":"Polygon","coordinates":[[[75.6275,16.07706],[75.63542,16.08241],[75.63964,16.08293],[75.6275,16.07706]]]},"properties":{"cluster_date":"2024-12-29","cluster_fire_count":3,"total_cluster_frp":17.04,"max_frp":6.74,"cluster_convex_hull_area_km2":0.107,"centroid_lat":16.0808,"centroid_lon":75.6342,"mean_persistence_7d":0.0,"share_forest_shrub":1.0,"share_industrial":0.0,"dominant_land_cover":30,"dominant_class":1,"dominant_label":"Agricultural burning","is_outbreak_front":false,"is_persistent_cluster":false,"cluster_id":484931}},{"type":"Feature","id":484932,"geometry":{"type":"Polygon","coordinates":[[[77.91569,17.48136],[77.90898,17.48578],[77.90958,17.48815],[77.91269,17.48848],[77.91515,17.48648],[77.91632,17.48368],[77.91569,17.48136]]]},"properties":{"cluster_date":"2024-12-29","cluster_fire_count":8,"total_cluster_frp":70.86,"max_frp":12.8,"cluster_convex_hull_area_km2":0.3301,"centroid_lat":17.4854,"centroid_lon":77.913,"mean_persistence_7d":0.0,"share_forest_shrub":1.0,"share_industrial":0.0,"dominant_land_cover":30,"dominant_class":1,"dominant_label":"Agricultural burning","is_outbreak_front":true,"is_persistent_cluster":false,"cluster_id":484932}},{"type":"Feature","id":484933,"geometry":{"type":"Polygon","coordinates":[[[73.03695,18.66187],[73.01934,18.70742],[73.04146,18.69452],[73.04244,18.69327],[73.04383,18.68005],[73.03695,18.66187]]]},"properties":{"cluster_date":"2024-12-29","cluster_fire_count":11,"total_cluster_frp":20.34,"max_frp":4.88,"cluster_convex_hull_area_km2":5.288,"centroid_lat":18.6866,"centroid_lon":73.0363,"mean_persistence_7d":5.0909,"share_forest_shrub":0.0,"share_industrial":1.0,"dominant_land_cover":50,"dominant_class":4,"dominant_label":"Persistent thermal source","is_outbreak_front":false,"is_persistent_cluster":true,"cluster_id":484933}},{"type":"Feature","id":484934,"geometry":{"type":"Polygon","coordinates":[[[72.63535,21.10133],[72.63023,21.10134],[72.62952,21.10377],[72.63377,21.11281],[72.64632,21.10994],[72.64843,21.10625],[72.64486,21.1043],[72.63535,21.10133]]]},"properties":{"cluster_date":"2024-12-29","cluster_fire_count":20,"total_cluster_frp":67.07,"max_frp":15.88,"cluster_convex_hull_area_km2":1.5613,"centroid_lat":21.1065,"centroid_lon":72.6386,"mean_persistence_7d":7.0,"share_forest_shrub":0.0,"share_industrial":1.0,"dominant_land_cover":50,"dominant_class":3,"dominant_label":"Gas flare","is_outbreak_front":false,"is_persistent_cluster":true,"cluster_id":484934}},{"type":"Feature","id":484935,"geometry":{"type":"Polygon","coordinates":[[[69.25378,23.48078],[69.25323,23.48416],[69.25477,23.48187],[69.25378,23.48078]]]},"properties":{"cluster_date":"2024-12-29","cluster_fire_count":3,"total_cluster_frp":20.19,"max_frp":9.42,"cluster_convex_hull_area_km2":0.0215,"centroid_lat":23.4823,"centroid_lon":69.2539,"mean_persistence_7d":0.0,"share_forest_shrub":0.0,"share_industrial":0.0,"dominant_land_cover":60,"dominant_class":1,"dominant_label":"Agricultural burning","is_outbreak_front":false,"is_persistent_cluster":false,"cluster_id":484935}},{"type":"Feature","id":484936,"geometry":{"type":"Polygon","coordinates":[[[69.55396,24.1327],[69.55411,24.13286],[69.5556,24.13286],[69.55396,24.1327]]]},"properties":{"cluster_date":"2024-12-29","cluster_fire_count":3,"total_cluster_frp":18.13,"max_frp":8.51,"cluster_convex_hull_area_km2":0.0013,"centroid_lat":24.1328,"centroid_lon":69.5546,"mean_persistence_7d":2.0,"share_forest_shrub":0.0,"share_industrial":0.0,"dominant_land_cover":60,"dominant_class":1,"dominant_label":"Agricultural burning","is_outbreak_front":false,"is_persistent_cluster":false,"cluster_id":484936}},{"type":"Feature","id":484937,"geometry":{"type":"Polygon","coordinates":[[[72.87007,25.58729],[72.86938,25.59138],[72.87357,25.59185],[72.87484,25.59087],[72.87007,25.58729]]]},"properties":{"cluster_date":"2024-12-29","cluster_fire_count":4,"total_cluster_frp":15.72,"max_frp":6.47,"cluster_convex_hull_area_km2":0.1429,"centroid_lat":25.5903,"centroid_lon":72.872,"mean_persistence_7d":0.0,"share_forest_shrub":0.0,"share_industrial":0.0,"dominant_land_cover":60,"dominant_class":1,"dominant_label":"Agricultural burning","is_outbreak_front":false,"is_persistent_cluster":false,"cluster_id":484937}},{"type":"Feature","id":484938,"geometry":{"type":"Polygon","coordinates":[[[70.11249,26.7021],[70.11198,26.70723],[70.11209,26.70865],[70.11249,26.7021]]]},"properties":{"cluster_date":"2024-12-29","cluster_fire_count":3,"total_cluster_frp":9.79,"max_frp":3.53,"cluster_convex_hull_area_km2":0.0068,"centroid_lat":26.706,"centroid_lon":70.1122,"mean_persistence_7d":0.0,"share_forest_shrub":0.0,"share_industrial":0.0,"dominant_land_cover":60,"dominant_class":1,"dominant_label":"Agricultural burning","is_outbreak_front":false,"is_persistent_cluster":false,"cluster_id":484938}},{"type":"Feature","id":484939,"geometry":{"type":"Polygon","coordinates":[[[86.85894,24.11497],[86.85806,24.11795],[86.85933,24.12142],[86.85894,24.11497]]]},"properties":{"cluster_date":"2024-12-29","cluster_fire_count":3,"total_cluster_frp":3.87,"max_frp":1.73,"cluster_convex_hull_area_km2":0.037,"centroid_lat":24.1181,"centroid_lon":86.8588,"mean_persistence_7d":6.0,"share_forest_shrub":1.0,"share_industrial":0.0,"dominant_land_cover":30,"dominant_class":4,"dominant_label":"Persistent thermal source","is_outbreak_front":false,"is_persistent_cluster":false,"cluster_id":484939}},{"type":"Feature","id":484940,"geometry":{"type":"Polygon","coordinates":[[[82.63332,24.14176],[82.63255,24.14324],[82.6277,24.16908],[82.63232,24.16546],[82.63332,24.14176]]]},"properties":{"cluster_date":"2024-12-29","cluster_fire_count":4,"total_cluster_frp":5.87,"max_frp":3.21,"cluster_convex_hull_area_km2":0.6417,"centroid_lat":24.1549,"centroid_lon":82.6315,"mean_persistence_7d":7.0,"share_forest_shrub":0.0,"share_industrial":1.0,"dominant_land_cover":50,"dominant_class":4,"dominant_label":"Persistent thermal source","is_outbreak_front":false,"is_persistent_cluster":true,"cluster_id":484940}},{"type":"Feature","id":484941,"geometry":{"type":"Polygon","coordinates":[[[85.85585,23.75759],[85.8521,23.75826],[85.86057,23.7605],[85.85606,23.75769],[85.85585,23.75759]]]},"properties":{"cluster_date":"2024-12-29","cluster_fire_count":4,"total_cluster_frp":7.01,"max_frp":2.45,"cluster_convex_hull_area_km2":0.0772,"centroid_lat":23.7585,"centroid_lon":85.8561,"mean_persistence_7d":6.0,"share_forest_shrub":1.0,"share_industrial":0.0,"dominant_land_cover":10,"dominant_class":4,"dominant_label":"Persistent thermal source","is_outbreak_front":false,"is_persistent_cluster":false,"cluster_id":484941}},{"type":"Feature","id":484942,"geometry":{"type":"Polygon","coordinates":[[[87.08305,23.56094],[87.08366,23.56424],[87.08394,23.56302],[87.08305,23.56094]]]},"properties":{"cluster_date":"2024-12-29","cluster_fire_count":3,"total_cluster_frp":3.13,"max_frp":1.49,"cluster_convex_hull_area_km2":0.0091,"centroid_lat":23.5627,"centroid_lon":87.0836,"mean_persistence_7d":5.0,"share_forest_shrub":0.0,"share_industrial":1.0,"dominant_land_cover":50,"dominant_class":4,"dominant_label":"Persistent thermal source","is_outbreak_front":false,"is_persistent_cluster":true,"cluster_id":484942}},{"type":"Feature","id":484943,"geometry":{"type":"Polygon","coordinates":[[[85.0087,23.72175],[85.00473,23.72659],[85.00558,23.73789],[85.01034,23.74079],[85.01392,23.73674],[85.0087,23.72175]]]},"properties":{"cluster_date":"2024-12-29","cluster_fire_count":7,"total_cluster_frp":13.32,"max_frp":4.32,"cluster_convex_hull_area_km2":1.1381,"centroid_lat":23.7328,"centroid_lon":85.0079,"mean_persistence_7d":6.0,"share_forest_shrub":1.0,"share_industrial":0.0,"dominant_land_cover":10,"dominant_class":4,"dominant_label":"Persistent thermal source","is_outbreak_front":false,"is_persistent_cluster":false,"cluster_id":484943}},{"type":"Feature","id":484944,"geometry":{"type":"Polygon","coordinates":[[[85.28812,23.69605],[85.29032,23.69857],[85.29131,23.69822],[85.28812,23.69605]]]},"properties":{"cluster_date":"2024-12-29","cluster_fire_count":4,"total_cluster_frp":5.67,"max_frp":1.89,"cluster_convex_hull_area_km2":0.0177,"centroid_lat":23.6976,"centroid_lon":85.29,"mean_persistence_7d":6.0,"share_forest_shrub":0.0,"share_industrial":1.0,"dominant_land_cover":50,"dominant_class":4,"dominant_label":"Persistent thermal source","is_outbreak_front":false,"is_persistent_cluster":true,"cluster_id":484944}},{"type":"Feature","id":484945,"geometry":{"type":"Polygon","coordinates":[[[84.99885,23.66266],[84.99525,23.66672],[84.99583,23.67019],[84.99752,23.66723],[84.99885,23.66266]]]},"properties":{"cluster_date":"2024-12-29","cluster_fire_count":4,"total_cluster_frp":5.6,"max_frp":2.51,"cluster_convex_hull_area_km2":0.1012,"centroid_lat":23.6667,"centroid_lon":84.9969,"mean_persistence_7d":6.0,"share_forest_shrub":1.0,"share_industrial":0.0,"dominant_land_cover":10,"dominant_class":4,"dominant_label":"Persistent thermal source","is_outbreak_front":false,"is_persistent_cluster":false,"cluster_id":484945}},{"type":"Feature","id":484946,"geometry":{"type":"Polygon","coordinates":[[[86.20615,22.78583],[86.19544,22.78901],[86.19719,22.79612],[86.20775,22.7996],[86.21172,22.78986],[86.20615,22.78583]]]},"properties":{"cluster_date":"2024-12-29","cluster_fire_count":16,"total_cluster_frp":31.87,"max_frp":4.46,"cluster_convex_hull_area_km2":1.5958,"centroid_lat":22.7925,"centroid_lon":86.2041,"mean_persistence_7d":6.3125,"share_forest_shrub":0.0,"share_industrial":1.0,"dominant_land_cover":50,"dominant_class":4,"dominant_label":"Persistent thermal source","is_outbreak_front":false,"is_persistent_cluster":true,"cluster_id":484946}},{"type":"Feature","id":484947,"geometry":{"type":"Polygon","coordinates":[[[82.34119,23.16275],[82.3368,23.16312],[82.33469,23.16414],[82.33669,23.1707],[82.34337,23.17024],[82.34272,23.16629],[82.34119,23.16275]]]},"properties":{"cluster_date":"2024-12-29","cluster_fire_count":12,"total_cluster_frp":21.38,"max_frp":3.6,"cluster_convex_hull_area_km2":0.5665,"centroid_lat":23.167,"centroid_lon":82.3395,"mean_persistence_7d":7.0,"share_forest_shrub":1.0,"share_industrial":0.0,"dominant_land_cover":10,"dominant_class":4,"dominant_label":"Persistent thermal source","is_outbreak_front":false,"is_persistent_cluster":false,"cluster_id":484947}},{"type":"Feature","id":484948,"geometry":{"type":"Polygon","coordinates":[[[86.09128,22.79778],[86.0891,22.79869],[86.08804,22.80169],[86.08596,22.81228],[86.09128,22.79778]]]},"properties":{"cluster_date":"2024-12-29","cluster_fire_count":4,"total_cluster_frp":4.03,"max_frp":1.33,"cluster_convex_hull_area_km2":0.1736,"centroid_lat":22.8026,"centroid_lon":86.0886,"mean_persistence_7d":3.75,"share_forest_shrub":1.0,"share_industrial":0.0,"dominant_land_cover":10,"dominant_class":4,"dominant_label":"Persistent thermal source","is_outbreak_front":false,"is_persistent_cluster":false,"cluster_id":484948}},{"type":"Feature","id":484949,"geometry":{"type":"Polygon","coordinates":[[[87.01707,22.36071],[87.01489,22.36834],[87.01859,22.36777],[87.018,22.36447],[87.0174,22.36117],[87.01707,22.36071]]]},"properties":{"cluster_date":"2024-12-29","cluster_fire_count":6,"total_cluster_frp":8.28,"max_frp":1.87,"cluster_convex_hull_area_km2":0.1572,"centroid_lat":22.3646,"centroid_lon":87.0173,"mean_persistence_7d":6.0,"share_forest_shrub":1.0,"share_industrial":0.0,"dominant_land_cover":30,"dominant_class":4,"dominant_label":"Persistent thermal source","is_outbreak_front":false,"is_persistent_cluster":false,"cluster_id":484949}},{"type":"Feature","id":484950,"geometry":{"type":"Polygon","coordinates":[[[84.75291,22.21691],[84.75112,22.22371],[84.75409,22.22693],[84.75935,22.22254],[84.75967,22.22128],[84.75291,22.21691]]]},"properties":{"cluster_date":"2024-12-29","cluster_fire_count":7,"total_cluster_frp":8.79,"max_frp":1.96,"cluster_convex_hull_area_km2":0.5151,"centroid_lat":22.2218,"centroid_lon":84.755,"mean_persistence_7d":5.0,"share_forest_shrub":1.0,"share_industrial":0.0,"dominant_land_cover":10,"dominant_class":4,"dominant_label":"Persistent thermal source","is_outbreak_front":false,"is_persistent_cluster":false,"cluster_id":484950}},{"type":"Feature","id":484951,"geometry":{"type":"Polygon","coordinates":[[[82.53003,22.31268],[82.52415,22.31616],[82.53643,22.31975],[82.56539,22.32515],[82.56677,22.3247],[82.53003,22.31268]]]},"properties":{"cluster_date":"2024-12-29","cluster_fire_count":9,"total_cluster_frp":11.24,"max_frp":2.64,"cluster_convex_hull_area_km2":1.4662,"centroid_lat":22.3187,"centroid_lon":82.5432,"mean_persistence_7d":6.2222,"share_forest_shrub":0.3333,"share_industrial":0.8889,"dominant_land_cover":50,"dominant_class":4,"dominant_label":"Persistent thermal source","is_outbreak_front":false,"is_persistent_cluster":true,"cluster_id":484951}},{"type":"Feature","id":484952,"geometry":{"type":"Polygon","coordinates":[[[85.31224,21.9679],[85.32648,21.9905],[85.31465,21.9679],[85.31224,21.9679]]]},"properties":{"cluster_date":"2024-12-29","cluster_fire_count":3,"total_cluster_frp":2.37,"max_frp":1.06,"cluster_convex_hull_area_km2":0.2998,"centroid_lat":21.9754,"centroid_lon":85.3178,"mean_persistence_7d":4.0,"share_forest_shrub":1.0,"share_industrial":0.0,"dominant_land_cover":30,"dominant_class":4,"dominant_label":"Persistent thermal source","is_outbreak_front":false,"is_persistent_cluster":false,"cluster_id":484952}},{"type":"Feature","id":484953,"geometry":{"type":"Polygon","coordinates":[[[83.52385,22.10656],[83.52557,22.10723],[83.55325,22.11388],[83.52385,22.10656]]]},"properties":{"cluster_date":"2024-12-29","cluster_fire_count":3,"total_cluster_frp":5.79,"max_frp":3.65,"cluster_convex_hull_area_km2":0.0391,"centroid_lat":22.1092,"centroid_lon":83.5342,"mean_persistence_7d":4.3333,"share_forest_shrub":1.0,"share_industrial":0.0,"dominant_land_cover":30,"dominant_class":4,"dominant_label":"Persistent thermal source","is_outbreak_front":false,"is_persistent_cluster":false,"cluster_id":484953}},{"type":"Feature","id":484954,"geometry":{"type":"Polygon","coordinates":[[[85.22046,21.92881],[85.22105,21.93221],[85.22147,21.9301],[85.22046,21.92881]]]},"properties":{"cluster_date":"2024-12-29","cluster_fire_count":3,"total_cluster_frp":3.79,"max_frp":1.96,"cluster_convex_hull_area_km2":0.0147,"centroid_lat":21.9304,"centroid_lon":85.221,"mean_persistence_7d":4.0,"share_forest_shrub":1.0,"share_industrial":0.0,"dominant_land_cover":30,"dominant_class":4,"dominant_label":"Persistent thermal source","is_outbreak_front":false,"is_persistent_cluster":false,"cluster_id":484954}},{"type":"Feature","id":484955,"geometry":{"type":"Polygon","coordinates":[[[83.12077,22.10438],[83.11589,22.10503],[83.12132,22.10813],[83.12243,22.10617],[83.12077,22.10438]]]},"properties":{"cluster_date":"2024-12-29","cluster_fire_count":5,"total_cluster_frp":5.67,"max_frp":1.5,"cluster_convex_hull_area_km2":0.1314,"centroid_lat":22.1062,"centroid_lon":83.1204,"mean_persistence_7d":6.0,"share_forest_shrub":1.0,"share_industrial":0.0,"dominant_land_cover":10,"dominant_class":4,"dominant_label":"Persistent thermal source","is_outbreak_front":false,"is_persistent_cluster":false,"cluster_id":484955}},{"type":"Feature","id":484956,"geometry":{"type":"Polygon","coordinates":[[[83.37968,22.02116],[83.34926,22.0402],[83.35159,22.04241],[83.36501,22.03329],[83.37968,22.02116]]]},"properties":{"cluster_date":"2024-12-29","cluster_fire_count":12,"total_cluster_frp":19.17,"max_frp":3.08,"cluster_convex_hull_area_km2":0.7732,"centroid_lat":22.0356,"centroid_lon":83.3591,"mean_persistence_7d":5.9167,"share_forest_shrub":0.0,"share_industrial":1.0,"dominant_land_cover":50,"dominant_class":4,"dominant_label":"Persistent thermal source","is_outbreak_front":false,"is_persistent_cluster":true,"cluster_id":484956}},{"type":"Feature","id":484957,"geometry":{"type":"Polygon","coordinates":[[[83.23713,21.97909],[83.23005,21.98535],[83.23308,21.98547],[83.23392,21.98497],[83.23713,21.97909]]]},"properties":{"cluster_date":"2024-12-29","cluster_fire_count":6,"total_cluster_frp":7.51,"max_frp":2.56,"cluster_convex_hull_area_km2":0.1274,"centroid_lat":21.9842,"centroid_lon":83.2333,"mean_persistence_7d":6.8333,"share_forest_shrub":1.0,"share_industrial":0.0,"dominant_land_cover":10,"dominant_class":4,"dominant_label":"Persistent thermal source","is_outbreak_front":false,"is_persistent_cluster":false,"cluster_id":484957}},{"type":"Feature","id":484958,"geometry":{"type":"Polygon","coordinates":[[[82.67201,22.00231],[82.66759,22.0054],[82.67184,22.005],[82.67201,22.00231]]]},"properties":{"cluster_date":"2024-12-29","cluster_fire_count":5,"total_cluster_frp":7.93,"max_frp":2.45,"cluster_convex_hull_area_km2":0.0625,"centroid_lat":22.0043,"centroid_lon":82.6702,"mean_persistence_7d":7.0,"share_forest_shrub":1.0,"share_industrial":0.0,"dominant_land_cover":10,"dominant_class":4,"dominant_label":"Persistent thermal source","is_outbreak_front":false,"is_persistent_cluster":false,"cluster_id":484958}},{"type":"Feature","id":484959,"geometry":{"type":"Polygon","coordinates":[[[83.55302,21.87676],[83.54576,21.87746],[83.55427,21.87909],[83.55611,21.87859],[83.55302,21.87676]]]},"properties":{"cluster_date":"2024-12-29","cluster_fire_count":4,"total_cluster_frp":4.09,"max_frp":1.34,"cluster_convex_hull_area_km2":0.1251,"centroid_lat":21.878,"centroid_lon":83.5523,"mean_persistence_7d":5.0,"share_forest_shrub":0.0,"share_industrial":1.0,"dominant_land_cover":50,"dominant_class":4,"dominant_label":"Persistent thermal source","is_outbreak_front":false,"is_persistent_cluster":true,"cluster_id":484959}},{"type":"Feature","id":484960,"geometry":{"type":"Polygon","coordinates":[[[84.02273,21.75555],[84.01573,21.76742],[84.0163,21.77098],[84.02066,21.77038],[84.0237,21.75641],[84.02273,21.75555]]]},"properties":{"cluster_date":"2024-12-29","cluster_fire_count":8,"total_cluster_frp":13.67,"max_frp":2.93,"cluster_convex_hull_area_km2":0.6135,"centroid_lat":21.7648,"centroid_lon":84.0196,"mean_persistence_7d":4.75,"share_forest_shrub":0.0,"share_industrial":1.0,"dominant_land_cover":50,"dominant_class":4,"dominant_label":"Persistent thermal source","is_outbreak_front":false,"is_persistent_cluster":true,"cluster_id":484960}},{"type":"Feature","id":484961,"geometry":{"type":"Polygon","coordinates":[[[82.0816,21.6718],[82.08122,21.67423],[82.08443,21.67305],[82.0816,21.6718]]]},"properties":{"cluster_date":"2024-12-29","cluster_fire_count":3,"total_cluster_frp":3.26,"max_frp":1.38,"cluster_convex_hull_area_km2":0.0406,"centroid_lat":21.673,"centroid_lon":82.0824,"mean_persistence_7d":2.0,"share_forest_shrub":1.0,"share_industrial":0.0,"dominant_land_cover":10,"dominant_class":4,"dominant_label":"Persistent thermal source","is_outbreak_front":false,"is_persistent_cluster":false,"cluster_id":484961}},{"type":"Feature","id":484962,"geometry":{"type":"Polygon","coordinates":[[[81.76891,21.48462],[81.76728,21.48684],[81.76685,21.4889],[81.77078,21.49123],[81.77122,21.48917],[81.77016,21.48672],[81.76891,21.48462]]]},"properties":{"cluster_date":"2024-12-29","cluster_fire_count":6,"total_cluster_frp":8.08,"max_frp":2.02,"cluster_convex_hull_area_km2":0.1747,"centroid_lat":21.4879,"centroid_lon":81.7692,"mean_persistence_7d":6.0,"share_forest_shrub":1.0,"share_industrial":0.0,"dominant_land_cover":10,"dominant_class":4,"dominant_label":"Persistent thermal source","is_outbreak_front":false,"is_persistent_cluster":false,"cluster_id":484962}},{"type":"Feature","id":484963,"geometry":{"type":"Polygon","coordinates":[[[86.01392,20.96614],[86.00275,20.96784],[86.0039,20.97448],[86.01472,20.99624],[86.02749,21.00278],[86.02702,21.00119],[86.01392,20.96614]]]},"properties":{"cluster_date":"2024-12-29","cluster_fire_count":11,"total_cluster_frp":13.27,"max_frp":2.46,"cluster_convex_hull_area_km2":4.2613,"centroid_lat":20.9775,"centroid_lon":86.0122,"mean_persistence_7d":4.3636,"share_forest_shrub":1.0,"share_industrial":0.0,"dominant_land_cover":10,"dominant_class":4,"dominant_label":"Persistent thermal source","is_outbreak_front":false,"is_persistent_cluster":false,"cluster_id":484963}},{"type":"Feature","id":484964,"geometry":{"type":"Polygon","coordinates":[[[81.6509,21.36397],[81.6433,21.36494],[81.63871,21.37678],[81.64484,21.38845],[81.64568,21.38959],[81.64813,21.39256],[81.64954,21.3921],[81.68306,21.38049],[81.6845,21.37098],[81.6509,21.36397]]]},"properties":{"cluster_date":"2024-12-29","cluster_fire_count":22,"total_cluster_frp":34.8,"max_frp":2.55,"cluster_convex_hull_area_km2":9.4468,"centroid_lat":21.3791,"centroid_lon":81.6567,"mean_persistence_7d":5.4091,"share_forest_shrub":0.0,"share_industrial":1.0,"dominant_land_cover":50,"dominant_class":4,"dominant_label":"Persistent thermal source","is_outbreak_front":false,"is_persistent_cluster":true,"cluster_id":484964}},{"type":"Feature","id":484965,"geometry":{"type":"Polygon","coordinates":[[[81.60689,21.29955],[81.58987,21.3092],[81.58895,21.30999],[81.59145,21.31219],[81.60689,21.29955]]]},"properties":{"cluster_date":"2024-12-29","cluster_fire_count":4,"total_cluster_frp":3.86,"max_frp":1.43,"cluster_convex_hull_area_km2":0.3882,"centroid_lat":21.3077,"centroid_lon":81.5943,"mean_persistence_7d":5.5,"share_forest_shrub":1.0,"share_industrial":0.0,"dominant_land_cover":10,"dominant_class":4,"dominant_label":"Persistent thermal source","is_outbreak_front":false,"is_persistent_cluster":false,"cluster_id":484965}},{"type":"Feature","id":484966,"geometry":{"type":"Polygon","coordinates":[[[84.99588,20.86642],[84.99199,20.86698],[84.98812,20.86755],[84.97968,20.88968],[84.98305,20.8857],[84.99311,20.87378],[84.99588,20.86642]]]},"properties":{"cluster_date":"2024-12-29","cluster_fire_count":7,"total_cluster_frp":10.77,"max_frp":4.69,"cluster_convex_hull_area_km2":1.2063,"centroid_lat":20.8769,"centroid_lon":84.9875,"mean_persistence_7d":4.0,"share_forest_shrub":0.0,"share_industrial":1.0,"dominant_land_cover":50,"dominant_class":4,"dominant_label":"Persistent thermal source","is_outbreak_front":false,"is_persistent_cluster":true,"cluster_id":484966}},{"type":"Feature","id":484967,"geometry":{"type":"Polygon","coordinates":[[[81.3892,21.18779],[81.38783,21.18952],[81.38842,21.19362],[81.39174,21.18905],[81.3892,21.18779]]]},"properties":{"cluster_date":"2024-12-29","cluster_fire_count":5,"total_cluster_frp":9.41,"max_frp":2.63,"cluster_convex_hull_area_km2":0.1243,"centroid_lat":21.19,"centroid_lon":81.3894,"mean_persistence_7d":6.8,"share_forest_shrub":0.0,"share_industrial":1.0,"dominant_land_cover":50,"dominant_class":4,"dominant_label":"Persistent thermal source","is_outbreak_front":false,"is_persistent_cluster":true,"cluster_id":484967}},{"type":"Feature","id":484968,"geometry":{"type":"Polygon","coordinates":[[[85.29684,20.76103],[85.29145,20.76163],[85.29211,20.76264],[85.29684,20.76103]]]},"properties":{"cluster_date":"2024-12-29","cluster_fire_count":3,"total_cluster_frp":4.19,"max_frp":1.67,"cluster_convex_hull_area_km2":0.0325,"centroid_lat":20.7618,"centroid_lon":85.2935,"mean_persistence_7d":4.0,"share_forest_shrub":1.0,"share_industrial":0.0,"dominant_land_cover":10,"dominant_class":4,"dominant_label":"Persistent thermal source","is_outbreak_front":false,"is_persistent_cluster":false,"cluster_id":484968}},{"type":"Feature","id":484969,"geometry":{"type":"Polygon","coordinates":[[[79.22509,21.24337],[79.22153,21.24854],[79.22376,21.2492],[79.22509,21.24337]]]},"properties":{"cluster_date":"2024-12-29","cluster_fire_count":3,"total_cluster_frp":4.36,"max_frp":1.63,"cluster_convex_hull_area_km2":0.0768,"centroid_lat":21.247,"centroid_lon":79.2235,"mean_persistence_7d":4.0,"share_forest_shrub":1.0,"share_industrial":0.0,"dominant_land_cover":10,"dominant_class":4,"dominant_label":"Persistent thermal source","is_outbreak_front":false,"is_persistent_cluster":false,"cluster_id":484969}},{"type":"Feature","id":484970,"geometry":{"type":"Polygon","coordinates":[[[79.1827,20.00476],[79.18439,20.00891],[79.18433,20.00636],[79.1827,20.00476]]]},"properties":{"cluster_date":"2024-12-29","cluster_fire_count":3,"total_cluster_frp":2.74,"max_frp":0.98,"cluster_convex_hull_area_km2":0.0227,"centroid_lat":20.0067,"centroid_lon":79.1838,"mean_persistence_7d":3.0,"share_forest_shrub":1.0,"share_industrial":0.0,"dominant_land_cover":10,"dominant_class":4,"dominant_label":"Persistent thermal source","is_outbreak_front":false,"is_persistent_cluster":false,"cluster_id":484970}},{"type":"Feature","id":484971,"geometry":{"type":"Polygon","coordinates":[[[79.11369,19.91993],[79.11353,19.92311],[79.11389,19.92237],[79.11369,19.91993]]]},"properties":{"cluster_date":"2024-12-29","cluster_fire_count":3,"total_cluster_frp":3.0,"max_frp":1.28,"cluster_convex_hull_area_km2":0.0057,"centroid_lat":19.9218,"centroid_lon":79.1137,"mean_persistence_7d":7.0,"share_forest_shrub":1.0,"share_industrial":0.0,"dominant_land_cover":10,"dominant_class":4,"dominant_label":"Persistent thermal source","is_outbreak_front":false,"is_persistent_cluster":false,"cluster_id":484971}},{"type":"Feature","id":484972,"geometry":{"type":"Polygon","coordinates":[[[79.53497,18.71913],[79.53421,18.72011],[79.53653,18.72152],[79.53781,18.72187],[79.53939,18.72212],[79.53497,18.71913]]]},"properties":{"cluster_date":"2024-12-29","cluster_fire_count":5,"total_cluster_frp":12.74,"max_frp":3.67,"cluster_convex_hull_area_km2":0.0536,"centroid_lat":18.7209,"centroid_lon":79.5366,"mean_persistence_7d":4.0,"share_forest_shrub":1.0,"share_industrial":0.0,"dominant_land_cover":10,"dominant_class":4,"dominant_label":"Persistent thermal source","is_outbreak_front":false,"is_persistent_cluster":false,"cluster_id":484972}},{"type":"Feature","id":484973,"geometry":{"type":"Polygon","coordinates":[[[81.28082,16.35976],[81.28182,16.35998],[81.28398,16.36036],[81.28082,16.35976]]]},"properties":{"cluster_date":"2024-12-29","cluster_fire_count":3,"total_cluster_frp":1.92,"max_frp":0.68,"cluster_convex_hull_area_km2":0.0006,"centroid_lat":16.36,"centroid_lon":81.2822,"mean_persistence_7d":4.0,"share_forest_shrub":0.0,"share_industrial":0.0,"dominant_land_cover":40,"dominant_class":4,"dominant_label":"Persistent thermal source","is_outbreak_front":false,"is_persistent_cluster":false,"cluster_id":484973}},{"type":"Feature","id":484974,"geometry":{"type":"Polygon","coordinates":[[[78.01169,15.02235],[78.01221,15.0239],[78.01505,15.0257],[78.01169,15.02235]]]},"properties":{"cluster_date":"2024-12-29","cluster_fire_count":3,"total_cluster_frp":5.34,"max_frp":2.03,"cluster_convex_hull_area_km2":0.0203,"centroid_lat":15.024,"centroid_lon":78.013,"mean_persistence_7d":4.0,"share_forest_shrub":1.0,"share_industrial":0.0,"dominant_land_cover":30,"dominant_class":4,"dominant_label":"Persistent thermal source","is_outbreak_front":false,"is_persistent_cluster":false,"cluster_id":484974}},{"type":"Feature","id":484975,"geometry":{"type":"Polygon","coordinates":[[[95.27806,26.76693],[95.27649,26.76969],[95.27924,26.77117],[95.28079,26.76881],[95.27806,26.76693]]]},"properties":{"cluster_date":"2024-12-29","cluster_fire_count":4,"total_cluster_frp":4.49,"max_frp":1.64,"cluster_convex_hull_area_km2":0.1023,"centroid_lat":26.7691,"centroid_lon":95.2786,"mean_persistence_7d":0.0,"share_forest_shrub":1.0,"share_industrial":0.0,"dominant_land_cover":10,"dominant_class":0,"dominant_label":"Wildfire","is_outbreak_front":false,"is_persistent_cluster":false,"cluster_id":484975}},{"type":"Feature","id":484976,"geometry":{"type":"Polygon","coordinates":[[[74.63595,24.66007],[74.63189,24.66088],[74.63105,24.66435],[74.63129,24.66416],[74.63595,24.66007]]]},"properties":{"cluster_date":"2024-12-29","cluster_fire_count":4,"total_cluster_frp":6.36,"max_frp":2.23,"cluster_convex_hull_area_km2":0.0728,"centroid_lat":24.6624,"centroid_lon":74.6325,"mean_persistence_7d":4.0,"share_forest_shrub":1.0,"share_industrial":0.0,"dominant_land_cover":30,"dominant_class":4,"dominant_label":"Persistent thermal source","is_outbreak_front":false,"is_persistent_cluster":false,"cluster_id":484976}},{"type":"Feature","id":484977,"geometry":{"type":"Polygon","coordinates":[[[72.74831,21.90485],[72.74789,21.90732],[72.74897,21.91192],[72.75842,21.90894],[72.75517,21.9068],[72.74831,21.90485]]]},"properties":{"cluster_date":"2024-12-29","cluster_fire_count":6,"total_cluster_frp":28.89,"max_frp":7.22,"cluster_convex_hull_area_km2":0.4501,"centroid_lat":21.9083,"centroid_lon":72.7522,"mean_persistence_7d":0.0,"share_forest_shrub":1.0,"share_industrial":0.0,"dominant_land_cover":30,"dominant_class":1,"dominant_label":"Agricultural burning","is_outbreak_front":true,"is_persistent_cluster":false,"cluster_id":484977}},{"type":"Feature","id":484978,"geometry":{"type":"Polygon","coordinates":[[[73.70698,19.9349],[73.70543,19.93619],[73.71064,19.93701],[73.70698,19.9349]]]},"properties":{"cluster_date":"2024-12-29","cluster_fire_count":3,"total_cluster_frp":2.54,"max_frp":1.07,"cluster_convex_hull_area_km2":0.0447,"centroid_lat":19.936,"centroid_lon":73.7077,"mean_persistence_7d":3.0,"share_forest_shrub":1.0,"share_industrial":0.0,"dominant_land_cover":10,"dominant_class":4,"dominant_label":"Persistent thermal source","is_outbreak_front":false,"is_persistent_cluster":false,"cluster_id":484978}},{"type":"Feature","id":484979,"geometry":{"type":"Polygon","coordinates":[[[73.04864,19.09942],[73.04852,19.10627],[73.05406,19.10432],[73.05299,19.10023],[73.04864,19.09942]]]},"properties":{"cluster_date":"2024-12-29","cluster_fire_count":4,"total_cluster_frp":2.6,"max_frp":0.67,"cluster_convex_hull_area_km2":0.3082,"centroid_lat":19.1026,"centroid_lon":73.0511,"mean_persistence_7d":5.0,"share_forest_shrub":1.0,"share_industrial":0.0,"dominant_land_cover":30,"dominant_class":4,"dominant_label":"Persistent thermal source","is_outbreak_front":false,"is_persistent_cluster":false,"cluster_id":484979}},{"type":"Feature","id":484980,"geometry":{"type":"Polygon","coordinates":[[[75.38098,16.33064],[75.3794,16.33275],[75.38917,16.34328],[75.38536,16.33306],[75.38098,16.33064]]]},"properties":{"cluster_date":"2024-12-29","cluster_fire_count":5,"total_cluster_frp":7.9,"max_frp":2.19,"cluster_convex_hull_area_km2":0.4211,"centroid_lat":16.3347,"centroid_lon":75.3834,"mean_persistence_7d":0.0,"share_forest_shrub":1.0,"share_industrial":0.0,"dominant_land_cover":30,"dominant_class":1,"dominant_label":"Agricultural burning","is_outbreak_front":true,"is_persistent_cluster":false,"cluster_id":484980}},{"type":"Feature","id":484981,"geometry":{"type":"Polygon","coordinates":[[[76.06725,16.21957],[76.06796,16.22501],[76.06867,16.22225],[76.06725,16.21957]]]},"properties":{"cluster_date":"2024-12-29","cluster_fire_count":3,"total_cluster_frp":3.81,"max_frp":1.67,"cluster_convex_hull_area_km2":0.0337,"centroid_lat":16.2223,"centroid_lon":76.068,"mean_persistence_7d":0.0,"share_forest_shrub":1.0,"share_industrial":0.0,"dominant_land_cover":30,"dominant_class":1,"dominant_label":"Agricultural burning","is_outbreak_front":false,"is_persistent_cluster":false,"cluster_id":484981}},{"type":"Feature","id":484982,"geometry":{"type":"Polygon","coordinates":[[[75.51451,16.08921],[75.51424,16.09179],[75.51705,16.08974],[75.51451,16.08921]]]},"properties":{"cluster_date":"2024-12-29","cluster_fire_count":3,"total_cluster_frp":2.39,"max_frp":1.06,"cluster_convex_hull_area_km2":0.0388,"centroid_lat":16.0902,"centroid_lon":75.5153,"mean_persistence_7d":0.0,"share_forest_shrub":1.0,"share_industrial":0.0,"dominant_land_cover":30,"dominant_class":1,"dominant_label":"Agricultural burning","is_outbreak_front":false,"is_persistent_cluster":false,"cluster_id":484982}},{"type":"Feature","id":484983,"geometry":{"type":"Polygon","coordinates":[[[75.81799,15.96775],[75.81944,15.96867],[75.82146,15.96865],[75.82281,15.96798],[75.81799,15.96775]]]},"properties":{"cluster_date":"2024-12-29","cluster_fire_count":4,"total_cluster_frp":9.68,"max_frp":3.18,"cluster_convex_hull_area_km2":0.0315,"centroid_lat":15.9683,"centroid_lon":75.8204,"mean_persistence_7d":0.0,"share_forest_shrub":1.0,"share_industrial":0.0,"dominant_land_cover":30,"dominant_class":1,"dominant_label":"Agricultural burning","is_outbreak_front":false,"is_persistent_cluster":false,"cluster_id":484983}},{"type":"Feature","id":484984,"geometry":{"type":"Polygon","coordinates":[[[76.28738,15.33477],[76.28653,15.33522],[76.28432,15.33725],[76.28738,15.33477]]]},"properties":{"cluster_date":"2024-12-29","cluster_fire_count":3,"total_cluster_frp":2.4,"max_frp":1.13,"cluster_convex_hull_area_km2":0.0043,"centroid_lat":15.3357,"centroid_lon":76.2861,"mean_persistence_7d":5.0,"share_forest_shrub":1.0,"share_industrial":0.0,"dominant_land_cover":30,"dominant_class":4,"dominant_label":"Persistent thermal source","is_outbreak_front":false,"is_persistent_cluster":false,"cluster_id":484984}},{"type":"Feature","id":484985,"geometry":{"type":"Polygon","coordinates":[[[76.71491,15.13748],[76.70808,15.13867],[76.71149,15.15289],[76.71491,15.13748]]]},"properties":{"cluster_date":"2024-12-29","cluster_fire_count":4,"total_cluster_frp":3.29,"max_frp":1.17,"cluster_convex_hull_area_km2":0.5921,"centroid_lat":15.1418,"centroid_lon":76.7114,"mean_persistence_7d":3.0,"share_forest_shrub":0.0,"share_industrial":1.0,"dominant_land_cover":50,"dominant_class":4,"dominant_label":"Persistent thermal source","is_outbreak_front":false,"is_persistent_cluster":true,"cluster_id":484985}},{"type":"Feature","id":484986,"geometry":{"type":"Polygon","coordinates":[[[76.3789,15.17133],[76.37553,15.17171],[76.3792,15.17377],[76.3789,15.17133]]]},"properties":{"cluster_date":"2024-12-29","cluster_fire_count":3,"total_cluster_frp":3.65,"max_frp":1.52,"cluster_convex_hull_area_km2":0.0488,"centroid_lat":15.1723,"centroid_lon":76.3779,"mean_persistence_7d":5.0,"share_forest_shrub":1.0,"share_industrial":0.0,"dominant_land_cover":30,"dominant_class":4,"dominant_label":"Persistent thermal source","is_outbreak_front":false,"is_persistent_cluster":false,"cluster_id":484986}},{"type":"Feature","id":484987,"geometry":{"type":"Polygon","coordinates":[[[76.90009,15.01321],[76.89823,15.01412],[76.89722,15.01509],[76.89198,15.02087],[76.90009,15.01321]]]},"properties":{"cluster_date":"2024-12-29","cluster_fire_count":4,"total_cluster_frp":3.45,"max_frp":1.1,"cluster_convex_hull_area_km2":0.0447,"centroid_lat":15.0158,"centroid_lon":76.8969,"mean_persistence_7d":4.0,"share_forest_shrub":1.0,"share_industrial":0.0,"dominant_land_cover":30,"dominant_class":4,"dominant_label":"Persistent thermal source","is_outbreak_front":false,"is_persistent_cluster":false,"cluster_id":484987}},{"type":"Feature","id":484988,"geometry":{"type":"Polygon","coordinates":[[[77.55254,12.82131],[77.54958,12.82349],[77.55145,12.82289],[77.55254,12.82131]]]},"properties":{"cluster_date":"2024-12-29","cluster_fire_count":3,"total_cluster_frp":2.91,"max_frp":1.22,"cluster_convex_hull_area_km2":0.0138,"centroid_lat":12.8226,"centroid_lon":77.5512,"mean_persistence_7d":0.0,"share_forest_shrub":1.0,"share_industrial":0.0,"dominant_land_cover":30,"dominant_class":1,"dominant_label":"Agricultural burning","is_outbreak_front":false,"is_persistent_cluster":false,"cluster_id":484988}},{"type":"Feature","id":484989,"geometry":{"type":"Polygon","coordinates":[[[70.25948,23.26546],[70.25729,23.26667],[70.26128,23.266],[70.25948,23.26546]]]},"properties":{"cluster_date":"2024-12-29","cluster_fire_count":3,"total_cluster_frp":2.59,"max_frp":0.99,"cluster_convex_hull_area_km2":0.0183,"centroid_lat":23.266,"centroid_lon":70.2593,"mean_persistence_7d":6.0,"share_forest_shrub":0.0,"share_industrial":0.0,"dominant_land_cover":60,"dominant_class":4,"dominant_label":"Persistent thermal source","is_outbreak_front":false,"is_persistent_cluster":false,"cluster_id":484989}},{"type":"Feature","id":484990,"geometry":{"type":"Polygon","coordinates":[[[68.71404,23.43013],[68.71029,23.43073],[68.7113,23.43305],[68.71404,23.43013]]]},"properties":{"cluster_date":"2024-12-29","cluster_fire_count":3,"total_cluster_frp":3.37,"max_frp":1.78,"cluster_convex_hull_area_km2":0.0506,"centroid_lat":23.4313,"centroid_lon":68.7119,"mean_persistence_7d":7.0,"share_forest_shrub":1.0,"share_industrial":0.0,"dominant_land_cover":30,"dominant_class":4,"dominant_label":"Persistent thermal source","is_outbreak_front":false,"is_persistent_cluster":false,"cluster_id":484990}},{"type":"Feature","id":484991,"geometry":{"type":"Polygon","coordinates":[[[69.85734,22.3287],[69.85409,22.33972],[69.85539,22.33952],[69.86714,22.33753],[69.85734,22.3287]]]},"properties":{"cluster_date":"2024-12-29","cluster_fire_count":5,"total_cluster_frp":8.64,"max_frp":2.34,"cluster_convex_hull_area_km2":0.7515,"centroid_lat":22.3366,"centroid_lon":69.8597,"mean_persistence_7d":4.2,"share_forest_shrub":0.0,"share_industrial":1.0,"dominant_land_cover":50,"dominant_class":3,"dominant_label":"Gas flare","is_outbreak_front":false,"is_persistent_cluster":true,"cluster_id":484991}},{"type":"Feature","id":484992,"geometry":{"type":"Polygon","coordinates":[[[78.05479,14.87151],[78.0513,14.87155],[78.0527,14.87766],[78.05479,14.87151]]]},"properties":{"cluster_date":"2024-12-29","cluster_fire_count":3,"total_cluster_frp":2.74,"max_frp":1.02,"cluster_convex_hull_area_km2":0.1254,"centroid_lat":14.8736,"centroid_lon":78.0529,"mean_persistence_7d":0.0,"share_forest_shrub":1.0,"share_industrial":0.0,"dominant_land_cover":30,"dominant_class":1,"dominant_label":"Agricultural burning","is_outbreak_front":false,"is_persistent_cluster":false,"cluster_id":484992}},{"type":"Feature","id":484993,"geometry":{"type":"Polygon","coordinates":[[[86.81446,21.46165],[86.81413,21.46531],[86.82017,21.46187],[86.81446,21.46165]]]},"properties":{"cluster_date":"2024-12-30","cluster_fire_count":3,"total_cluster_frp":6.06,"max_frp":2.55,"cluster_convex_hull_area_km2":0.1159,"centroid_lat":21.4629,"centroid_lon":86.8163,"mean_persistence_7d":0.0,"share_forest_shrub":1.0,"share_industrial":0.0,"dominant_land_cover":10,"dominant_class":0,"dominant_label":"Wildfire","is_outbreak_front":false,"is_persistent_cluster":false,"cluster_id":484993}},{"type":"Feature","id":484994,"geometry":{"type":"Polygon","coordinates":[[[87.17358,21.6968],[87.17406,21.69897],[87.17562,21.69758],[87.17358,21.6968]]]},"properties":{"cluster_date":"2024-12-30","cluster_fire_count":3,"total_cluster_frp":13.99,"max_frp":6.5,"cluster_convex_hull_area_km2":0.0224,"centroid_lat":21.6978,"centroid_lon":87.1744,"mean_persistence_7d":1.3333,"share_forest_shrub":1.0,"share_industrial":0.0,"dominant_land_cover":30,"dominant_class":1,"dominant_label":"Agricultural burning","is_outbreak_front":false,"is_persistent_cluster":false,"cluster_id":484994}},{"type":"Feature","id":484995,"geometry":{"type":"Polygon","coordinates":[[[88.12711,22.05034],[88.1234,22.05069],[88.12405,22.05616],[88.12864,22.05692],[88.12711,22.05034]]]},"properties":{"cluster_date":"2024-12-30","cluster_fire_count":7,"total_cluster_frp":15.12,"max_frp":3.08,"cluster_convex_hull_area_km2":0.2726,"centroid_lat":22.0539,"centroid_lon":88.126,"mean_persistence_7d":5.0,"share_forest_shrub":0.0,"share_industrial":1.0,"dominant_land_cover":50,"dominant_class":3,"dominant_label":"Gas flare","is_outbreak_front":false,"is_persistent_cluster":true,"cluster_id":484995}},{"type":"Feature","id":484996,"geometry":{"type":"Polygon","coordinates":[[[87.88084,22.95685],[87.87716,22.95733],[87.87589,22.96135],[87.88655,22.959],[87.88445,22.95764],[87.88084,22.95685]]]},"properties":{"cluster_date":"2024-12-30","cluster_fire_count":6,"total_cluster_frp":33.25,"max_frp":8.6,"cluster_convex_hull_area_km2":0.2937,"centroid_lat":22.9584,"centroid_lon":87.8811,"mean_persistence_7d":1.0,"share_forest_shrub":1.0,"share_industrial":0.0,"dominant_land_cover":30,"dominant_class":1,"dominant_label":"Agricultural burning","is_outbreak_front":true,"is_persistent_cluster":false,"cluster_id":484996}},{"type":"Feature","id":484997,"geometry":{"type":"Polygon","coordinates":[[[87.73202,23.15758],[87.73876,23.16035],[87.73676,23.15843],[87.73202,23.15758]]]},"properties":{"cluster_date":"2024-12-30","cluster_fire_count":3,"total_cluster_frp":11.61,"max_frp":4.7,"cluster_convex_hull_area_km2":0.0404,"centroid_lat":23.1588,"centroid_lon":87.7358,"mean_persistence_7d":3.0,"share_forest_shrub":1.0,"share_industrial":0.0,"dominant_land_cover":30,"dominant_class":1,"dominant_label":"Agricultural burning","is_outbreak_front":false,"is_persistent_cluster":false,"cluster_id":484997}},{"type":"Feature","id":484998,"geometry":{"type":"Polygon","coordinates":[[[82.88181,22.07799],[82.87145,22.0864],[82.86839,22.09305],[82.87273,22.08871],[82.88181,22.07799]]]},"properties":{"cluster_date":"2024-12-30","cluster_fire_count":4,"total_cluster_frp":21.94,"max_frp":9.84,"cluster_convex_hull_area_km2":0.2765,"centroid_lat":22.0865,"centroid_lon":82.8736,"mean_persistence_7d":1.0,"share_forest_shrub":1.0,"share_industrial":0.0,"dominant_land_cover":10,"dominant_class":0,"dominant_label":"Wildfire","is_outbreak_front":false,"is_persistent_cluster":false,"cluster_id":484998}},{"type":"Feature","id":484999,"geometry":{"type":"Polygon","coordinates":[[[87.67752,23.57351],[87.66543,23.57461],[87.67521,23.58451],[87.70587,23.57859],[87.67752,23.57351]]]},"properties":{"cluster_date":"2024-12-30","cluster_fire_count":4,"total_cluster_frp":17.45,"max_frp":8.48,"cluster_convex_hull_area_km2":2.4678,"centroid_lat":23.5778,"centroid_lon":87.681,"mean_persistence_7d":0.5,"share_forest_shrub":1.0,"share_industrial":0.0,"dominant_land_cover":30,"dominant_class":1,"dominant_label":"Agricultural burning","is_outbreak_front":false,"is_persistent_cluster":false,"cluster_id":484999}},{"type":"Feature","id":485000,"geometry":{"type":"Polygon","coordinates":[[[87.77504,23.64387],[87.77352,23.68494],[87.77638,23.68559],[87.7781,23.66308],[87.77504,23.64387]]]},"properties":{"cluster_date":"2024-12-30","cluster_fire_count":4,"total_cluster_frp":20.16,"max_frp":10.94,"cluster_convex_hull_area_km2":1.1969,"centroid_lat":23.6694,"centroid_lon":87.7758,"mean_persistence_7d":0.5,"share_forest_shrub":1.0,"share_industrial":0.0,"dominant_land_cover":30,"dominant_class":1,"dominant_label":"Agricultural burning","is_outbreak_front":false,"is_persistent_cluster":false,"cluster_id":485000}},{"type":"Feature","id":485001,"geometry":{"type":"Polygon","coordinates":[[[94.49444,25.14329],[94.49409,25.14687],[94.49453,25.1445],[94.49444,25.14329]]]},"properties":{"cluster_date":"2024-12-30","cluster_fire_count":3,"total_cluster_frp":21.6,"max_frp":7.42,"cluster_convex_hull_area_km2":0.004,"centroid_lat":25.1449,"centroid_lon":94.4944,"mean_persistence_7d":0.0,"share_forest_shrub":1.0,"share_industrial":0.0,"dominant_land_cover":10,"dominant_class":0,"dominant_label":"Wildfire","is_outbreak_front":false,"is_persistent_cluster":false,"cluster_id":485001}},{"type":"Feature","id":485002,"geometry":{"type":"Polygon","coordinates":[[[86.91805,23.66412],[86.91717,23.66504],[86.9178,23.66907],[86.92203,23.66881],[86.92249,23.66766],[86.9223,23.66486],[86.92104,23.66458],[86.91805,23.66412]]]},"properties":{"cluster_date":"2024-12-30","cluster_fire_count":12,"total_cluster_frp":19.38,"max_frp":3.5,"cluster_convex_hull_area_km2":0.2376,"centroid_lat":23.6669,"centroid_lon":86.9203,"mean_persistence_7d":7.0,"share_forest_shrub":1.0,"share_industrial":0.0,"dominant_land_cover":30,"dominant_class":4,"dominant_label":"Persistent thermal source","is_outbreak_front":false,"is_persistent_cluster":false,"cluster_id":485002}},{"type":"Feature","id":485003,"geometry":{"type":"Polygon","coordinates":[[[87.17868,23.75266],[87.17245,23.7671],[87.17255,23.76841],[87.17448,23.76897],[87.17744,23.76799],[87.17868,23.75266]]]},"properties":{"cluster_date":"2024-12-30","cluster_fire_count":6,"total_cluster_frp":29.27,"max_frp":8.84,"cluster_convex_hull_area_km2":0.4754,"centroid_lat":23.7655,"centroid_lon":87.175,"mean_persistence_7d":0.0,"share_forest_shrub":0.0,"share_industrial":1.0,"dominant_land_cover":50,"dominant_class":5,"dominant_label":"Unknown","is_outbreak_front":false,"is_persistent_cluster":false,"cluster_id":485003}},{"type":"Feature","id":485004,"geometry":{"type":"Polygon","coordinates":[[[93.87043,25.12893],[93.86646,25.12919],[93.87145,25.13007],[93.87043,25.12893]]]},"properties":{"cluster_date":"2024-12-30","cluster_fire_count":3,"total_cluster_frp":15.8,"max_frp":6.82,"cluster_convex_hull_area_km2":0.0257,"centroid_lat":25.1294,"centroid_lon":93.8694,"mean_persistence_7d":0.0,"share_forest_shrub":1.0,"share_industrial":0.0,"dominant_land_cover":10,"dominant_class":0,"dominant_label":"Wildfire","is_outbreak_front":false,"is_persistent_cluster":false,"cluster_id":485004}},{"type":"Feature","id":485005,"geometry":{"type":"Polygon","coordinates":[[[87.60812,23.90807],[87.60439,23.91025],[87.60734,23.91173],[87.60801,23.91104],[87.60812,23.90807]]]},"properties":{"cluster_date":"2024-12-30","cluster_fire_count":5,"total_cluster_frp":18.16,"max_frp":4.23,"cluster_convex_hull_area_km2":0.0752,"centroid_lat":23.91,"centroid_lon":87.6071,"mean_persistence_7d":1.0,"share_forest_shrub":1.0,"share_industrial":0.0,"dominant_land_cover":30,"dominant_class":1,"dominant_label":"Agricultural burning","is_outbreak_front":true,"is_persistent_cluster":false,"cluster_id":485005}},{"type":"Feature","id":485006,"geometry":{"type":"Polygon","coordinates":[[[86.45013,23.71321],[86.42037,23.71672],[86.32999,23.78526],[86.32681,23.80429],[86.32731,23.80554],[86.3315,23.80504],[86.34749,23.7989],[86.3915,23.78099],[86.39568,23.77914],[86.44598,23.72391],[86.44726,23.722],[86.45013,23.71321]]]},"properties":{"cluster_date":"2024-12-30","cluster_fire_count":75,"total_cluster_frp":171.84,"max_frp":9.05,"cluster_convex_hull_area_km2":40.523,"centroid_lat":23.7624,"centroid_lon":86.391,"mean_persistence_7d":6.7333,"share_forest_shrub":0.0,"share_industrial":1.0,"dominant_land_cover":50,"dominant_class":4,"dominant_label":"Persistent thermal source","is_outbreak_front":false,"is_persistent_cluster":true,"cluster_id":485006}},{"type":"Feature","id":485007,"geometry":{"type":"Polygon","coordinates":[[[92.38601,25.23578],[92.38771,25.23967],[92.38832,25.23635],[92.38601,25.23578]]]},"properties":{"cluster_date":"2024-12-30","cluster_fire_count":3,"total_cluster_frp":23.16,"max_frp":8.09,"cluster_convex_hull_area_km2":0.043,"centroid_lat":25.2373,"centroid_lon":92.3873,"mean_persistence_7d":0.0,"share_forest_shrub":1.0,"share_industrial":0.0,"dominant_land_cover":10,"dominant_class":0,"dominant_label":"Wildfire","is_outbreak_front":false,"is_persistent_cluster":false,"cluster_id":485007}},{"type":"Feature","id":485008,"geometry":{"type":"Polygon","coordinates":[[[94.35023,26.00067],[94.33481,26.01985],[94.33416,26.02336],[94.35023,26.00067]]]},"properties":{"cluster_date":"2024-12-30","cluster_fire_count":3,"total_cluster_frp":12.68,"max_frp":8.48,"cluster_convex_hull_area_km2":0.2224,"centroid_lat":26.0146,"centroid_lon":94.3397,"mean_persistence_7d":0.6667,"share_forest_shrub":1.0,"share_industrial":0.0,"dominant_land_cover":10,"dominant_class":0,"dominant_label":"Wildfire","is_outbreak_front":false,"is_persistent_cluster":false,"cluster_id":485008}},{"type":"Feature","id":485009,"geometry":{"type":"Polygon","coordinates":[[[95.03172,26.45893],[95.0228,26.46093],[95.02163,26.46775],[95.02593,26.46848],[95.03172,26.45893]]]},"properties":{"cluster_date":"2024-12-30","cluster_fire_count":6,"total_cluster_frp":65.48,"max_frp":34.05,"cluster_convex_hull_area_km2":0.5523,"centroid_lat":26.4637,"centroid_lon":95.0252,"mean_persistence_7d":0.5,"share_forest_shrub":1.0,"share_industrial":0.0,"dominant_land_cover":10,"dominant_class":0,"dominant_label":"Wildfire","is_outbreak_front":true,"is_persistent_cluster":false,"cluster_id":485009}},{"type":"Feature","id":485010,"geometry":{"type":"Polygon","coordinates":[[[94.83138,26.60057],[94.83065,26.60398],[94.83335,26.60379],[94.83138,26.60057]]]},"properties":{"cluster_date":"2024-12-30","cluster_fire_count":3,"total_cluster_frp":34.27,"max_frp":16.02,"cluster_convex_hull_area_km2":0.0482,"centroid_lat":26.6028,"centroid_lon":94.8318,"mean_persistence_7d":1.0,"share_forest_shrub":1.0,"share_industrial":0.0,"dominant_land_cover":10,"dominant_class":4,"dominant_label":"Persistent thermal source","is_outbreak_front":false,"is_persistent_cluster":false,"cluster_id":485010}},{"type":"Feature","id":485011,"geometry":{"type":"Polygon","coordinates":[[[94.90837,26.66579],[94.89828,26.66829],[94.90594,26.67678],[94.91602,26.67093],[94.91254,26.66682],[94.90837,26.66579]]]},"properties":{"cluster_date":"2024-12-30","cluster_fire_count":11,"total_cluster_frp":325.09,"max_frp":34.85,"cluster_convex_hull_area_km2":1.1421,"centroid_lat":26.6698,"centroid_lon":94.9067,"mean_persistence_7d":0.0,"share_forest_shrub":1.0,"share_industrial":0.0,"dominant_land_cover":10,"dominant_class":0,"dominant_label":"Wildfire","is_outbreak_front":true,"is_persistent_cluster":false,"cluster_id":485011}},{"type":"Feature","id":485012,"geometry":{"type":"Polygon","coordinates":[[[95.32183,26.89914],[95.31921,26.90137],[95.3232,26.90571],[95.32736,26.91007],[95.3328,26.90786],[95.33348,26.90451],[95.33363,26.90311],[95.32183,26.89914]]]},"properties":{"cluster_date":"2024-12-30","cluster_fire_count":11,"total_cluster_frp":87.49,"max_frp":27.39,"cluster_convex_hull_area_km2":0.9183,"centroid_lat":26.9046,"centroid_lon":95.3267,"mean_persistence_7d":0.0,"share_forest_shrub":1.0,"share_industrial":0.0,"dominant_land_cover":30,"dominant_class":0,"dominant_label":"Wildfire","is_outbreak_front":true,"is_persistent_cluster":false,"cluster_id":485012}},{"type":"Feature","id":485013,"geometry":{"type":"Polygon","coordinates":[[[94.81642,26.82866],[94.82484,26.83804],[94.82498,26.83724],[94.81642,26.82866]]]},"properties":{"cluster_date":"2024-12-30","cluster_fire_count":3,"total_cluster_frp":13.27,"max_frp":6.21,"cluster_convex_hull_area_km2":0.0427,"centroid_lat":26.8346,"centroid_lon":94.8221,"mean_persistence_7d":0.6667,"share_forest_shrub":0.0,"share_industrial":0.0,"dominant_land_cover":40,"dominant_class":1,"dominant_label":"Agricultural burning","is_outbreak_front":false,"is_persistent_cluster":false,"cluster_id":485013}},{"type":"Feature","id":485014,"geometry":{"type":"Polygon","coordinates":[[[95.38355,26.95176],[95.38062,26.95178],[95.37989,26.95513],[95.38126,26.95457],[95.38355,26.95176]]]},"properties":{"cluster_date":"2024-12-30","cluster_fire_count":4,"total_cluster_frp":20.99,"max_frp":9.11,"cluster_convex_hull_area_km2":0.0656,"centroid_lat":26.9533,"centroid_lon":95.3813,"mean_persistence_7d":0.0,"share_forest_shrub":1.0,"share_industrial":0.0,"dominant_land_cover":30,"dominant_class":1,"dominant_label":"Agricultural burning","is_outbreak_front":false,"is_persistent_cluster":false,"cluster_id":485014}},{"type":"Feature","id":485015,"geometry":{"type":"Polygon","coordinates":[[[95.42856,26.97951],[95.42986,27.01525],[95.43453,27.01255],[95.43522,27.0092],[95.43218,26.9845],[95.42856,26.97951]]]},"properties":{"cluster_date":"2024-12-30","cluster_fire_count":9,"total_cluster_frp":106.44,"max_frp":34.17,"cluster_convex_hull_area_km2":1.524,"centroid_lat":27.0021,"centroid_lon":95.4312,"mean_persistence_7d":0.0,"share_forest_shrub":1.0,"share_industrial":0.0,"dominant_land_cover":10,"dominant_class":0,"dominant_label":"Wildfire","is_outbreak_front":true,"is_persistent_cluster":false,"cluster_id":485015}},{"type":"Feature","id":485016,"geometry":{"type":"Polygon","coordinates":[[[95.00857,26.93543],[95.00951,26.9374],[95.01263,26.9361],[95.00857,26.93543]]]},"properties":{"cluster_date":"2024-12-30","cluster_fire_count":3,"total_cluster_frp":11.04,"max_frp":4.78,"cluster_convex_hull_area_km2":0.0391,"centroid_lat":26.9363,"centroid_lon":95.0102,"mean_persistence_7d":0.0,"share_forest_shrub":0.0,"share_industrial":0.0,"dominant_land_cover":40,"dominant_class":1,"dominant_label":"Agricultural burning","is_outbreak_front":false,"is_persistent_cluster":false,"cluster_id":485016}},{"type":"Feature","id":485017,"geometry":{"type":"Polygon","coordinates":[[[95.26644,27.31629],[95.26558,27.31754],[95.26704,27.32003],[95.26704,27.31899],[95.26644,27.31629]]]},"properties":{"cluster_date":"2024-12-30","cluster_fire_count":4,"total_cluster_frp":3.54,"max_frp":1.23,"cluster_convex_hull_area_km2":0.0243,"centroid_lat":27.3182,"centroid_lon":95.2665,"mean_persistence_7d":5.0,"share_forest_shrub":0.0,"share_industrial":1.0,"dominant_land_cover":50,"dominant_class":4,"dominant_label":"Persistent thermal source","is_outbreak_front":false,"is_persistent_cluster":true,"cluster_id":485017}},{"type":"Feature","id":485018,"geometry":{"type":"Polygon","coordinates":[[[95.42497,27.46803],[95.42028,27.4692],[95.42203,27.46975],[95.42459,27.46955],[95.42497,27.46803]]]},"properties":{"cluster_date":"2024-12-30","cluster_fire_count":4,"total_cluster_frp":3.49,"max_frp":1.08,"cluster_convex_hull_area_km2":0.0446,"centroid_lat":27.4691,"centroid_lon":95.423,"mean_persistence_7d":5.0,"share_forest_shrub":0.0,"share_industrial":1.0,"dominant_land_cover":50,"dominant_class":4,"dominant_label":"Persistent thermal source","is_outbreak_front":false,"is_persistent_cluster":true,"cluster_id":485018}},{"type":"Feature","id":485019,"geometry":{"type":"Polygon","coordinates":[[[94.69709,27.48997],[94.69363,27.49072],[94.7005,27.49407],[94.70122,27.49067],[94.69709,27.48997]]]},"properties":{"cluster_date":"2024-12-30","cluster_fire_count":5,"total_cluster_frp":18.35,"max_frp":4.97,"cluster_convex_hull_area_km2":0.1653,"centroid_lat":27.4914,"centroid_lon":94.6982,"mean_persistence_7d":0.2,"share_forest_shrub":1.0,"share_industrial":0.0,"dominant_land_cover":10,"dominant_class":0,"dominant_label":"Wildfire","is_outbreak_front":true,"is_persistent_cluster":false,"cluster_id":485019}},{"type":"Feature","id":485020,"geometry":{"type":"Polygon","coordinates":[[[95.20509,27.90759],[95.20414,27.91092],[95.20452,27.9114],[95.20816,27.91158],[95.21277,27.91116],[95.21039,27.90823],[95.20509,27.90759]]]},"properties":{"cluster_date":"2024-12-30","cluster_fire_count":8,"total_cluster_frp":85.62,"max_frp":16.44,"cluster_convex_hull_area_km2":0.2602,"centroid_lat":27.91,"centroid_lon":95.2077,"mean_persistence_7d":0.0,"share_forest_shrub":1.0,"share_industrial":0.0,"dominant_land_cover":10,"dominant_class":0,"dominant_label":"Wildfire","is_outbreak_front":true,"is_persistent_cluster":false,"cluster_id":485020}},{"type":"Feature","id":485021,"geometry":{"type":"Polygon","coordinates":[[[85.26116,20.7842],[85.25566,20.78468],[85.25088,20.79159],[85.25155,20.79801],[85.25365,20.81077],[85.25745,20.80593],[85.26813,20.7883],[85.26369,20.78468],[85.26116,20.7842]]]},"properties":{"cluster_date":"2024-12-30","cluster_fire_count":20,"total_cluster_frp":42.78,"max_frp":5.95,"cluster_convex_hull_area_km2":2.7603,"centroid_lat":20.7942,"centroid_lon":85.2568,"mean_persistence_7d":5.0,"share_forest_shrub":0.0,"share_industrial":1.0,"dominant_land_cover":50,"dominant_class":4,"dominant_label":"Persistent thermal source","is_outbreak_front":false,"is_persistent_cluster":true,"cluster_id":485021}},{"type":"Feature","id":485022,"geometry":{"type":"Polygon","coordinates":[[[84.995,20.86377],[84.9779,20.88677],[84.97985,20.88791],[84.98436,20.88737],[84.995,20.86377]]]},"properties":{"cluster_date":"2024-12-30","cluster_fire_count":7,"total_cluster_frp":17.18,"max_frp":6.02,"cluster_convex_hull_area_km2":0.9166,"centroid_lat":20.8837,"centroid_lon":84.9834,"mean_persistence_7d":4.0,"share_forest_shrub":0.0,"share_industrial":1.0,"dominant_land_cover":50,"dominant_class":4,"dominant_label":"Persistent thermal source","is_outbreak_front":false,"is_persistent_cluster":true,"cluster_id":485022}},{"type":"Feature","id":485023,"geometry":{"type":"Polygon","coordinates":[[[85.14194,20.95783],[85.12951,20.97814],[85.13008,20.9825],[85.13921,20.98308],[85.17413,20.97304],[85.1913,20.96667],[85.17564,20.96184],[85.17444,20.96148],[85.14194,20.95783]]]},"properties":{"cluster_date":"2024-12-30","cluster_fire_count":31,"total_cluster_frp":53.81,"max_frp":5.24,"cluster_convex_hull_area_km2":9.5779,"centroid_lat":20.9716,"centroid_lon":85.1562,"mean_persistence_7d":4.1613,"share_forest_shrub":0.0,"share_industrial":1.0,"dominant_land_cover":50,"dominant_class":4,"dominant_label":"Persistent thermal source","is_outbreak_front":false,"is_persistent_cluster":true,"cluster_id":485023}},{"type":"Feature","id":485024,"geometry":{"type":"Polygon","coordinates":[[[85.04176,21.07278],[85.03321,21.07826],[85.03382,21.08265],[85.03834,21.08211],[85.04205,21.07842],[85.04232,21.07717],[85.04176,21.07278]]]},"properties":{"cluster_date":"2024-12-30","cluster_fire_count":13,"total_cluster_frp":29.29,"max_frp":8.2,"cluster_convex_hull_area_km2":0.5827,"centroid_lat":21.0783,"centroid_lon":85.0382,"mean_persistence_7d":5.0,"share_forest_shrub":1.0,"share_industrial":0.0,"dominant_land_cover":10,"dominant_class":4,"dominant_label":"Persistent thermal source","is_outbreak_front":false,"is_persistent_cluster":false,"cluster_id":485024}},{"type":"Feature","id":485025,"geometry":{"type":"Polygon","coordinates":[[[87.2716,21.75943],[87.26597,21.78641],[87.28202,21.76134],[87.2716,21.75943]]]},"properties":{"cluster_date":"2024-12-30","cluster_fire_count":4,"total_cluster_frp":18.84,"max_frp":6.22,"cluster_convex_hull_area_km2":1.6094,"centroid_lat":21.7676,"centroid_lon":87.2726,"mean_persistence_7d":0.75,"share_forest_shrub":1.0,"share_industrial":0.0,"dominant_land_cover":30,"dominant_class":1,"dominant_label":"Agricultural burning","is_outbreak_front":false,"is_persistent_cluster":false,"cluster_id":485025}},{"type":"Feature","id":485026,"geometry":{"type":"Polygon","coordinates":[[[82.03049,20.95733],[82.03201,20.95896],[82.03426,20.95814],[82.03049,20.95733]]]},"properties":{"cluster_date":"2024-12-30","cluster_fire_count":3,"total_cluster_frp":22.71,"max_frp":7.62,"cluster_convex_hull_area_km2":0.0273,"centroid_lat":20.9581,"centroid_lon":82.0323,"mean_persistence_7d":0.0,"share_forest_shrub":1.0,"share_industrial":0.0,"dominant_land_cover":10,"dominant_class":0,"dominant_label":"Wildfire","is_outbreak_front":false,"is_persistent_cluster":false,"cluster_id":485026}},{"type":"Feature","id":485027,"geometry":{"type":"Polygon","coordinates":[[[83.62921,21.41846],[83.63271,21.42174],[83.63505,21.41965],[83.62921,21.41846]]]},"properties":{"cluster_date":"2024-12-30","cluster_fire_count":3,"total_cluster_frp":29.34,"max_frp":11.42,"cluster_convex_hull_area_km2":0.0829,"centroid_lat":21.42,"centroid_lon":83.6323,"mean_persistence_7d":0.0,"share_forest_shrub":1.0,"share_industrial":0.0,"dominant_land_cover":30,"dominant_class":1,"dominant_label":"Agricultural burning","is_outbreak_front":false,"is_persistent_cluster":false,"cluster_id":485027}},{"type":"Feature","id":485028,"geometry":{"type":"Polygon","coordinates":[[[82.0813,21.1343],[82.08108,21.13583],[82.08075,21.13946],[82.08481,21.13665],[82.0813,21.1343]]]},"properties":{"cluster_date":"2024-12-30","cluster_fire_count":4,"total_cluster_frp":31.06,"max_frp":9.02,"cluster_convex_hull_area_km2":0.1092,"centroid_lat":21.1366,"centroid_lon":82.082,"mean_persistence_7d":0.0,"share_forest_shrub":1.0,"share_industrial":0.0,"dominant_land_cover":10,"dominant_class":0,"dominant_label":"Wildfire","is_outbreak_front":false,"is_persistent_cluster":false,"cluster_id":485028}},{"type":"Feature","id":485029,"geometry":{"type":"Polygon","coordinates":[[[81.97536,21.21076],[81.97459,21.2119],[81.9738,21.2139],[81.97536,21.21076]]]},"properties":{"cluster_date":"2024-12-30","cluster_fire_count":3,"total_cluster_frp":13.91,"max_frp":5.27,"cluster_convex_hull_area_km2":0.0035,"centroid_lat":21.2122,"centroid_lon":81.9746,"mean_persistence_7d":0.0,"share_forest_shrub":1.0,"share_industrial":0.0,"dominant_land_cover":10,"dominant_class":0,"dominant_label":"Wildfire","is_outbreak_front":false,"is_persistent_cluster":false,"cluster_id":485029}},{"type":"Feature","id":485030,"geometry":{"type":"Polygon","coordinates":[[[87.29982,22.36311],[87.2507,22.37952],[87.27538,22.37805],[87.28062,22.37739],[87.30098,22.37086],[87.30149,22.36514],[87.29982,22.36311]]]},"properties":{"cluster_date":"2024-12-30","cluster_fire_count":8,"total_cluster_frp":21.29,"max_frp":5.18,"cluster_convex_hull_area_km2":3.1317,"centroid_lat":22.3711,"centroid_lon":87.2886,"mean_persistence_7d":5.375,"share_forest_shrub":0.875,"share_industrial":0.125,"dominant_land_cover":30,"dominant_class":4,"dominant_label":"Persistent thermal source","is_outbreak_front":false,"is_persistent_cluster":false,"cluster_id":485030}},{"type":"Feature","id":485031,"geometry":{"type":"Polygon","coordinates":[[[83.40096,21.66028],[83.3989,21.66293],[83.39986,21.67158],[83.41721,21.66181],[83.40096,21.66028]]]},"properties":{"cluster_date":"2024-12-30","cluster_fire_count":7,"total_cluster_frp":81.73,"max_frp":16.6,"cluster_convex_hull_area_km2":1.135,"centroid_lat":21.665,"centroid_lon":83.4026,"mean_persistence_7d":0.1429,"share_forest_shrub":1.0,"share_industrial":0.0,"dominant_land_cover":30,"dominant_class":1,"dominant_label":"Agricultural burning","is_outbreak_front":true,"is_persistent_cluster":false,"cluster_id":485031}},{"type":"Feature","id":485032,"geometry":{"type":"Polygon","coordinates":[[[83.09877,21.6001],[83.09759,21.60508],[83.10224,21.60382],[83.09877,21.6001]]]},"properties":{"cluster_date":"2024-12-30","cluster_fire_count":3,"total_cluster_frp":11.27,"max_frp":4.05,"cluster_convex_hull_area_km2":0.1196,"centroid_lat":21.603,"centroid_lon":83.0995,"mean_persistence_7d":0.0,"share_forest_shrub":1.0,"share_industrial":0.0,"dominant_land_cover":10,"dominant_class":0,"dominant_label":"Wildfire","is_outbreak_front":false,"is_persistent_cluster":false,"cluster_id":485032}},{"type":"Feature","id":485033,"geometry":{"type":"Polygon","coordinates":[[[83.29257,21.69238],[83.29145,21.6932],[83.28915,21.70304],[83.29257,21.69238]]]},"properties":{"cluster_date":"2024-12-30","cluster_fire_count":3,"total_cluster_frp":7.65,"max_frp":2.75,"cluster_convex_hull_area_km2":0.0504,"centroid_lat":21.6962,"centroid_lon":83.2911,"mean_persistence_7d":1.3333,"share_forest_shrub":1.0,"share_industrial":0.0,"dominant_land_cover":10,"dominant_class":0,"dominant_label":"Wildfire","is_outbreak_front":false,"is_persistent_cluster":false,"cluster_id":485033}},{"type":"Feature","id":485034,"geometry":{"type":"Polygon","coordinates":[[[82.18348,21.48286],[82.18288,21.48807],[82.18483,21.48663],[82.18685,21.48319],[82.18348,21.48286]]]},"properties":{"cluster_date":"2024-12-30","cluster_fire_count":4,"total_cluster_frp":21.21,"max_frp":7.14,"cluster_convex_hull_area_km2":0.1191,"centroid_lat":21.4852,"centroid_lon":82.1845,"mean_persistence_7d":0.0,"share_forest_shrub":1.0,"share_industrial":0.0,"dominant_land_cover":10,"dominant_class":0,"dominant_label":"Wildfire","is_outbreak_front":false,"is_persistent_cluster":false,"cluster_id":485034}},{"type":"Feature","id":485035,"geometry":{"type":"Polygon","coordinates":[[[82.76588,21.76433],[82.75137,21.77072],[82.75039,21.77173],[82.74997,21.78764],[82.7653,21.83637],[82.77197,21.78161],[82.76588,21.76433]]]},"properties":{"cluster_date":"2024-12-30","cluster_fire_count":15,"total_cluster_frp":55.25,"max_frp":9.31,"cluster_convex_hull_area_km2":10.1059,"centroid_lat":21.792,"centroid_lon":82.7606,"mean_persistence_7d":1.4667,"share_forest_shrub":1.0,"share_industrial":0.0,"dominant_land_cover":10,"dominant_class":0,"dominant_label":"Wildfire","is_outbreak_front":false,"is_persistent_cluster":false,"cluster_id":485035}},{"type":"Feature","id":485036,"geometry":{"type":"Polygon","coordinates":[[[86.20377,22.78513],[86.19684,22.79046],[86.20698,22.79751],[86.20524,22.7907],[86.20377,22.78513]]]},"properties":{"cluster_date":"2024-12-30","cluster_fire_count":4,"total_cluster_frp":9.38,"max_frp":2.71,"cluster_convex_hull_area_km2":0.5645,"centroid_lat":22.7909,"centroid_lon":86.2032,"mean_persistence_7d":6.25,"share_forest_shrub":0.0,"share_industrial":1.0,"dominant_land_cover":50,"dominant_class":4,"dominant_label":"Persistent thermal source","is_outbreak_front":false,"is_persistent_cluster":true,"cluster_id":485036}},{"type":"Feature","id":485037,"geometry":{"type":"Polygon","coordinates":[[[87.60779,23.32326],[87.63013,23.34313],[87.62943,23.33865],[87.60779,23.32326]]]},"properties":{"cluster_date":"2024-12-30","cluster_fire_count":3,"total_cluster_frp":12.61,"max_frp":7.07,"cluster_convex_hull_area_km2":0.4693,"centroid_lat":23.335,"centroid_lon":87.6225,"mean_persistence_7d":1.6667,"share_forest_shrub":1.0,"share_industrial":0.0,"dominant_land_cover":30,"dominant_class":1,"dominant_label":"Agricultural burning","is_outbreak_front":false,"is_persistent_cluster":false,"cluster_id":485037}},{"type":"Feature","id":485038,"geometry":{"type":"Polygon","coordinates":[[[82.29491,22.35236],[82.29127,22.35303],[82.29126,22.35475],[82.29224,22.35599],[82.29984,22.36302],[82.30679,22.35825],[82.30225,22.35383],[82.29491,22.35236]]]},"properties":{"cluster_date":"2024-12-30","cluster_fire_count":14,"total_cluster_frp":36.68,"max_frp":5.31,"cluster_convex_hull_area_km2":1.0034,"centroid_lat":22.3562,"centroid_lon":82.2984,"mean_persistence_7d":6.5714,"share_forest_shrub":1.0,"share_industrial":0.0,"dominant_land_cover":10,"dominant_class":4,"dominant_label":"Persistent thermal source","is_outbreak_front":false,"is_persistent_cluster":false,"cluster_id":485038}},{"type":"Feature","id":485039,"geometry":{"type":"Polygon","coordinates":[[[87.45621,23.69307],[87.43704,23.6989],[87.43853,23.7053],[87.45621,23.69307]]]},"properties":{"cluster_date":"2024-12-30","cluster_fire_count":3,"total_cluster_frp":11.22,"max_frp":6.32,"cluster_convex_hull_area_km2":0.7134,"centroid_lat":23.6991,"centroid_lon":87.4439,"mean_persistence_7d":1.3333,"share_forest_shrub":1.0,"share_industrial":0.0,"dominant_land_cover":30,"dominant_class":1,"dominant_label":"Agricultural burning","is_outbreak_front":false,"is_persistent_cluster":false,"cluster_id":485039}},{"type":"Feature","id":485040,"geometry":{"type":"Polygon","coordinates":[[[86.3947,23.67756],[86.3876,23.68686],[86.38824,23.69102],[86.38895,23.69246],[86.39339,23.68641],[86.39535,23.68171],[86.3947,23.67756]]]},"properties":{"cluster_date":"2024-12-30","cluster_fire_count":11,"total_cluster_frp":36.77,"max_frp":9.31,"cluster_convex_hull_area_km2":0.5263,"centroid_lat":23.686,"centroid_lon":86.3911,"mean_persistence_7d":7.0,"share_forest_shrub":0.0,"share_industrial":1.0,"dominant_land_cover":50,"dominant_class":4,"dominant_label":"Persistent thermal source","is_outbreak_front":false,"is_persistent_cluster":true,"cluster_id":485040}},{"type":"Feature","id":485041,"geometry":{"type":"Polygon","coordinates":[[[86.09058,23.66997],[86.07022,23.6809],[86.08858,23.68744],[86.0966,23.68222],[86.09058,23.66997]]]},"properties":{"cluster_date":"2024-12-30","cluster_fire_count":10,"total_cluster_frp":15.3,"max_frp":3.21,"cluster_convex_hull_area_km2":2.5172,"centroid_lat":23.6802,"centroid_lon":86.0876,"mean_persistence_7d":6.1,"share_forest_shrub":0.0,"share_industrial":1.0,"dominant_land_cover":50,"dominant_class":4,"dominant_label":"Persistent thermal source","is_outbreak_front":false,"is_persistent_cluster":true,"cluster_id":485041}},{"type":"Feature","id":485042,"geometry":{"type":"Polygon","coordinates":[[[85.56711,23.78279],[85.55292,23.78661],[85.55179,23.78753],[85.56317,23.78662],[85.56779,23.7861],[85.56799,23.78298],[85.56711,23.78279]]]},"properties":{"cluster_date":"2024-12-30","cluster_fire_count":7,"total_cluster_frp":11.71,"max_frp":3.16,"cluster_convex_hull_area_km2":0.3645,"centroid_lat":23.7852,"centroid_lon":85.5625,"mean_persistence_7d":5.4286,"share_forest_shrub":1.0,"share_industrial":0.0,"dominant_land_cover":10,"dominant_class":4,"dominant_label":"Persistent thermal source","is_outbreak_front":false,"is_persistent_cluster":false,"cluster_id":485042}},{"type":"Feature","id":485043,"geometry":{"type":"Polygon","coordinates":[[[82.34196,23.16397],[82.33532,23.16543],[82.33265,23.16751],[82.34309,23.16906],[82.34267,23.1662],[82.34196,23.16397]]]},"properties":{"cluster_date":"2024-12-30","cluster_fire_count":10,"total_cluster_frp":22.39,"max_frp":3.81,"cluster_convex_hull_area_km2":0.3402,"centroid_lat":23.1666,"centroid_lon":82.3391,"mean_persistence_7d":7.0,"share_forest_shrub":1.0,"share_industrial":0.0,"dominant_land_cover":10,"dominant_class":4,"dominant_label":"Persistent thermal source","is_outbreak_front":false,"is_persistent_cluster":false,"cluster_id":485043}},{"type":"Feature","id":485044,"geometry":{"type":"Polygon","coordinates":[[[76.36829,10.82259],[76.36369,10.82413],[76.36774,10.82592],[76.36829,10.82259]]]},"properties":{"cluster_date":"2024-12-30","cluster_fire_count":3,"total_cluster_frp":36.3,"max_frp":26.82,"cluster_convex_hull_area_km2":0.0886,"centroid_lat":10.8242,"centroid_lon":76.3666,"mean_persistence_7d":0.0,"share_forest_shrub":1.0,"share_industrial":0.0,"dominant_land_cover":10,"dominant_class":0,"dominant_label":"Wildfire","is_outbreak_front":false,"is_persistent_cluster":false,"cluster_id":485044}},{"type":"Feature","id":485045,"geometry":{"type":"Polygon","coordinates":[[[74.78745,13.32571],[74.78693,13.32903],[74.79098,13.32625],[74.78745,13.32571]]]},"properties":{"cluster_date":"2024-12-30","cluster_fire_count":3,"total_cluster_frp":22.75,"max_frp":8.62,"cluster_convex_hull_area_km2":0.0715,"centroid_lat":13.327,"centroid_lon":74.7885,"mean_persistence_7d":0.0,"share_forest_shrub":1.0,"share_industrial":0.0,"dominant_land_cover":30,"dominant_class":1,"dominant_label":"Agricultural burning","is_outbreak_front":false,"is_persistent_cluster":false,"cluster_id":485045}},{"type":"Feature","id":485046,"geometry":{"type":"Polygon","coordinates":[[[76.08183,14.16052],[76.08012,14.16249],[76.08132,14.16389],[76.08183,14.16052]]]},"properties":{"cluster_date":"2024-12-30","cluster_fire_count":3,"total_cluster_frp":13.53,"max_frp":7.0,"cluster_convex_hull_area_km2":0.0281,"centroid_lat":14.1623,"centroid_lon":76.0811,"mean_persistence_7d":0.0,"share_forest_shrub":1.0,"share_industrial":0.0,"dominant_land_cover":30,"dominant_class":1,"dominant_label":"Agricultural burning","is_outbreak_front":false,"is_persistent_cluster":false,"cluster_id":485046}},{"type":"Feature","id":485047,"geometry":{"type":"Polygon","coordinates":[[[77.0429,14.83123],[77.04134,14.83453],[77.0458,14.85056],[77.0429,14.83123]]]},"properties":{"cluster_date":"2024-12-30","cluster_fire_count":4,"total_cluster_frp":22.57,"max_frp":7.75,"cluster_convex_hull_area_km2":0.2332,"centroid_lat":14.8374,"centroid_lon":77.043,"mean_persistence_7d":0.0,"share_forest_shrub":1.0,"share_industrial":0.0,"dominant_land_cover":30,"dominant_class":1,"dominant_label":"Agricultural burning","is_outbreak_front":false,"is_persistent_cluster":false,"cluster_id":485047}},{"type":"Feature","id":485048,"geometry":{"type":"Polygon","coordinates":[[[76.02274,14.70925],[76.00742,14.71047],[76.02644,14.70978],[76.02274,14.70925]]]},"properties":{"cluster_date":"2024-12-30","cluster_fire_count":3,"total_cluster_frp":14.47,"max_frp":5.97,"cluster_convex_hull_area_km2":0.0743,"centroid_lat":14.7098,"centroid_lon":76.0189,"mean_persistence_7d":0.0,"share_forest_shrub":1.0,"share_industrial":0.0,"dominant_land_cover":30,"dominant_class":1,"dominant_label":"Agricultural burning","is_outbreak_front":false,"is_persistent_cluster":false,"cluster_id":485048}},{"type":"Feature","id":485049,"geometry":{"type":"Polygon","coordinates":[[[75.76895,14.74771],[75.76827,14.74804],[75.76841,14.75106],[75.76895,14.74771]]]},"properties":{"cluster_date":"2024-12-30","cluster_fire_count":3,"total_cluster_frp":22.15,"max_frp":7.79,"cluster_convex_hull_area_km2":0.0123,"centroid_lat":14.7489,"centroid_lon":75.7685,"mean_persistence_7d":0.0,"share_forest_shrub":1.0,"share_industrial":0.0,"dominant_land_cover":30,"dominant_class":1,"dominant_label":"Agricultural burning","is_outbreak_front":false,"is_persistent_cluster":false,"cluster_id":485049}},{"type":"Feature","id":485050,"geometry":{"type":"Polygon","coordinates":[[[76.65456,15.17449],[76.65066,15.1753],[76.64455,15.18249],[76.65705,15.18681],[76.67186,15.18725],[76.67539,15.17921],[76.65456,15.17449]]]},"properties":{"cluster_date":"2024-12-30","cluster_fire_count":24,"total_cluster_frp":61.53,"max_frp":4.64,"cluster_convex_hull_area_km2":3.111,"centroid_lat":15.1804,"centroid_lon":76.6608,"mean_persistence_7d":5.7917,"share_forest_shrub":0.0,"share_industrial":1.0,"dominant_land_cover":50,"dominant_class":4,"dominant_label":"Persistent thermal source","is_outbreak_front":false,"is_persistent_cluster":true,"cluster_id":485050}},{"type":"Feature","id":485051,"geometry":{"type":"Polygon","coordinates":[[[76.68105,15.50426],[76.65538,15.51474],[76.67632,15.53733],[76.68182,15.50552],[76.68105,15.50426]]]},"properties":{"cluster_date":"2024-12-30","cluster_fire_count":5,"total_cluster_frp":11.07,"max_frp":3.47,"cluster_convex_hull_area_km2":4.8437,"centroid_lat":15.5152,"centroid_lon":76.674,"mean_persistence_7d":0.2,"share_forest_shrub":1.0,"share_industrial":0.0,"dominant_land_cover":30,"dominant_class":1,"dominant_label":"Agricultural burning","is_outbreak_front":true,"is_persistent_cluster":false,"cluster_id":485051}},{"type":"Feature","id":485052,"geometry":{"type":"Polygon","coordinates":[[[78.59438,15.94264],[78.59557,15.94636],[78.59846,15.94306],[78.59438,15.94264]]]},"properties":{"cluster_date":"2024-12-30","cluster_fire_count":3,"total_cluster_frp":22.83,"max_frp":9.47,"cluster_convex_hull_area_km2":0.0852,"centroid_lat":15.944,"centroid_lon":78.5961,"mean_persistence_7d":0.0,"share_forest_shrub":1.0,"share_industrial":0.0,"dominant_land_cover":30,"dominant_class":1,"dominant_label":"Agricultural burning","is_outbreak_front":false,"is_persistent_cluster":false,"cluster_id":485052}},{"type":"Feature","id":485053,"geometry":{"type":"Polygon","coordinates":[[[80.52308,16.28196],[80.51818,16.28579],[80.52,16.2876],[80.52308,16.28196]]]},"properties":{"cluster_date":"2024-12-30","cluster_fire_count":3,"total_cluster_frp":15.83,"max_frp":9.99,"cluster_convex_hull_area_km2":0.0917,"centroid_lat":16.2851,"centroid_lon":80.5204,"mean_persistence_7d":1.0,"share_forest_shrub":0.0,"share_industrial":0.0,"dominant_land_cover":40,"dominant_class":1,"dominant_label":"Agricultural burning","is_outbreak_front":false,"is_persistent_cluster":false,"cluster_id":485053}},{"type":"Feature","id":485054,"geometry":{"type":"Polygon","coordinates":[[[73.63669,16.7548],[73.63467,16.75561],[73.63414,16.75893],[73.63669,16.7548]]]},"properties":{"cluster_date":"2024-12-30","cluster_fire_count":3,"total_cluster_frp":12.69,"max_frp":7.65,"cluster_convex_hull_area_km2":0.0362,"centroid_lat":16.7564,"centroid_lon":73.6352,"mean_persistence_7d":0.0,"share_forest_shrub":1.0,"share_industrial":0.0,"dominant_land_cover":10,"dominant_class":0,"dominant_label":"Wildfire","is_outbreak_front":false,"is_persistent_cluster":false,"cluster_id":485054}},{"type":"Feature","id":485055,"geometry":{"type":"Polygon","coordinates":[[[78.60739,17.50804],[78.60905,17.50921],[78.60913,17.50825],[78.60739,17.50804]]]},"properties":{"cluster_date":"2024-12-30","cluster_fire_count":3,"total_cluster_frp":18.73,"max_frp":11.09,"cluster_convex_hull_area_km2":0.0097,"centroid_lat":17.5085,"centroid_lon":78.6085,"mean_persistence_7d":0.0,"share_forest_shrub":1.0,"share_industrial":0.0,"dominant_land_cover":30,"dominant_class":1,"dominant_label":"Agricultural burning","is_outbreak_front":false,"is_persistent_cluster":false,"cluster_id":485055}},{"type":"Feature","id":485056,"geometry":{"type":"Polygon","coordinates":[[[78.17262,17.56495],[78.17144,17.56785],[78.17635,17.56847],[78.17668,17.56537],[78.17262,17.56495]]]},"properties":{"cluster_date":"2024-12-30","cluster_fire_count":5,"total_cluster_frp":23.28,"max_frp":6.97,"cluster_convex_hull_area_km2":0.1584,"centroid_lat":17.5665,"centroid_lon":78.1744,"mean_persistence_7d":0.0,"share_forest_shrub":1.0,"share_industrial":0.0,"dominant_land_cover":30,"dominant_class":1,"dominant_label":"Agricultural burning","is_outbreak_front":true,"is_persistent_cluster":false,"cluster_id":485056}},{"type":"Feature","id":485057,"geometry":{"type":"Polygon","coordinates":[[[80.78529,17.95721],[80.78182,17.96137],[80.78505,17.96071],[80.78529,17.95721]]]},"properties":{"cluster_date":"2024-12-30","cluster_fire_count":4,"total_cluster_frp":7.73,"max_frp":3.49,"cluster_convex_hull_area_km2":0.0635,"centroid_lat":17.9599,"centroid_lon":80.7842,"mean_persistence_7d":6.0,"share_forest_shrub":1.0,"share_industrial":0.0,"dominant_land_cover":30,"dominant_class":4,"dominant_label":"Persistent thermal source","is_outbreak_front":false,"is_persistent_cluster":false,"cluster_id":485057}},{"type":"Feature","id":485058,"geometry":{"type":"Polygon","coordinates":[[[76.39834,17.41578],[76.398,17.42097],[76.4052,17.41671],[76.39834,17.41578]]]},"properties":{"cluster_date":"2024-12-30","cluster_fire_count":4,"total_cluster_frp":12.78,"max_frp":5.1,"cluster_convex_hull_area_km2":0.2057,"centroid_lat":17.4184,"centroid_lon":76.4001,"mean_persistence_7d":0.0,"share_forest_shrub":1.0,"share_industrial":0.0,"dominant_land_cover":30,"dominant_class":1,"dominant_label":"Agricultural burning","is_outbreak_front":false,"is_persistent_cluster":false,"cluster_id":485058}},{"type":"Feature","id":485059,"geometry":{"type":"Polygon","coordinates":[[[76.32626,17.46323],[76.3221,17.46506],[76.32611,17.46562],[76.33013,17.46618],[76.32935,17.46357],[76.32626,17.46323]]]},"properties":{"cluster_date":"2024-12-30","cluster_fire_count":5,"total_cluster_frp":25.36,"max_frp":6.88,"cluster_convex_hull_area_km2":0.1555,"centroid_lat":17.4647,"centroid_lon":76.3268,"mean_persistence_7d":0.0,"share_forest_shrub":1.0,"share_industrial":0.0,"dominant_land_cover":30,"dominant_class":1,"dominant_label":"Agricultural burning","is_outbreak_front":true,"is_persistent_cluster":false,"cluster_id":485059}},{"type":"Feature","id":485060,"geometry":{"type":"Polygon","coordinates":[[[77.00893,17.5591],[77.00668,17.56677],[77.00612,17.57035],[77.00738,17.5696],[77.00893,17.5591]]]},"properties":{"cluster_date":"2024-12-30","cluster_fire_count":5,"total_cluster_frp":20.53,"max_frp":6.17,"cluster_convex_hull_area_km2":0.0905,"centroid_lat":17.566,"centroid_lon":77.0074,"mean_persistence_7d":0.2,"share_forest_shrub":1.0,"share_industrial":0.0,"dominant_land_cover":30,"dominant_class":1,"dominant_label":"Agricultural burning","is_outbreak_front":true,"is_persistent_cluster":false,"cluster_id":485060}},{"type":"Feature","id":485061,"geometry":{"type":"Polygon","coordinates":[[[79.53635,18.72219],[79.53651,18.72278],[79.53828,18.72257],[79.53635,18.72219]]]},"properties":{"cluster_date":"2024-12-30","cluster_fire_count":3,"total_cluster_frp":8.72,"max_frp":3.76,"cluster_convex_hull_area_km2":0.0061,"centroid_lat":18.7225,"centroid_lon":79.537,"mean_persistence_7d":4.0,"share_forest_shrub":1.0,"share_industrial":0.0,"dominant_land_cover":10,"dominant_class":4,"dominant_label":"Persistent thermal source","is_outbreak_front":false,"is_persistent_cluster":false,"cluster_id":485061}},{"type":"Feature","id":485062,"geometry":{"type":"Polygon","coordinates":[[[82.16943,19.09375],[82.165,19.09774],[82.16235,19.10326],[82.16561,19.10292],[82.16887,19.10257],[82.16943,19.09375]]]},"properties":{"cluster_date":"2024-12-30","cluster_fire_count":5,"total_cluster_frp":7.93,"max_frp":3.91,"cluster_convex_hull_area_km2":0.4006,"centroid_lat":19.1,"centroid_lon":82.1663,"mean_persistence_7d":4.8,"share_forest_shrub":1.0,"share_industrial":0.0,"dominant_land_cover":10,"dominant_class":4,"dominant_label":"Persistent thermal source","is_outbreak_front":false,"is_persistent_cluster":false,"cluster_id":485062}},{"type":"Feature","id":485063,"geometry":{"type":"Polygon","coordinates":[[[74.80313,18.25379],[74.78197,18.26778],[74.78145,18.27112],[74.80313,18.25379]]]},"properties":{"cluster_date":"2024-12-30","cluster_fire_count":3,"total_cluster_frp":8.09,"max_frp":3.08,"cluster_convex_hull_area_km2":0.3603,"centroid_lat":18.2642,"centroid_lon":74.7889,"mean_persistence_7d":0.6667,"share_forest_shrub":1.0,"share_industrial":0.0,"dominant_land_cover":30,"dominant_class":1,"dominant_label":"Agricultural burning","is_outbreak_front":false,"is_persistent_cluster":false,"cluster_id":485063}},{"type":"Feature","id":485064,"geometry":{"type":"Polygon","coordinates":[[[77.30777,19.38999],[77.28342,19.40322],[77.30894,19.39137],[77.30777,19.38999]]]},"properties":{"cluster_date":"2024-12-30","cluster_fire_count":3,"total_cluster_frp":12.34,"max_frp":4.91,"cluster_convex_hull_area_km2":0.2761,"centroid_lat":19.3949,"centroid_lon":77.3,"mean_persistence_7d":0.0,"share_forest_shrub":1.0,"share_industrial":0.0,"dominant_land_cover":30,"dominant_class":1,"dominant_label":"Agricultural burning","is_outbreak_front":false,"is_persistent_cluster":false,"cluster_id":485064}},{"type":"Feature","id":485065,"geometry":{"type":"Polygon","coordinates":[[[86.04774,20.94995],[86.00238,20.9682],[86.00117,20.97007],[86.0096,20.99932],[86.02592,21.00153],[86.05006,20.96638],[86.04834,20.95406],[86.04774,20.94995]]]},"properties":{"cluster_date":"2024-12-30","cluster_fire_count":21,"total_cluster_frp":48.37,"max_frp":6.29,"cluster_convex_hull_area_km2":16.444,"centroid_lat":20.9773,"centroid_lon":86.0191,"mean_persistence_7d":4.2381,"share_forest_shrub":1.0,"share_industrial":0.0,"dominant_land_cover":10,"dominant_class":4,"dominant_label":"Persistent thermal source","is_outbreak_front":false,"is_persistent_cluster":false,"cluster_id":485065}},{"type":"Feature","id":485066,"geometry":{"type":"Polygon","coordinates":[[[82.10344,21.20441],[82.10286,21.20959],[82.10612,21.20992],[82.1067,21.20475],[82.10344,21.20441]]]},"properties":{"cluster_date":"2024-12-30","cluster_fire_count":4,"total_cluster_frp":44.86,"max_frp":18.87,"cluster_convex_hull_area_km2":0.189,"centroid_lat":21.2072,"centroid_lon":82.1048,"mean_persistence_7d":1.0,"share_forest_shrub":1.0,"share_industrial":0.0,"dominant_land_cover":10,"dominant_class":0,"dominant_label":"Wildfire","is_outbreak_front":false,"is_persistent_cluster":false,"cluster_id":485066}},{"type":"Feature","id":485067,"geometry":{"type":"Polygon","coordinates":[[[84.03395,21.67684],[84.03374,21.68097],[84.0424,21.68298],[84.04085,21.67723],[84.03395,21.67684]]]},"properties":{"cluster_date":"2024-12-30","cluster_fire_count":8,"total_cluster_frp":18.29,"max_frp":3.87,"cluster_convex_hull_area_km2":0.4153,"centroid_lat":21.6791,"centroid_lon":84.0377,"mean_persistence_7d":5.0,"share_forest_shrub":0.0,"share_industrial":1.0,"dominant_land_cover":50,"dominant_class":4,"dominant_label":"Persistent thermal source","is_outbreak_front":false,"is_persistent_cluster":true,"cluster_id":485067}},{"type":"Feature","id":485068,"geometry":{"type":"Polygon","coordinates":[[[83.36101,21.65081],[83.36085,21.65412],[83.36504,21.65119],[83.36101,21.65081]]]},"properties":{"cluster_date":"2024-12-30","cluster_fire_count":3,"total_cluster_frp":15.68,"max_frp":6.28,"cluster_convex_hull_area_km2":0.074,"centroid_lat":21.652,"centroid_lon":83.3623,"mean_persistence_7d":2.0,"share_forest_shrub":1.0,"share_industrial":0.0,"dominant_land_cover":30,"dominant_class":1,"dominant_label":"Agricultural burning","is_outbreak_front":false,"is_persistent_cluster":false,"cluster_id":485068}},{"type":"Feature","id":485069,"geometry":{"type":"Polygon","coordinates":[[[81.76507,21.48615],[81.75884,21.49204],[81.77055,21.488],[81.76507,21.48615]]]},"properties":{"cluster_date":"2024-12-30","cluster_fire_count":3,"total_cluster_frp":4.22,"max_frp":1.65,"cluster_convex_hull_area_km2":0.2421,"centroid_lat":21.4887,"centroid_lon":81.7648,"mean_persistence_7d":5.3333,"share_forest_shrub":1.0,"share_industrial":0.0,"dominant_land_cover":10,"dominant_class":4,"dominant_label":"Persistent thermal source","is_outbreak_front":false,"is_persistent_cluster":false,"cluster_id":485069}},{"type":"Feature","id":485070,"geometry":{"type":"Polygon","coordinates":[[[84.02392,21.75428],[84.02147,21.7543],[84.02068,21.75477],[84.00347,21.78015],[84.02,21.77015],[84.02543,21.76002],[84.02392,21.75428]]]},"properties":{"cluster_date":"2024-12-30","cluster_fire_count":12,"total_cluster_frp":26.4,"max_frp":3.26,"cluster_convex_hull_area_km2":1.8995,"centroid_lat":21.7626,"centroid_lon":84.0195,"mean_persistence_7d":4.25,"share_forest_shrub":0.0,"share_industrial":1.0,"dominant_land_cover":50,"dominant_class":4,"dominant_label":"Persistent thermal source","is_outbreak_front":false,"is_persistent_cluster":true,"cluster_id":485070}},{"type":"Feature","id":485071,"geometry":{"type":"Polygon","coordinates":[[[83.24098,21.95952],[83.22752,21.9843],[83.23126,21.98699],[83.245,21.95987],[83.24098,21.95952]]]},"properties":{"cluster_date":"2024-12-30","cluster_fire_count":6,"total_cluster_frp":20.06,"max_frp":6.96,"cluster_convex_hull_area_km2":1.3361,"centroid_lat":21.9728,"centroid_lon":83.2362,"mean_persistence_7d":3.5,"share_forest_shrub":1.0,"share_industrial":0.0,"dominant_land_cover":10,"dominant_class":0,"dominant_label":"Wildfire","is_outbreak_front":false,"is_persistent_cluster":false,"cluster_id":485071}},{"type":"Feature","id":485072,"geometry":{"type":"Polygon","coordinates":[[[83.73708,22.0391],[83.72882,22.04102],[83.72746,22.04499],[83.73038,22.04661],[83.73869,22.04468],[83.73995,22.04218],[83.73708,22.0391]]]},"properties":{"cluster_date":"2024-12-30","cluster_fire_count":16,"total_cluster_frp":97.37,"max_frp":15.83,"cluster_convex_hull_area_km2":0.6794,"centroid_lat":22.0429,"centroid_lon":83.7336,"mean_persistence_7d":7.0,"share_forest_shrub":1.0,"share_industrial":0.0,"dominant_land_cover":30,"dominant_class":4,"dominant_label":"Persistent thermal source","is_outbreak_front":false,"is_persistent_cluster":false,"cluster_id":485072}},{"type":"Feature","id":485073,"geometry":{"type":"Polygon","coordinates":[[[84.77238,22.20925],[84.75294,22.22067],[84.74854,22.22576],[84.75388,22.22646],[84.77238,22.20925]]]},"properties":{"cluster_date":"2024-12-30","cluster_fire_count":6,"total_cluster_frp":11.52,"max_frp":2.7,"cluster_convex_hull_area_km2":0.8436,"centroid_lat":22.2205,"centroid_lon":84.7566,"mean_persistence_7d":4.1667,"share_forest_shrub":1.0,"share_industrial":0.0,"dominant_land_cover":10,"dominant_class":4,"dominant_label":"Persistent thermal source","is_outbreak_front":false,"is_persistent_cluster":false,"cluster_id":485073}},{"type":"Feature","id":485074,"geometry":{"type":"Polygon","coordinates":[[[82.93159,22.08254],[82.93803,22.09426],[82.93544,22.0829],[82.93159,22.08254]]]},"properties":{"cluster_date":"2024-12-30","cluster_fire_count":3,"total_cluster_frp":15.33,"max_frp":6.79,"cluster_convex_hull_area_km2":0.2354,"centroid_lat":22.0866,"centroid_lon":82.935,"mean_persistence_7d":0.0,"share_forest_shrub":1.0,"share_industrial":0.0,"dominant_land_cover":10,"dominant_class":0,"dominant_label":"Wildfire","is_outbreak_front":false,"is_persistent_cluster":false,"cluster_id":485074}},{"type":"Feature","id":485075,"geometry":{"type":"Polygon","coordinates":[[[82.52718,22.31053],[82.53062,22.33062],[82.56506,22.32712],[82.56505,22.32207],[82.52718,22.31053]]]},"properties":{"cluster_date":"2024-12-30","cluster_fire_count":13,"total_cluster_frp":15.6,"max_frp":3.15,"cluster_convex_hull_area_km2":4.913,"centroid_lat":22.3216,"centroid_lon":82.5471,"mean_persistence_7d":5.6154,"share_forest_shrub":0.3077,"share_industrial":0.8462,"dominant_land_cover":50,"dominant_class":4,"dominant_label":"Persistent thermal source","is_outbreak_front":false,"is_persistent_cluster":true,"cluster_id":485075}},{"type":"Feature","id":485076,"geometry":{"type":"Polygon","coordinates":[[[72.63753,21.10134],[72.63384,21.10192],[72.63385,21.10284],[72.63563,21.11185],[72.63931,21.11127],[72.64419,21.10965],[72.64569,21.10861],[72.64746,21.10463],[72.64549,21.10349],[72.63753,21.10134]]]},"properties":{"cluster_date":"2024-12-30","cluster_fire_count":23,"total_cluster_frp":130.06,"max_frp":25.1,"cluster_convex_hull_area_km2":1.0961,"centroid_lat":21.106,"centroid_lon":72.6402,"mean_persistence_7d":7.0,"share_forest_shrub":0.0,"share_industrial":1.0,"dominant_land_cover":50,"dominant_class":3,"dominant_label":"Gas flare","is_outbreak_front":false,"is_persistent_cluster":true,"cluster_id":485076}},{"type":"Feature","id":485077,"geometry":{"type":"Polygon","coordinates":[[[69.54926,24.1222],[69.54746,24.1256],[69.55241,24.12284],[69.54926,24.1222]]]},"properties":{"cluster_date":"2024-12-30","cluster_fire_count":4,"total_cluster_frp":22.59,"max_frp":6.38,"cluster_convex_hull_area_km2":0.0642,"centroid_lat":24.1237,"centroid_lon":69.5494,"mean_persistence_7d":1.75,"share_forest_shrub":0.0,"share_industrial":0.0,"dominant_land_cover":60,"dominant_class":1,"dominant_label":"Agricultural burning","is_outbreak_front":false,"is_persistent_cluster":false,"cluster_id":485077}},{"type":"Feature","id":485078,"geometry":{"type":"Polygon","coordinates":[[[73.09324,24.80853],[73.09258,24.82139],[73.09458,24.82308],[73.09324,24.80853]]]},"properties":{"cluster_date":"2024-12-30","cluster_fire_count":4,"total_cluster_frp":4.78,"max_frp":2.16,"cluster_convex_hull_area_km2":0.1445,"centroid_lat":24.8182,"centroid_lon":73.0936,"mean_persistence_7d":4.5,"share_forest_shrub":1.0,"share_industrial":0.0,"dominant_land_cover":30,"dominant_class":4,"dominant_label":"Persistent thermal source","is_outbreak_front":false,"is_persistent_cluster":false,"cluster_id":485078}},{"type":"Feature","id":485079,"geometry":{"type":"Polygon","coordinates":[[[80.3508,30.07266],[80.33844,30.09108],[80.35687,30.0788],[80.35918,30.07435],[80.3508,30.07266]]]},"properties":{"cluster_date":"2024-12-30","cluster_fire_count":5,"total_cluster_frp":11.61,"max_frp":7.22,"cluster_convex_hull_area_km2":1.1895,"centroid_lat":30.0781,"centroid_lon":80.3516,"mean_persistence_7d":0.0,"share_forest_shrub":1.0,"share_industrial":0.0,"dominant_land_cover":10,"dominant_class":0,"dominant_label":"Wildfire","is_outbreak_front":true,"is_persistent_cluster":false,"cluster_id":485079}},{"type":"Feature","id":485080,"geometry":{"type":"Polygon","coordinates":[[[77.61864,17.44522],[77.61514,17.44592],[77.61801,17.4507],[77.61879,17.44629],[77.61864,17.44522]]]},"properties":{"cluster_date":"2024-12-30","cluster_fire_count":4,"total_cluster_frp":24.05,"max_frp":8.56,"cluster_convex_hull_area_km2":0.1158,"centroid_lat":17.447,"centroid_lon":77.6176,"mean_persistence_7d":0.0,"share_forest_shrub":1.0,"share_industrial":0.0,"dominant_land_cover":30,"dominant_class":1,"dominant_label":"Agricultural burning","is_outbreak_front":false,"is_persistent_cluster":false,"cluster_id":485080}},{"type":"Feature","id":485081,"geometry":{"type":"Polygon","coordinates":[[[73.03304,18.66113],[73.01945,18.70792],[73.04359,18.69363],[73.04196,18.6815],[73.03304,18.66113]]]},"properties":{"cluster_date":"2024-12-30","cluster_fire_count":14,"total_cluster_frp":25.08,"max_frp":6.05,"cluster_convex_hull_area_km2":5.7186,"centroid_lat":18.6868,"centroid_lon":73.0364,"mean_persistence_7d":6.2857,"share_forest_shrub":0.0,"share_industrial":1.0,"dominant_land_cover":50,"dominant_class":4,"dominant_label":"Persistent thermal source","is_outbreak_front":false,"is_persistent_cluster":true,"cluster_id":485081}},{"type":"Feature","id":485082,"geometry":{"type":"Polygon","coordinates":[[[95.47449,27.4616],[95.47453,27.46335],[95.47659,27.46296],[95.47449,27.4616]]]},"properties":{"cluster_date":"2024-12-30","cluster_fire_count":3,"total_cluster_frp":4.43,"max_frp":2.11,"cluster_convex_hull_area_km2":0.0191,"centroid_lat":27.4626,"centroid_lon":95.4752,"mean_persistence_7d":6.0,"share_forest_shrub":0.0,"share_industrial":1.0,"dominant_land_cover":50,"dominant_class":3,"dominant_label":"Gas flare","is_outbreak_front":false,"is_persistent_cluster":true,"cluster_id":485082}},{"type":"Feature","id":485083,"geometry":{"type":"Polygon","coordinates":[[[93.14852,26.18019],[93.14827,26.1812],[93.15208,26.18059],[93.14852,26.18019]]]},"properties":{"cluster_date":"2024-12-30","cluster_fire_count":3,"total_cluster_frp":1.64,"max_frp":0.82,"cluster_convex_hull_area_km2":0.0197,"centroid_lat":26.1807,"centroid_lon":93.1496,"mean_persistence_7d":0.0,"share_forest_shrub":1.0,"share_industrial":0.0,"dominant_land_cover":30,"dominant_class":1,"dominant_label":"Agricultural burning","is_outbreak_front":false,"is_persistent_cluster":false,"cluster_id":485083}},{"type":"Feature","id":485084,"geometry":{"type":"Polygon","coordinates":[[[86.86119,24.11366],[86.85683,24.11843],[86.85744,24.1225],[86.86075,24.11798],[86.86119,24.11366]]]},"properties":{"cluster_date":"2024-12-30","cluster_fire_count":5,"total_cluster_frp":4.74,"max_frp":1.61,"cluster_convex_hull_area_km2":0.1784,"centroid_lat":24.1181,"centroid_lon":86.8593,"mean_persistence_7d":6.0,"share_forest_shrub":1.0,"share_industrial":0.0,"dominant_land_cover":30,"dominant_class":4,"dominant_label":"Persistent thermal source","is_outbreak_front":false,"is_persistent_cluster":false,"cluster_id":485084}},{"type":"Feature","id":485085,"geometry":{"type":"Polygon","coordinates":[[[86.20274,23.77299],[86.19851,23.77347],[86.20745,23.78579],[86.21127,23.77817],[86.21058,23.77628],[86.20428,23.77326],[86.20274,23.77299]]]},"properties":{"cluster_date":"2024-12-30","cluster_fire_count":10,"total_cluster_frp":21.26,"max_frp":3.34,"cluster_convex_hull_area_km2":0.8503,"centroid_lat":23.778,"centroid_lon":86.2062,"mean_persistence_7d":6.6,"share_forest_shrub":0.8,"share_industrial":0.4,"dominant_land_cover":10,"dominant_class":4,"dominant_label":"Persistent thermal source","is_outbreak_front":false,"is_persistent_cluster":false,"cluster_id":485085}},{"type":"Feature","id":485086,"geometry":{"type":"Polygon","coordinates":[[[87.1215,23.68541],[87.09998,23.69102],[87.11152,23.69474],[87.12272,23.69337],[87.12408,23.69118],[87.1215,23.68541]]]},"properties":{"cluster_date":"2024-12-30","cluster_fire_count":12,"total_cluster_frp":18.59,"max_frp":1.94,"cluster_convex_hull_area_km2":1.3528,"centroid_lat":23.6917,"centroid_lon":87.1158,"mean_persistence_7d":6.6667,"share_forest_shrub":0.0,"share_industrial":1.0,"dominant_land_cover":50,"dominant_class":4,"dominant_label":"Persistent thermal source","is_outbreak_front":false,"is_persistent_cluster":true,"cluster_id":485086}},{"type":"Feature","id":485087,"geometry":{"type":"Polygon","coordinates":[[[85.85451,23.75554],[85.85391,23.75784],[85.85567,23.75773],[85.8555,23.75731],[85.85451,23.75554]]]},"properties":{"cluster_date":"2024-12-30","cluster_fire_count":4,"total_cluster_frp":6.91,"max_frp":2.26,"cluster_convex_hull_area_km2":0.0222,"centroid_lat":23.7571,"centroid_lon":85.8549,"mean_persistence_7d":6.0,"share_forest_shrub":1.0,"share_industrial":0.0,"dominant_land_cover":10,"dominant_class":4,"dominant_label":"Persistent thermal source","is_outbreak_front":false,"is_persistent_cluster":false,"cluster_id":485087}},{"type":"Feature","id":485088,"geometry":{"type":"Polygon","coordinates":[[[86.83506,23.63321],[86.83121,23.63368],[86.83156,23.63394],[86.83506,23.63321]]]},"properties":{"cluster_date":"2024-12-30","cluster_fire_count":3,"total_cluster_frp":2.11,"max_frp":0.82,"cluster_convex_hull_area_km2":0.0063,"centroid_lat":23.6336,"centroid_lon":86.8326,"mean_persistence_7d":5.0,"share_forest_shrub":1.0,"share_industrial":0.0,"dominant_land_cover":30,"dominant_class":4,"dominant_label":"Persistent thermal source","is_outbreak_front":false,"is_persistent_cluster":false,"cluster_id":485088}},{"type":"Feature","id":485089,"geometry":{"type":"Polygon","coordinates":[[[86.78727,23.61244],[86.78551,23.61443],[86.78802,23.61413],[86.78906,23.614],[86.79096,23.61291],[86.78727,23.61244]]]},"properties":{"cluster_date":"2024-12-30","cluster_fire_count":6,"total_cluster_frp":7.29,"max_frp":1.69,"cluster_convex_hull_area_km2":0.0611,"centroid_lat":23.6135,"centroid_lon":86.7879,"mean_persistence_7d":6.0,"share_forest_shrub":1.0,"share_industrial":0.0,"dominant_land_cover":30,"dominant_class":4,"dominant_label":"Persistent thermal source","is_outbreak_front":false,"is_persistent_cluster":false,"cluster_id":485089}},{"type":"Feature","id":485090,"geometry":{"type":"Polygon","coordinates":[[[87.2416,23.55112],[87.23681,23.55885],[87.23594,23.56071],[87.23708,23.56072],[87.24048,23.56031],[87.24342,23.5591],[87.24525,23.55224],[87.2416,23.55112]]]},"properties":{"cluster_date":"2024-12-30","cluster_fire_count":13,"total_cluster_frp":27.12,"max_frp":3.07,"cluster_convex_hull_area_km2":0.5257,"centroid_lat":23.5567,"centroid_lon":87.2405,"mean_persistence_7d":6.9231,"share_forest_shrub":0.0,"share_industrial":1.0,"dominant_land_cover":50,"dominant_class":4,"dominant_label":"Persistent thermal source","is_outbreak_front":false,"is_persistent_cluster":true,"cluster_id":485090}},{"type":"Feature","id":485091,"geometry":{"type":"Polygon","coordinates":[[[87.08479,23.55925],[87.08217,23.56183],[87.08235,23.56494],[87.08499,23.56207],[87.08479,23.55925]]]},"properties":{"cluster_date":"2024-12-30","cluster_fire_count":5,"total_cluster_frp":5.62,"max_frp":1.47,"cluster_convex_hull_area_km2":0.0904,"centroid_lat":23.562,"centroid_lon":87.0837,"mean_persistence_7d":5.0,"share_forest_shrub":0.0,"share_industrial":1.0,"dominant_land_cover":50,"dominant_class":4,"dominant_label":"Persistent thermal source","is_outbreak_front":false,"is_persistent_cluster":true,"cluster_id":485091}},{"type":"Feature","id":485092,"geometry":{"type":"Polygon","coordinates":[[[84.84974,22.20403],[84.86143,22.21334],[84.87337,22.21242],[84.87604,22.21172],[84.84974,22.20403]]]},"properties":{"cluster_date":"2024-12-30","cluster_fire_count":6,"total_cluster_frp":10.68,"max_frp":2.71,"cluster_convex_hull_area_km2":0.8837,"centroid_lat":22.2104,"centroid_lon":84.8654,"mean_persistence_7d":4.5,"share_forest_shrub":0.0,"share_industrial":1.0,"dominant_land_cover":50,"dominant_class":4,"dominant_label":"Persistent thermal source","is_outbreak_front":false,"is_persistent_cluster":true,"cluster_id":485092}},{"type":"Feature","id":485093,"geometry":{"type":"Polygon","coordinates":[[[83.52565,22.10493],[83.52045,22.10743],[83.52384,22.10839],[83.52766,22.10744],[83.52565,22.10493]]]},"properties":{"cluster_date":"2024-12-30","cluster_fire_count":6,"total_cluster_frp":9.08,"max_frp":2.12,"cluster_convex_hull_area_km2":0.1373,"centroid_lat":22.107,"centroid_lon":83.5245,"mean_persistence_7d":6.0,"share_forest_shrub":1.0,"share_industrial":0.0,"dominant_land_cover":30,"dominant_class":4,"dominant_label":"Persistent thermal source","is_outbreak_front":false,"is_persistent_cluster":false,"cluster_id":485093}},{"type":"Feature","id":485094,"geometry":{"type":"Polygon","coordinates":[[[85.21915,21.9313],[85.21787,21.93235],[85.21992,21.93231],[85.22234,21.93182],[85.21915,21.9313]]]},"properties":{"cluster_date":"2024-12-30","cluster_fire_count":4,"total_cluster_frp":6.79,"max_frp":2.42,"cluster_convex_hull_area_km2":0.0271,"centroid_lat":21.9319,"centroid_lon":85.2198,"mean_persistence_7d":4.0,"share_forest_shrub":1.0,"share_industrial":0.0,"dominant_land_cover":30,"dominant_class":4,"dominant_label":"Persistent thermal source","is_outbreak_front":false,"is_persistent_cluster":false,"cluster_id":485094}},{"type":"Feature","id":485095,"geometry":{"type":"Polygon","coordinates":[[[83.37981,22.02399],[83.36617,22.02911],[83.34605,22.03748],[83.35088,22.04225],[83.35482,22.04135],[83.36366,22.03548],[83.37981,22.02399]]]},"properties":{"cluster_date":"2024-12-30","cluster_fire_count":20,"total_cluster_frp":31.27,"max_frp":3.52,"cluster_convex_hull_area_km2":1.5956,"centroid_lat":22.035,"centroid_lon":83.3579,"mean_persistence_7d":5.95,"share_forest_shrub":0.0,"share_industrial":1.0,"dominant_land_cover":50,"dominant_class":4,"dominant_label":"Persistent thermal source","is_outbreak_front":false,"is_persistent_cluster":true,"cluster_id":485095}},{"type":"Feature","id":485096,"geometry":{"type":"Polygon","coordinates":[[[83.35043,21.92031],[83.33927,21.92463],[83.33564,21.9286],[83.34068,21.93013],[83.35098,21.92536],[83.35495,21.92237],[83.35043,21.92031]]]},"properties":{"cluster_date":"2024-12-30","cluster_fire_count":11,"total_cluster_frp":34.81,"max_frp":7.13,"cluster_convex_hull_area_km2":0.9326,"centroid_lat":21.9242,"centroid_lon":83.3465,"mean_persistence_7d":5.6364,"share_forest_shrub":0.0,"share_industrial":1.0,"dominant_land_cover":50,"dominant_class":4,"dominant_label":"Persistent thermal source","is_outbreak_front":false,"is_persistent_cluster":true,"cluster_id":485096}},{"type":"Feature","id":485097,"geometry":{"type":"Polygon","coordinates":[[[83.55182,21.87762],[83.55273,21.88427],[83.55634,21.88065],[83.55549,21.87776],[83.55182,21.87762]]]},"properties":{"cluster_date":"2024-12-30","cluster_fire_count":5,"total_cluster_frp":5.75,"max_frp":1.54,"cluster_convex_hull_area_km2":0.2082,"centroid_lat":21.8797,"centroid_lon":83.5543,"mean_persistence_7d":5.0,"share_forest_shrub":0.0,"share_industrial":1.0,"dominant_land_cover":50,"dominant_class":4,"dominant_label":"Persistent thermal source","is_outbreak_front":false,"is_persistent_cluster":true,"cluster_id":485097}},{"type":"Feature","id":485098,"geometry":{"type":"Polygon","coordinates":[[[83.82466,21.74534],[83.82035,21.74633],[83.82954,21.78031],[83.83229,21.78518],[83.83975,21.78401],[83.84492,21.76032],[83.83966,21.75526],[83.82466,21.74534]]]},"properties":{"cluster_date":"2024-12-30","cluster_fire_count":15,"total_cluster_frp":34.5,"max_frp":3.72,"cluster_convex_hull_area_km2":6.1492,"centroid_lat":21.7656,"centroid_lon":83.8355,"mean_persistence_7d":6.1333,"share_forest_shrub":1.0,"share_industrial":0.0,"dominant_land_cover":30,"dominant_class":4,"dominant_label":"Persistent thermal source","is_outbreak_front":false,"is_persistent_cluster":false,"cluster_id":485098}},{"type":"Feature","id":485099,"geometry":{"type":"Polygon","coordinates":[[[85.29826,20.76154],[85.29564,20.76173],[85.29259,20.76203],[85.28951,20.76317],[85.29517,20.76272],[85.29826,20.76154]]]},"properties":{"cluster_date":"2024-12-30","cluster_fire_count":7,"total_cluster_frp":10.06,"max_frp":2.52,"cluster_convex_hull_area_km2":0.0581,"centroid_lat":20.7623,"centroid_lon":85.294,"mean_persistence_7d":4.0,"share_forest_shrub":1.0,"share_industrial":0.1429,"dominant_land_cover":10,"dominant_class":4,"dominant_label":"Persistent thermal source","is_outbreak_front":false,"is_persistent_cluster":false,"cluster_id":485099}},{"type":"Feature","id":485100,"geometry":{"type":"Polygon","coordinates":[[[85.49989,23.82488],[85.49462,23.82512],[85.49877,23.82621],[85.49989,23.82488]]]},"properties":{"cluster_date":"2024-12-30","cluster_fire_count":4,"total_cluster_frp":7.02,"max_frp":2.47,"cluster_convex_hull_area_km2":0.0366,"centroid_lat":23.8254,"centroid_lon":85.4977,"mean_persistence_7d":4.0,"share_forest_shrub":1.0,"share_industrial":0.0,"dominant_land_cover":10,"dominant_class":4,"dominant_label":"Persistent thermal source","is_outbreak_front":false,"is_persistent_cluster":false,"cluster_id":485100}},{"type":"Feature","id":485101,"geometry":{"type":"Polygon","coordinates":[[[87.01785,22.3623],[87.01666,22.36317],[87.01726,22.3671],[87.01848,22.36623],[87.01785,22.3623]]]},"properties":{"cluster_date":"2024-12-30","cluster_fire_count":4,"total_cluster_frp":7.32,"max_frp":2.57,"cluster_convex_hull_area_km2":0.0578,"centroid_lat":22.3647,"centroid_lon":87.0176,"mean_persistence_7d":6.0,"share_forest_shrub":1.0,"share_industrial":0.0,"dominant_land_cover":30,"dominant_class":4,"dominant_label":"Persistent thermal source","is_outbreak_front":false,"is_persistent_cluster":false,"cluster_id":485101}},{"type":"Feature","id":485102,"geometry":{"type":"Polygon","coordinates":[[[82.5956,22.32234],[82.6045,22.33422],[82.60537,22.33119],[82.5956,22.32234]]]},"properties":{"cluster_date":"2024-12-30","cluster_fire_count":3,"total_cluster_frp":2.12,"max_frp":0.94,"cluster_convex_hull_area_km2":0.2047,"centroid_lat":22.3293,"centroid_lon":82.6018,"mean_persistence_7d":4.3333,"share_forest_shrub":0.0,"share_industrial":1.0,"dominant_land_cover":50,"dominant_class":4,"dominant_label":"Persistent thermal source","is_outbreak_front":false,"is_persistent_cluster":true,"cluster_id":485102}},{"type":"Feature","id":485103,"geometry":{"type":"Polygon","coordinates":[[[83.1198,22.10632],[83.11653,22.10736],[83.11971,22.10703],[83.1198,22.10632]]]},"properties":{"cluster_date":"2024-12-30","cluster_fire_count":3,"total_cluster_frp":2.28,"max_frp":0.94,"cluster_convex_hull_area_km2":0.0123,"centroid_lat":22.1069,"centroid_lon":83.1187,"mean_persistence_7d":6.0,"share_forest_shrub":1.0,"share_industrial":0.0,"dominant_land_cover":10,"dominant_class":4,"dominant_label":"Persistent thermal source","is_outbreak_front":false,"is_persistent_cluster":false,"cluster_id":485103}},{"type":"Feature","id":485104,"geometry":{"type":"Polygon","coordinates":[[[82.66797,22.00279],[82.66607,22.00418],[82.67015,22.00903],[82.6712,22.0057],[82.66947,22.00385],[82.66797,22.00279]]]},"properties":{"cluster_date":"2024-12-30","cluster_fire_count":5,"total_cluster_frp":7.0,"max_frp":2.38,"cluster_convex_hull_area_km2":0.1631,"centroid_lat":22.0051,"centroid_lon":82.669,"mean_persistence_7d":7.0,"share_forest_shrub":1.0,"share_industrial":0.0,"dominant_land_cover":10,"dominant_class":4,"dominant_label":"Persistent thermal source","is_outbreak_front":false,"is_persistent_cluster":false,"cluster_id":485104}},{"type":"Feature","id":485105,"geometry":{"type":"Polygon","coordinates":[[[81.81163,21.49195],[81.80801,21.49307],[81.81248,21.49508],[81.81163,21.49195]]]},"properties":{"cluster_date":"2024-12-30","cluster_fire_count":3,"total_cluster_frp":1.22,"max_frp":0.58,"cluster_convex_hull_area_km2":0.0679,"centroid_lat":21.4934,"centroid_lon":81.8107,"mean_persistence_7d":1.0,"share_forest_shrub":1.0,"share_industrial":0.0,"dominant_land_cover":10,"dominant_class":0,"dominant_label":"Wildfire","is_outbreak_front":false,"is_persistent_cluster":false,"cluster_id":485105}},{"type":"Feature","id":485106,"geometry":{"type":"Polygon","coordinates":[[[81.64828,21.36356],[81.63798,21.37565],[81.64374,21.39179],[81.6825,21.37626],[81.67967,21.36618],[81.64828,21.36356]]]},"properties":{"cluster_date":"2024-12-30","cluster_fire_count":12,"total_cluster_frp":17.38,"max_frp":2.54,"cluster_convex_hull_area_km2":8.6767,"centroid_lat":21.3783,"centroid_lon":81.6589,"mean_persistence_7d":5.4167,"share_forest_shrub":0.0,"share_industrial":1.0,"dominant_land_cover":50,"dominant_class":4,"dominant_label":"Persistent thermal source","is_outbreak_front":false,"is_persistent_cluster":true,"cluster_id":485106}},{"type":"Feature","id":485107,"geometry":{"type":"Polygon","coordinates":[[[81.61694,21.29222],[81.5574,21.31624],[81.5794,21.3265],[81.61694,21.29222]]]},"properties":{"cluster_date":"2024-12-30","cluster_fire_count":6,"total_cluster_frp":4.59,"max_frp":1.13,"cluster_convex_hull_area_km2":6.3047,"centroid_lat":21.3095,"centroid_lon":81.5899,"mean_persistence_7d":2.6667,"share_forest_shrub":1.0,"share_industrial":0.0,"dominant_land_cover":10,"dominant_class":0,"dominant_label":"Wildfire","is_outbreak_front":false,"is_persistent_cluster":false,"cluster_id":485107}},{"type":"Feature","id":485108,"geometry":{"type":"Polygon","coordinates":[[[81.38655,21.17947],[81.38048,21.18077],[81.39554,21.19773],[81.39204,21.18874],[81.38655,21.17947]]]},"properties":{"cluster_date":"2024-12-30","cluster_fire_count":10,"total_cluster_frp":15.28,"max_frp":2.4,"cluster_convex_hull_area_km2":0.7726,"centroid_lat":21.186,"centroid_lon":81.3876,"mean_persistence_7d":6.8,"share_forest_shrub":0.0,"share_industrial":1.0,"dominant_land_cover":50,"dominant_class":4,"dominant_label":"Persistent thermal source","is_outbreak_front":false,"is_persistent_cluster":true,"cluster_id":485108}},{"type":"Feature","id":485109,"geometry":{"type":"Polygon","coordinates":[[[79.11163,19.92221],[79.10889,19.92582],[79.11285,19.92245],[79.11163,19.92221]]]},"properties":{"cluster_date":"2024-12-30","cluster_fire_count":3,"total_cluster_frp":3.32,"max_frp":1.29,"cluster_convex_hull_area_km2":0.0283,"centroid_lat":19.9235,"centroid_lon":79.1111,"mean_persistence_7d":7.0,"share_forest_shrub":1.0,"share_industrial":0.0,"dominant_land_cover":10,"dominant_class":4,"dominant_label":"Persistent thermal source","is_outbreak_front":false,"is_persistent_cluster":false,"cluster_id":485109}},{"type":"Feature","id":485110,"geometry":{"type":"Polygon","coordinates":[[[78.22233,17.14713],[78.21865,17.14721],[78.22308,17.14785],[78.22233,17.14713]]]},"properties":{"cluster_date":"2024-12-30","cluster_fire_count":3,"total_cluster_frp":3.35,"max_frp":1.26,"cluster_convex_hull_area_km2":0.0156,"centroid_lat":17.1474,"centroid_lon":78.2214,"mean_persistence_7d":3.0,"share_forest_shrub":1.0,"share_industrial":0.0,"dominant_land_cover":30,"dominant_class":4,"dominant_label":"Persistent thermal source","is_outbreak_front":false,"is_persistent_cluster":false,"cluster_id":485110}},{"type":"Feature","id":485111,"geometry":{"type":"Polygon","coordinates":[[[76.38199,15.17035],[76.37769,15.17186],[76.37302,15.17416],[76.37911,15.17504],[76.38199,15.17035]]]},"properties":{"cluster_date":"2024-12-30","cluster_fire_count":4,"total_cluster_frp":5.72,"max_frp":1.95,"cluster_convex_hull_area_km2":0.1985,"centroid_lat":15.1729,"centroid_lon":76.378,"mean_persistence_7d":5.0,"share_forest_shrub":1.0,"share_industrial":0.0,"dominant_land_cover":30,"dominant_class":4,"dominant_label":"Persistent thermal source","is_outbreak_front":false,"is_persistent_cluster":false,"cluster_id":485111}},{"type":"Feature","id":485112,"geometry":{"type":"Polygon","coordinates":[[[73.46789,26.92559],[73.46853,26.9289],[73.46928,26.92737],[73.46789,26.92559]]]},"properties":{"cluster_date":"2024-12-30","cluster_fire_count":3,"total_cluster_frp":2.36,"max_frp":0.87,"cluster_convex_hull_area_km2":0.0184,"centroid_lat":26.9273,"centroid_lon":73.4686,"mean_persistence_7d":3.0,"share_forest_shrub":1.0,"share_industrial":0.0,"dominant_land_cover":30,"dominant_class":4,"dominant_label":"Persistent thermal source","is_outbreak_front":false,"is_persistent_cluster":false,"cluster_id":485112}},{"type":"Feature","id":485113,"geometry":{"type":"Polygon","coordinates":[[[73.51763,26.87364],[73.51395,26.87675],[73.51493,26.88074],[73.51786,26.87597],[73.51763,26.87364]]]},"properties":{"cluster_date":"2024-12-30","cluster_fire_count":5,"total_cluster_frp":3.19,"max_frp":0.86,"cluster_convex_hull_area_km2":0.1361,"centroid_lat":26.8769,"centroid_lon":73.5158,"mean_persistence_7d":4.0,"share_forest_shrub":1.0,"share_industrial":0.0,"dominant_land_cover":30,"dominant_class":4,"dominant_label":"Persistent thermal source","is_outbreak_front":false,"is_persistent_cluster":false,"cluster_id":485113}},{"type":"Feature","id":485114,"geometry":{"type":"Polygon","coordinates":[[[74.68015,24.69096],[74.67834,24.69353],[74.67201,24.71492],[74.68015,24.69096]]]},"properties":{"cluster_date":"2024-12-30","cluster_fire_count":3,"total_cluster_frp":2.2,"max_frp":1.0,"cluster_convex_hull_area_km2":0.121,"centroid_lat":24.6998,"centroid_lon":74.6768,"mean_persistence_7d":1.3333,"share_forest_shrub":1.0,"share_industrial":0.0,"dominant_land_cover":30,"dominant_class":1,"dominant_label":"Agricultural burning","is_outbreak_front":false,"is_persistent_cluster":false,"cluster_id":485114}},{"type":"Feature","id":485115,"geometry":{"type":"Polygon","coordinates":[[[74.63417,24.66064],[74.62916,24.66175],[74.63406,24.66071],[74.63417,24.66064]]]},"properties":{"cluster_date":"2024-12-30","cluster_fire_count":3,"total_cluster_frp":5.36,"max_frp":2.08,"cluster_convex_hull_area_km2":0.0012,"centroid_lat":24.661,"centroid_lon":74.6325,"mean_persistence_7d":5.0,"share_forest_shrub":1.0,"share_industrial":0.0,"dominant_land_cover":30,"dominant_class":4,"dominant_label":"Persistent thermal source","is_outbreak_front":false,"is_persistent_cluster":false,"cluster_id":485115}},{"type":"Feature","id":485116,"geometry":{"type":"Polygon","coordinates":[[[70.47642,23.30423],[70.47627,23.30467],[70.48714,23.31703],[70.48838,23.31745],[70.48762,23.31384],[70.47642,23.30423]]]},"properties":{"cluster_date":"2024-12-30","cluster_fire_count":6,"total_cluster_frp":4.99,"max_frp":1.03,"cluster_convex_hull_area_km2":0.2785,"centroid_lat":23.3118,"centroid_lon":70.4837,"mean_persistence_7d":3.6667,"share_forest_shrub":0.0,"share_industrial":0.0,"dominant_land_cover":60,"dominant_class":4,"dominant_label":"Persistent thermal source","is_outbreak_front":false,"is_persistent_cluster":false,"cluster_id":485116}},{"type":"Feature","id":485117,"geometry":{"type":"Polygon","coordinates":[[[72.56694,22.98199],[72.58921,22.9903],[72.58714,22.98825],[72.56694,22.98199]]]},"properties":{"cluster_date":"2024-12-30","cluster_fire_count":3,"total_cluster_frp":2.13,"max_frp":1.15,"cluster_convex_hull_area_km2":0.1554,"centroid_lat":22.9868,"centroid_lon":72.5811,"mean_persistence_7d":4.0,"share_forest_shrub":1.0,"share_industrial":0.0,"dominant_land_cover":30,"dominant_class":4,"dominant_label":"Persistent thermal source","is_outbreak_front":false,"is_persistent_cluster":false,"cluster_id":485117}},{"type":"Feature","id":485118,"geometry":{"type":"Polygon","coordinates":[[[70.20161,23.31387],[70.1992,23.31405],[70.20144,23.31519],[70.20161,23.31387]]]},"properties":{"cluster_date":"2024-12-30","cluster_fire_count":3,"total_cluster_frp":1.13,"max_frp":0.41,"cluster_convex_hull_area_km2":0.0172,"centroid_lat":23.3144,"centroid_lon":70.2008,"mean_persistence_7d":2.0,"share_forest_shrub":0.0,"share_industrial":0.0,"dominant_land_cover":60,"dominant_class":4,"dominant_label":"Persistent thermal source","is_outbreak_front":false,"is_persistent_cluster":false,"cluster_id":485118}},{"type":"Feature","id":485119,"geometry":{"type":"Polygon","coordinates":[[[68.71033,23.42994],[68.71197,23.43039],[68.71373,23.43061],[68.71033,23.42994]]]},"properties":{"cluster_date":"2024-12-30","cluster_fire_count":3,"total_cluster_frp":4.13,"max_frp":1.73,"cluster_convex_hull_area_km2":0.0023,"centroid_lat":23.4303,"centroid_lon":68.712,"mean_persistence_7d":7.0,"share_forest_shrub":1.0,"share_industrial":0.0,"dominant_land_cover":30,"dominant_class":4,"dominant_label":"Persistent thermal source","is_outbreak_front":false,"is_persistent_cluster":false,"cluster_id":485119}},{"type":"Feature","id":485120,"geometry":{"type":"Polygon","coordinates":[[[69.86926,22.33523],[69.86534,22.3362],[69.853,22.34206],[69.86926,22.33523]]]},"properties":{"cluster_date":"2024-12-30","cluster_fire_count":3,"total_cluster_frp":5.24,"max_frp":2.95,"cluster_convex_hull_area_km2":0.0604,"centroid_lat":22.3378,"centroid_lon":69.8625,"mean_persistence_7d":5.3333,"share_forest_shrub":0.0,"share_industrial":1.0,"dominant_land_cover":50,"dominant_class":3,"dominant_label":"Gas flare","is_outbreak_front":false,"is_persistent_cluster":true,"cluster_id":485120}},{"type":"Feature","id":485121,"geometry":{"type":"Polygon","coordinates":[[[71.46014,20.91052],[71.45757,20.9114],[71.46132,20.91084],[71.46014,20.91052]]]},"properties":{"cluster_date":"2024-12-30","cluster_fire_count":3,"total_cluster_frp":4.42,"max_frp":2.22,"cluster_convex_hull_area_km2":0.0103,"centroid_lat":20.9109,"centroid_lon":71.4597,"mean_persistence_7d":7.0,"share_forest_shrub":1.0,"share_industrial":0.0,"dominant_land_cover":30,"dominant_class":4,"dominant_label":"Persistent thermal source","is_outbreak_front":false,"is_persistent_cluster":false,"cluster_id":485121}},{"type":"Feature","id":485122,"geometry":{"type":"Polygon","coordinates":[[[73.15282,19.14076],[73.14911,19.14137],[73.14684,19.14265],[73.14495,19.14399],[73.15341,19.14411],[73.15282,19.14076]]]},"properties":{"cluster_date":"2024-12-30","cluster_fire_count":7,"total_cluster_frp":17.17,"max_frp":3.2,"cluster_convex_hull_area_km2":0.2034,"centroid_lat":19.1425,"centroid_lon":73.1498,"mean_persistence_7d":0.0,"share_forest_shrub":1.0,"share_industrial":0.0,"dominant_land_cover":30,"dominant_class":0,"dominant_label":"Wildfire","is_outbreak_front":true,"is_persistent_cluster":false,"cluster_id":485122}},{"type":"Feature","id":485123,"geometry":{"type":"Polygon","coordinates":[[[73.0536,19.09979],[73.05138,19.10034],[73.05264,19.10478],[73.05424,19.10312],[73.0536,19.09979]]]},"properties":{"cluster_date":"2024-12-30","cluster_fire_count":4,"total_cluster_frp":3.8,"max_frp":1.02,"cluster_convex_hull_area_km2":0.0955,"centroid_lat":19.102,"centroid_lon":73.053,"mean_persistence_7d":6.0,"share_forest_shrub":1.0,"share_industrial":0.0,"dominant_land_cover":30,"dominant_class":4,"dominant_label":"Persistent thermal source","is_outbreak_front":false,"is_persistent_cluster":false,"cluster_id":485123}},{"type":"Feature","id":485124,"geometry":{"type":"Polygon","coordinates":[[[73.30254,18.85944],[73.30217,18.86113],[73.30453,18.86015],[73.30254,18.85944]]]},"properties":{"cluster_date":"2024-12-30","cluster_fire_count":3,"total_cluster_frp":2.74,"max_frp":1.27,"cluster_convex_hull_area_km2":0.0205,"centroid_lat":18.8602,"centroid_lon":73.3031,"mean_persistence_7d":0.0,"share_forest_shrub":1.0,"share_industrial":0.0,"dominant_land_cover":10,"dominant_class":0,"dominant_label":"Wildfire","is_outbreak_front":false,"is_persistent_cluster":false,"cluster_id":485124}},{"type":"Feature","id":485125,"geometry":{"type":"Polygon","coordinates":[[[75.17616,17.96676],[75.17628,17.96802],[75.17828,17.96829],[75.17616,17.96676]]]},"properties":{"cluster_date":"2024-12-30","cluster_fire_count":3,"total_cluster_frp":1.94,"max_frp":0.76,"cluster_convex_hull_area_km2":0.0142,"centroid_lat":17.9677,"centroid_lon":75.1769,"mean_persistence_7d":0.0,"share_forest_shrub":1.0,"share_industrial":0.0,"dominant_land_cover":30,"dominant_class":1,"dominant_label":"Agricultural burning","is_outbreak_front":false,"is_persistent_cluster":false,"cluster_id":485125}},{"type":"Feature","id":485126,"geometry":{"type":"Polygon","coordinates":[[[73.79931,16.61251],[73.79697,16.61302],[73.80074,16.61743],[73.79931,16.61251]]]},"properties":{"cluster_date":"2024-12-30","cluster_fire_count":3,"total_cluster_frp":4.4,"max_frp":2.76,"cluster_convex_hull_area_km2":0.0706,"centroid_lat":16.6143,"centroid_lon":73.799,"mean_persistence_7d":0.0,"share_forest_shrub":1.0,"share_industrial":0.0,"dominant_land_cover":10,"dominant_class":0,"dominant_label":"Wildfire","is_outbreak_front":false,"is_persistent_cluster":false,"cluster_id":485126}},{"type":"Feature","id":485127,"geometry":{"type":"Polygon","coordinates":[[[75.63783,16.23093],[75.63432,16.23133],[75.633,16.23511],[75.63687,16.23428],[75.63783,16.23093]]]},"properties":{"cluster_date":"2024-12-30","cluster_fire_count":4,"total_cluster_frp":5.87,"max_frp":1.84,"cluster_convex_hull_area_km2":0.1442,"centroid_lat":16.2329,"centroid_lon":75.6355,"mean_persistence_7d":0.0,"share_forest_shrub":1.0,"share_industrial":0.0,"dominant_land_cover":30,"dominant_class":1,"dominant_label":"Agricultural burning","is_outbreak_front":false,"is_persistent_cluster":false,"cluster_id":485127}},{"type":"Feature","id":485128,"geometry":{"type":"Polygon","coordinates":[[[75.42562,16.17169],[75.42593,16.17611],[75.42693,16.1772],[75.4273,16.17553],[75.42657,16.17177],[75.42562,16.17169]]]},"properties":{"cluster_date":"2024-12-30","cluster_fire_count":5,"total_cluster_frp":12.92,"max_frp":3.86,"cluster_convex_hull_area_km2":0.0685,"centroid_lat":16.1745,"centroid_lon":75.4265,"mean_persistence_7d":0.0,"share_forest_shrub":1.0,"share_industrial":0.0,"dominant_land_cover":30,"dominant_class":1,"dominant_label":"Agricultural burning","is_outbreak_front":true,"is_persistent_cluster":false,"cluster_id":485128}},{"type":"Feature","id":485129,"geometry":{"type":"Polygon","coordinates":[[[76.28502,15.33406],[76.2817,15.33466],[76.27558,15.33912],[76.27421,15.34247],[76.28468,15.33722],[76.28502,15.33406]]]},"properties":{"cluster_date":"2024-12-30","cluster_fire_count":5,"total_cluster_frp":8.95,"max_frp":2.04,"cluster_convex_hull_area_km2":0.3921,"centroid_lat":15.3375,"centroid_lon":76.2802,"mean_persistence_7d":3.4,"share_forest_shrub":1.0,"share_industrial":0.0,"dominant_land_cover":30,"dominant_class":4,"dominant_label":"Persistent thermal source","is_outbreak_front":false,"is_persistent_cluster":false,"cluster_id":485129}},{"type":"Feature","id":485130,"geometry":{"type":"Polygon","coordinates":[[[73.98899,15.65678],[73.98833,15.6575],[73.98966,15.6603],[73.98899,15.65678]]]},"properties":{"cluster_date":"2024-12-30","cluster_fire_count":3,"total_cluster_frp":2.07,"max_frp":0.81,"cluster_convex_hull_area_km2":0.0163,"centroid_lat":15.6582,"centroid_lon":73.989,"mean_persistence_7d":5.0,"share_forest_shrub":1.0,"share_industrial":0.0,"dominant_land_cover":10,"dominant_class":4,"dominant_label":"Persistent thermal source","is_outbreak_front":false,"is_persistent_cluster":false,"cluster_id":485130}},{"type":"Feature","id":485131,"geometry":{"type":"Polygon","coordinates":[[[76.70794,15.14011],[76.70621,15.14059],[76.70898,15.15275],[76.70964,15.15157],[76.70794,15.14011]]]},"properties":{"cluster_date":"2024-12-30","cluster_fire_count":4,"total_cluster_frp":3.52,"max_frp":1.01,"cluster_convex_hull_area_km2":0.1869,"centroid_lat":15.1463,"centroid_lon":76.7082,"mean_persistence_7d":3.5,"share_forest_shrub":0.0,"share_industrial":1.0,"dominant_land_cover":50,"dominant_class":4,"dominant_label":"Persistent thermal source","is_outbreak_front":false,"is_persistent_cluster":true,"cluster_id":485131}},{"type":"Feature","id":485132,"geometry":{"type":"Polygon","coordinates":[[[92.16574,25.46283],[92.17697,25.47627],[92.18041,25.47703],[92.16574,25.46283]]]},"properties":{"cluster_date":"2024-12-31","cluster_fire_count":3,"total_cluster_frp":16.29,"max_frp":7.02,"cluster_convex_hull_area_km2":0.202,"centroid_lat":25.472,"centroid_lon":92.1744,"mean_persistence_7d":0.0,"share_forest_shrub":1.0,"share_industrial":0.0,"dominant_land_cover":10,"dominant_class":0,"dominant_label":"Wildfire","is_outbreak_front":false,"is_persistent_cluster":false,"cluster_id":485132}},{"type":"Feature","id":485133,"geometry":{"type":"Polygon","coordinates":[[[91.69756,25.37608],[91.69643,25.37966],[91.69736,25.38169],[91.69842,25.38174],[91.69893,25.37799],[91.69756,25.37608]]]},"properties":{"cluster_date":"2024-12-31","cluster_fire_count":6,"total_cluster_frp":21.24,"max_frp":4.9,"cluster_convex_hull_area_km2":0.0949,"centroid_lat":25.3796,"centroid_lon":91.6979,"mean_persistence_7d":0.0,"share_forest_shrub":1.0,"share_industrial":0.0,"dominant_land_cover":10,"dominant_class":0,"dominant_label":"Wildfire","is_outbreak_front":true,"is_persistent_cluster":false,"cluster_id":485133}},{"type":"Feature","id":485134,"geometry":{"type":"Polygon","coordinates":[[[91.43251,25.42396],[91.43126,25.42849],[91.434,25.42616],[91.43251,25.42396]]]},"properties":{"cluster_date":"2024-12-31","cluster_fire_count":3,"total_cluster_frp":15.69,"max_frp":6.38,"cluster_convex_hull_area_km2":0.0509,"centroid_lat":25.4262,"centroid_lon":91.4326,"mean_persistence_7d":0.0,"share_forest_shrub":1.0,"share_industrial":0.0,"dominant_land_cover":10,"dominant_class":0,"dominant_label":"Wildfire","is_outbreak_front":false,"is_persistent_cluster":false,"cluster_id":485134}},{"type":"Feature","id":485135,"geometry":{"type":"Polygon","coordinates":[[[91.9676,25.63868],[91.96651,25.63872],[91.964,25.64174],[91.9676,25.63868]]]},"properties":{"cluster_date":"2024-12-31","cluster_fire_count":3,"total_cluster_frp":9.88,"max_frp":4.01,"cluster_convex_hull_area_km2":0.0171,"centroid_lat":25.6397,"centroid_lon":91.966,"mean_persistence_7d":0.0,"share_forest_shrub":1.0,"share_industrial":0.0,"dominant_land_cover":10,"dominant_class":0,"dominant_label":"Wildfire","is_outbreak_front":false,"is_persistent_cluster":false,"cluster_id":485135}},{"type":"Feature","id":485136,"geometry":{"type":"Polygon","coordinates":[[[95.02778,26.39068],[95.01555,26.39215],[95.01254,26.39504],[95.01168,26.39935],[95.0166,26.40034],[95.02157,26.40134],[95.02724,26.40247],[95.0349,26.39953],[95.03572,26.39521],[95.03556,26.3907],[95.02778,26.39068]]]},"properties":{"cluster_date":"2024-12-31","cluster_fire_count":29,"total_cluster_frp":901.16,"max_frp":75.63,"cluster_convex_hull_area_km2":2.342,"centroid_lat":26.3966,"centroid_lon":95.0248,"mean_persistence_7d":0.0,"share_forest_shrub":1.0,"share_industrial":0.0,"dominant_land_cover":10,"dominant_class":0,"dominant_label":"Wildfire","is_outbreak_front":true,"is_persistent_cluster":false,"cluster_id":485136}},{"type":"Feature","id":485137,"geometry":{"type":"Polygon","coordinates":[[[95.41497,26.89952],[95.41419,26.90345],[95.42215,26.90503],[95.4227,26.9008],[95.42262,26.90069],[95.41497,26.89952]]]},"properties":{"cluster_date":"2024-12-31","cluster_fire_count":10,"total_cluster_frp":58.32,"max_frp":7.16,"cluster_convex_hull_area_km2":0.3537,"centroid_lat":26.9024,"centroid_lon":95.4188,"mean_persistence_7d":0.0,"share_forest_shrub":1.0,"share_industrial":0.0,"dominant_land_cover":30,"dominant_class":1,"dominant_label":"Agricultural burning","is_outbreak_front":true,"is_persistent_cluster":false,"cluster_id":485137}},{"type":"Feature","id":485138,"geometry":{"type":"Polygon","coordinates":[[[93.68575,26.81383],[93.68368,26.81526],[93.68582,26.81895],[93.68903,26.81638],[93.687,26.81437],[93.68575,26.81383]]]},"properties":{"cluster_date":"2024-12-31","cluster_fire_count":6,"total_cluster_frp":21.94,"max_frp":4.75,"cluster_convex_hull_area_km2":0.1525,"centroid_lat":26.816,"centroid_lon":93.6861,"mean_persistence_7d":2.0,"share_forest_shrub":0.0,"share_industrial":0.0,"dominant_land_cover":40,"dominant_class":1,"dominant_label":"Agricultural burning","is_outbreak_front":false,"is_persistent_cluster":false,"cluster_id":485138}},{"type":"Feature","id":485139,"geometry":{"type":"Polygon","coordinates":[[[95.03495,27.7253],[95.03112,27.72759],[95.04542,27.73879],[95.03818,27.72918],[95.03495,27.7253]]]},"properties":{"cluster_date":"2024-12-31","cluster_fire_count":6,"total_cluster_frp":17.2,"max_frp":3.87,"cluster_convex_hull_area_km2":0.4146,"centroid_lat":27.7296,"centroid_lon":95.0366,"mean_persistence_7d":0.8333,"share_forest_shrub":1.0,"share_industrial":0.0,"dominant_land_cover":10,"dominant_class":0,"dominant_label":"Wildfire","is_outbreak_front":true,"is_persistent_cluster":false,"cluster_id":485139}},{"type":"Feature","id":485140,"geometry":{"type":"Polygon","coordinates":[[[94.26854,28.73191],[94.27065,28.73684],[94.27221,28.73604],[94.27295,28.73277],[94.26854,28.73191]]]},"properties":{"cluster_date":"2024-12-31","cluster_fire_count":5,"total_cluster_frp":103.26,"max_frp":28.41,"cluster_convex_hull_area_km2":0.1281,"centroid_lat":28.7341,"centroid_lon":94.2713,"mean_persistence_7d":0.0,"share_forest_shrub":1.0,"share_industrial":0.0,"dominant_land_cover":10,"dominant_class":0,"dominant_label":"Wildfire","is_outbreak_front":true,"is_persistent_cluster":false,"cluster_id":485140}},{"type":"Feature","id":485141,"geometry":{"type":"Polygon","coordinates":[[[88.68972,27.6321],[88.69421,27.63408],[88.69827,27.63479],[88.68972,27.6321]]]},"properties":{"cluster_date":"2024-12-31","cluster_fire_count":3,"total_cluster_frp":24.8,"max_frp":9.33,"cluster_convex_hull_area_km2":0.0256,"centroid_lat":27.6337,"centroid_lon":88.6941,"mean_persistence_7d":0.0,"share_forest_shrub":1.0,"share_industrial":0.0,"dominant_land_cover":30,"dominant_class":1,"dominant_label":"Agricultural burning","is_outbreak_front":false,"is_persistent_cluster":false,"cluster_id":485141}},{"type":"Feature","id":485142,"geometry":{"type":"Polygon","coordinates":[[[85.26115,20.78367],[85.25352,20.7844],[85.25052,20.79655],[85.25163,20.80831],[85.25582,20.80955],[85.25697,20.80941],[85.26774,20.78728],[85.26115,20.78367]]]},"properties":{"cluster_date":"2024-12-31","cluster_fire_count":18,"total_cluster_frp":44.05,"max_frp":5.38,"cluster_convex_hull_area_km2":3.1049,"centroid_lat":20.7967,"centroid_lon":85.2568,"mean_persistence_7d":5.0,"share_forest_shrub":0.0,"share_industrial":1.0,"dominant_land_cover":50,"dominant_class":4,"dominant_label":"Persistent thermal source","is_outbreak_front":false,"is_persistent_cluster":true,"cluster_id":485142}},{"type":"Feature","id":485143,"geometry":{"type":"Polygon","coordinates":[[[86.0136,20.96544],[85.99906,20.96889],[85.9996,20.97451],[86.0109,21.00183],[86.01484,20.99581],[86.02112,20.96847],[86.01894,20.96721],[86.0136,20.96544]]]},"properties":{"cluster_date":"2024-12-31","cluster_fire_count":15,"total_cluster_frp":51.79,"max_frp":9.97,"cluster_convex_hull_area_km2":5.1234,"centroid_lat":20.9756,"centroid_lon":86.0125,"mean_persistence_7d":5.0,"share_forest_shrub":1.0,"share_industrial":0.0,"dominant_land_cover":10,"dominant_class":4,"dominant_label":"Persistent thermal source","is_outbreak_front":false,"is_persistent_cluster":false,"cluster_id":485143}},{"type":"Feature","id":485144,"geometry":{"type":"Polygon","coordinates":[[[83.76109,20.78705],[83.75913,20.8142],[83.77869,20.82118],[83.76109,20.78705]]]},"properties":{"cluster_date":"2024-12-31","cluster_fire_count":5,"total_cluster_frp":16.05,"max_frp":4.21,"cluster_convex_hull_area_km2":3.0272,"centroid_lat":20.8069,"centroid_lon":83.7647,"mean_persistence_7d":0.4,"share_forest_shrub":1.0,"share_industrial":0.0,"dominant_land_cover":30,"dominant_class":1,"dominant_label":"Agricultural burning","is_outbreak_front":true,"is_persistent_cluster":false,"cluster_id":485144}},{"type":"Feature","id":485145,"geometry":{"type":"Polygon","coordinates":[[[87.25732,21.74116],[87.26798,21.75531],[87.26832,21.75433],[87.25732,21.74116]]]},"properties":{"cluster_date":"2024-12-31","cluster_fire_count":3,"total_cluster_frp":10.7,"max_frp":5.07,"cluster_convex_hull_area_km2":0.0841,"centroid_lat":21.7503,"centroid_lon":87.2645,"mean_persistence_7d":1.6667,"share_forest_shrub":1.0,"share_industrial":0.0,"dominant_land_cover":30,"dominant_class":1,"dominant_label":"Agricultural burning","is_outbreak_front":false,"is_persistent_cluster":false,"cluster_id":485145}},{"type":"Feature","id":485146,"geometry":{"type":"Polygon","coordinates":[[[83.85191,21.04284],[83.86497,21.0665],[83.86549,21.06226],[83.85191,21.04284]]]},"properties":{"cluster_date":"2024-12-31","cluster_fire_count":3,"total_cluster_frp":10.46,"max_frp":3.87,"cluster_convex_hull_area_km2":0.3754,"centroid_lat":21.0572,"centroid_lon":83.8608,"mean_persistence_7d":0.0,"share_forest_shrub":1.0,"share_industrial":0.0,"dominant_land_cover":30,"dominant_class":1,"dominant_label":"Agricultural burning","is_outbreak_front":false,"is_persistent_cluster":false,"cluster_id":485146}},{"type":"Feature","id":485147,"geometry":{"type":"Polygon","coordinates":[[[87.27994,21.86616],[87.2684,21.8676],[87.27885,21.86699],[87.27994,21.86616]]]},"properties":{"cluster_date":"2024-12-31","cluster_fire_count":3,"total_cluster_frp":11.65,"max_frp":5.11,"cluster_convex_hull_area_km2":0.0441,"centroid_lat":21.8669,"centroid_lon":87.2757,"mean_persistence_7d":0.0,"share_forest_shrub":1.0,"share_industrial":0.0,"dominant_land_cover":30,"dominant_class":1,"dominant_label":"Agricultural burning","is_outbreak_front":false,"is_persistent_cluster":false,"cluster_id":485147}},{"type":"Feature","id":485148,"geometry":{"type":"Polygon","coordinates":[[[87.23101,21.88312],[87.21496,21.89646],[87.23481,21.917],[87.23101,21.88312]]]},"properties":{"cluster_date":"2024-12-31","cluster_fire_count":4,"total_cluster_frp":16.77,"max_frp":8.28,"cluster_convex_hull_area_km2":3.2742,"centroid_lat":21.8975,"centroid_lon":87.2268,"mean_persistence_7d":0.5,"share_forest_shrub":1.0,"share_industrial":0.0,"dominant_land_cover":30,"dominant_class":1,"dominant_label":"Agricultural burning","is_outbreak_front":false,"is_persistent_cluster":false,"cluster_id":485148}},{"type":"Feature","id":485149,"geometry":{"type":"Polygon","coordinates":[[[83.67371,21.29315],[83.66595,21.31239],[83.67549,21.29354],[83.67371,21.29315]]]},"properties":{"cluster_date":"2024-12-31","cluster_fire_count":3,"total_cluster_frp":19.89,"max_frp":8.97,"cluster_convex_hull_area_km2":0.2063,"centroid_lat":21.2997,"centroid_lon":83.6717,"mean_persistence_7d":0.6667,"share_forest_shrub":1.0,"share_industrial":0.0,"dominant_land_cover":30,"dominant_class":1,"dominant_label":"Agricultural burning","is_outbreak_front":false,"is_persistent_cluster":false,"cluster_id":485149}},{"type":"Feature","id":485150,"geometry":{"type":"Polygon","coordinates":[[[83.45952,21.28827],[83.43507,21.28959],[83.46185,21.31757],[83.46689,21.29334],[83.46386,21.28855],[83.45952,21.28827]]]},"properties":{"cluster_date":"2024-12-31","cluster_fire_count":7,"total_cluster_frp":28.08,"max_frp":5.7,"cluster_convex_hull_area_km2":5.2227,"centroid_lat":21.2943,"centroid_lon":83.4584,"mean_persistence_7d":0.1429,"share_forest_shrub":1.0,"share_industrial":0.0,"dominant_land_cover":30,"dominant_class":1,"dominant_label":"Agricultural burning","is_outbreak_front":true,"is_persistent_cluster":false,"cluster_id":485150}},{"type":"Feature","id":485151,"geometry":{"type":"Polygon","coordinates":[[[84.06721,21.53466],[84.06544,21.5362],[84.06667,21.54103],[84.07891,21.56473],[84.07008,21.53906],[84.06721,21.53466]]]},"properties":{"cluster_date":"2024-12-31","cluster_fire_count":7,"total_cluster_frp":36.66,"max_frp":9.53,"cluster_convex_hull_area_km2":0.7514,"centroid_lat":21.5417,"centroid_lon":84.069,"mean_persistence_7d":1.0,"share_forest_shrub":1.0,"share_industrial":0.0,"dominant_land_cover":30,"dominant_class":1,"dominant_label":"Agricultural burning","is_outbreak_front":true,"is_persistent_cluster":false,"cluster_id":485151}},{"type":"Feature","id":485152,"geometry":{"type":"Polygon","coordinates":[[[82.95632,21.32368],[82.94717,21.32439],[82.94156,21.32989],[82.95326,21.32722],[82.95632,21.32368]]]},"properties":{"cluster_date":"2024-12-31","cluster_fire_count":7,"total_cluster_frp":33.95,"max_frp":6.68,"cluster_convex_hull_area_km2":0.4404,"centroid_lat":21.3264,"centroid_lon":82.9483,"mean_persistence_7d":1.8571,"share_forest_shrub":1.0,"share_industrial":0.0,"dominant_land_cover":10,"dominant_class":0,"dominant_label":"Wildfire","is_outbreak_front":false,"is_persistent_cluster":false,"cluster_id":485152}},{"type":"Feature","id":485153,"geometry":{"type":"Polygon","coordinates":[[[87.29073,22.35885],[87.28822,22.35905],[87.27757,22.37823],[87.27688,22.38144],[87.28034,22.3811],[87.30373,22.36694],[87.3029,22.36376],[87.29073,22.35885]]]},"properties":{"cluster_date":"2024-12-31","cluster_fire_count":13,"total_cluster_frp":21.03,"max_frp":3.73,"cluster_convex_hull_area_km2":3.0523,"centroid_lat":22.3701,"centroid_lon":87.2908,"mean_persistence_7d":5.6923,"share_forest_shrub":1.0,"share_industrial":0.0,"dominant_land_cover":30,"dominant_class":4,"dominant_label":"Persistent thermal source","is_outbreak_front":false,"is_persistent_cluster":false,"cluster_id":485153}},{"type":"Feature","id":485154,"geometry":{"type":"Polygon","coordinates":[[[83.03333,21.41067],[83.02525,21.41377],[83.03221,21.41875],[83.04086,21.4116],[83.03333,21.41067]]]},"properties":{"cluster_date":"2024-12-31","cluster_fire_count":5,"total_cluster_frp":25.69,"max_frp":8.19,"cluster_convex_hull_area_km2":0.684,"centroid_lat":21.4141,"centroid_lon":83.0335,"mean_persistence_7d":0.2,"share_forest_shrub":1.0,"share_industrial":0.0,"dominant_land_cover":10,"dominant_class":0,"dominant_label":"Wildfire","is_outbreak_front":true,"is_persistent_cluster":false,"cluster_id":485154}},{"type":"Feature","id":485155,"geometry":{"type":"Polygon","coordinates":[[[84.27416,21.8059],[84.27132,21.80865],[84.27152,21.8095],[84.27416,21.8059]]]},"properties":{"cluster_date":"2024-12-31","cluster_fire_count":3,"total_cluster_frp":26.63,"max_frp":9.58,"cluster_convex_hull_area_km2":0.0163,"centroid_lat":21.808,"centroid_lon":84.2723,"mean_persistence_7d":1.0,"share_forest_shrub":1.0,"share_industrial":0.0,"dominant_land_cover":30,"dominant_class":1,"dominant_label":"Agricultural burning","is_outbreak_front":false,"is_persistent_cluster":false,"cluster_id":485155}},{"type":"Feature","id":485156,"geometry":{"type":"Polygon","coordinates":[[[83.09787,21.58033],[83.09523,21.58316],[83.09151,21.59799],[83.10267,21.58074],[83.09787,21.58033]]]},"properties":{"cluster_date":"2024-12-31","cluster_fire_count":7,"total_cluster_frp":41.15,"max_frp":8.89,"cluster_convex_hull_area_km2":0.6406,"centroid_lat":21.5847,"centroid_lon":83.097,"mean_persistence_7d":0.1429,"share_forest_shrub":1.0,"share_industrial":0.0,"dominant_land_cover":10,"dominant_class":0,"dominant_label":"Wildfire","is_outbreak_front":true,"is_persistent_cluster":false,"cluster_id":485156}},{"type":"Feature","id":485157,"geometry":{"type":"Polygon","coordinates":[[[83.82035,21.74228],[83.81952,21.74272],[83.82525,21.7802],[83.82961,21.78432],[83.83759,21.78382],[83.83998,21.78139],[83.84653,21.758],[83.82035,21.74228]]]},"properties":{"cluster_date":"2024-12-31","cluster_fire_count":26,"total_cluster_frp":58.16,"max_frp":4.94,"cluster_convex_hull_area_km2":7.5835,"centroid_lat":21.7669,"centroid_lon":83.8311,"mean_persistence_7d":6.3077,"share_forest_shrub":1.0,"share_industrial":0.0,"dominant_land_cover":30,"dominant_class":4,"dominant_label":"Persistent thermal source","is_outbreak_front":false,"is_persistent_cluster":false,"cluster_id":485157}},{"type":"Feature","id":485158,"geometry":{"type":"Polygon","coordinates":[[[83.31809,21.63068],[83.33916,21.65419],[83.3584,21.66681],[83.36079,21.66387],[83.36178,21.65162],[83.31809,21.63068]]]},"properties":{"cluster_date":"2024-12-31","cluster_fire_count":11,"total_cluster_frp":57.04,"max_frp":12.04,"cluster_convex_hull_area_km2":5.2272,"centroid_lat":21.6553,"centroid_lon":83.35,"mean_persistence_7d":1.0909,"share_forest_shrub":1.0,"share_industrial":0.0,"dominant_land_cover":10,"dominant_class":0,"dominant_label":"Wildfire","is_outbreak_front":false,"is_persistent_cluster":false,"cluster_id":485158}},{"type":"Feature","id":485159,"geometry":{"type":"Polygon","coordinates":[[[83.27103,21.68171],[83.24427,21.68743],[83.26374,21.70593],[83.28343,21.70826],[83.27103,21.68171]]]},"properties":{"cluster_date":"2024-12-31","cluster_fire_count":4,"total_cluster_frp":18.72,"max_frp":6.26,"cluster_convex_hull_area_km2":6.0703,"centroid_lat":21.6958,"centroid_lon":83.2656,"mean_persistence_7d":0.25,"share_forest_shrub":1.0,"share_industrial":0.0,"dominant_land_cover":10,"dominant_class":0,"dominant_label":"Wildfire","is_outbreak_front":false,"is_persistent_cluster":false,"cluster_id":485159}},{"type":"Feature","id":485160,"geometry":{"type":"Polygon","coordinates":[[[83.93533,21.87787],[83.92898,21.88069],[83.92886,21.88398],[83.9337,21.88214],[83.93533,21.87787]]]},"properties":{"cluster_date":"2024-12-31","cluster_fire_count":5,"total_cluster_frp":41.77,"max_frp":13.95,"cluster_convex_hull_area_km2":0.2105,"centroid_lat":21.8813,"centroid_lon":83.9312,"mean_persistence_7d":0.0,"share_forest_shrub":1.0,"share_industrial":0.2,"dominant_land_cover":30,"dominant_class":1,"dominant_label":"Agricultural burning","is_outbreak_front":true,"is_persistent_cluster":false,"cluster_id":485160}},{"type":"Feature","id":485161,"geometry":{"type":"Polygon","coordinates":[[[82.74284,21.73384],[82.71898,21.74798],[82.69918,21.76983],[82.68862,21.827],[82.75391,21.83779],[82.79475,21.83154],[82.80349,21.82741],[82.82146,21.81335],[82.74284,21.73384]]]},"properties":{"cluster_date":"2024-12-31","cluster_fire_count":52,"total_cluster_frp":298.1,"max_frp":11.6,"cluster_convex_hull_area_km2":93.3829,"centroid_lat":21.7989,"centroid_lon":82.7571,"mean_persistence_7d":1.4423,"share_forest_shrub":1.0,"share_industrial":0.0,"dominant_land_cover":10,"dominant_class":0,"dominant_label":"Wildfire","is_outbreak_front":false,"is_persistent_cluster":false,"cluster_id":485161}},{"type":"Feature","id":485162,"geometry":{"type":"Polygon","coordinates":[[[84.02664,22.05646],[84.0219,22.05822],[84.02604,22.06285],[84.02765,22.06079],[84.02664,22.05646]]]},"properties":{"cluster_date":"2024-12-31","cluster_fire_count":4,"total_cluster_frp":40.23,"max_frp":15.96,"cluster_convex_hull_area_km2":0.2106,"centroid_lat":22.0596,"centroid_lon":84.0256,"mean_persistence_7d":0.0,"share_forest_shrub":1.0,"share_industrial":0.0,"dominant_land_cover":30,"dominant_class":1,"dominant_label":"Agricultural burning","is_outbreak_front":false,"is_persistent_cluster":false,"cluster_id":485162}},{"type":"Feature","id":485163,"geometry":{"type":"Polygon","coordinates":[[[82.74981,21.87086],[82.74207,21.88615],[82.73667,21.91576],[82.74001,21.93239],[82.75054,21.93771],[82.75375,21.93907],[82.81532,21.93592],[82.83616,21.92217],[82.87058,21.89368],[82.86794,21.88519],[82.86587,21.88304],[82.84972,21.87889],[82.74981,21.87086]]]},"properties":{"cluster_date":"2024-12-31","cluster_fire_count":43,"total_cluster_frp":300.71,"max_frp":29.63,"cluster_convex_hull_area_km2":74.8881,"centroid_lat":21.9077,"centroid_lon":82.7971,"mean_persistence_7d":0.7907,"share_forest_shrub":1.0,"share_industrial":0.0,"dominant_land_cover":10,"dominant_class":0,"dominant_label":"Wildfire","is_outbreak_front":true,"is_persistent_cluster":false,"cluster_id":485163}},{"type":"Feature","id":485164,"geometry":{"type":"Polygon","coordinates":[[[82.60718,21.85344],[82.58872,21.86727],[82.56697,21.88678],[82.64562,21.87018],[82.65022,21.86275],[82.60718,21.85344]]]},"properties":{"cluster_date":"2024-12-31","cluster_fire_count":18,"total_cluster_frp":117.33,"max_frp":15.55,"cluster_convex_hull_area_km2":13.0959,"centroid_lat":21.8654,"centroid_lon":82.6111,"mean_persistence_7d":0.2778,"share_forest_shrub":1.0,"share_industrial":0.0,"dominant_land_cover":10,"dominant_class":0,"dominant_label":"Wildfire","is_outbreak_front":true,"is_persistent_cluster":false,"cluster_id":485164}},{"type":"Feature","id":485165,"geometry":{"type":"Polygon","coordinates":[[[82.37547,21.80107],[82.3669,21.82383],[82.37933,21.8237],[82.37547,21.80107]]]},"properties":{"cluster_date":"2024-12-31","cluster_fire_count":6,"total_cluster_frp":25.11,"max_frp":5.13,"cluster_convex_hull_area_km2":1.553,"centroid_lat":21.8196,"centroid_lon":82.3723,"mean_persistence_7d":0.0,"share_forest_shrub":1.0,"share_industrial":0.0,"dominant_land_cover":10,"dominant_class":0,"dominant_label":"Wildfire","is_outbreak_front":true,"is_persistent_cluster":false,"cluster_id":485165}},{"type":"Feature","id":485166,"geometry":{"type":"Polygon","coordinates":[[[86.2077,22.78371],[86.20321,22.78437],[86.20198,22.78496],[86.19594,22.78842],[86.1943,22.78969],[86.19496,22.79535],[86.20071,22.79962],[86.20372,22.80027],[86.21045,22.79833],[86.20898,22.78852],[86.2077,22.78371]]]},"properties":{"cluster_date":"2024-12-31","cluster_fire_count":21,"total_cluster_frp":52.28,"max_frp":5.5,"cluster_convex_hull_area_km2":2.1002,"centroid_lat":22.7912,"centroid_lon":86.2037,"mean_persistence_7d":6.3333,"share_forest_shrub":0.0,"share_industrial":1.0,"dominant_land_cover":50,"dominant_class":4,"dominant_label":"Persistent thermal source","is_outbreak_front":false,"is_persistent_cluster":true,"cluster_id":485166}},{"type":"Feature","id":485167,"geometry":{"type":"Polygon","coordinates":[[[88.00978,23.2059],[88.01416,23.22609],[88.01653,23.22738],[88.00978,23.2059]]]},"properties":{"cluster_date":"2024-12-31","cluster_fire_count":3,"total_cluster_frp":10.73,"max_frp":4.67,"cluster_convex_hull_area_km2":0.23,"centroid_lat":23.2198,"centroid_lon":88.0135,"mean_persistence_7d":1.0,"share_forest_shrub":1.0,"share_industrial":0.0,"dominant_land_cover":30,"dominant_class":1,"dominant_label":"Agricultural burning","is_outbreak_front":false,"is_persistent_cluster":false,"cluster_id":485167}},{"type":"Feature","id":485168,"geometry":{"type":"Polygon","coordinates":[[[82.39639,22.05397],[82.3775,22.05964],[82.37599,22.07142],[82.38054,22.08178],[82.39639,22.05397]]]},"properties":{"cluster_date":"2024-12-31","cluster_fire_count":6,"total_cluster_frp":31.03,"max_frp":6.09,"cluster_convex_hull_area_km2":2.7762,"centroid_lat":22.0696,"centroid_lon":82.3813,"mean_persistence_7d":0.3333,"share_forest_shrub":1.0,"share_industrial":0.0,"dominant_land_cover":10,"dominant_class":0,"dominant_label":"Wildfire","is_outbreak_front":true,"is_persistent_cluster":false,"cluster_id":485168}},{"type":"Feature","id":485169,"geometry":{"type":"Polygon","coordinates":[[[82.29722,22.35038],[82.29175,22.35124],[82.28536,22.35342],[82.30249,22.36491],[82.3059,22.36042],[82.30736,22.35628],[82.29722,22.35038]]]},"properties":{"cluster_date":"2024-12-31","cluster_fire_count":22,"total_cluster_frp":69.81,"max_frp":10.14,"cluster_convex_hull_area_km2":1.7483,"centroid_lat":22.3561,"centroid_lon":82.2982,"mean_persistence_7d":6.5909,"share_forest_shrub":1.0,"share_industrial":0.0,"dominant_land_cover":10,"dominant_class":4,"dominant_label":"Persistent thermal source","is_outbreak_front":false,"is_persistent_cluster":false,"cluster_id":485169}},{"type":"Feature","id":485170,"geometry":{"type":"Polygon","coordinates":[[[87.12562,23.68465],[87.12247,23.68535],[87.10007,23.69035],[87.09674,23.69398],[87.10478,23.69868],[87.1196,23.69729],[87.12333,23.69694],[87.12495,23.69538],[87.12575,23.68614],[87.12562,23.68465]]]},"properties":{"cluster_date":"2024-12-31","cluster_fire_count":30,"total_cluster_frp":38.47,"max_frp":4.51,"cluster_convex_hull_area_km2":2.8635,"centroid_lat":23.6922,"centroid_lon":87.1156,"mean_persistence_7d":6.6,"share_forest_shrub":0.0,"share_industrial":1.0,"dominant_land_cover":50,"dominant_class":4,"dominant_label":"Persistent thermal source","is_outbreak_front":false,"is_persistent_cluster":true,"cluster_id":485170}},{"type":"Feature","id":485171,"geometry":{"type":"Polygon","coordinates":[[[86.44033,23.71613],[86.41907,23.72171],[86.32987,23.78671],[86.32799,23.78934],[86.32574,23.80672],[86.3302,23.80546],[86.39059,23.78478],[86.39603,23.78131],[86.4382,23.73418],[86.44045,23.72553],[86.44033,23.71613]]]},"properties":{"cluster_date":"2024-12-31","cluster_fire_count":89,"total_cluster_frp":176.37,"max_frp":4.72,"cluster_convex_hull_area_km2":38.4765,"centroid_lat":23.7712,"centroid_lon":86.3809,"mean_persistence_7d":6.8315,"share_forest_shrub":0.0,"share_industrial":1.0,"dominant_land_cover":50,"dominant_class":4,"dominant_label":"Persistent thermal source","is_outbreak_front":false,"is_persistent_cluster":true,"cluster_id":485171}},{"type":"Feature","id":485172,"geometry":{"type":"Polygon","coordinates":[[[86.08746,23.67932],[86.08387,23.68255],[86.08801,23.68508],[86.09116,23.686],[86.09521,23.68223],[86.09634,23.67977],[86.08746,23.67932]]]},"properties":{"cluster_date":"2024-12-31","cluster_fire_count":7,"total_cluster_frp":14.84,"max_frp":3.46,"cluster_convex_hull_area_km2":0.5618,"centroid_lat":23.6828,"centroid_lon":86.0906,"mean_persistence_7d":6.8571,"share_forest_shrub":0.0,"share_industrial":1.0,"dominant_land_cover":50,"dominant_class":4,"dominant_label":"Persistent thermal source","is_outbreak_front":false,"is_persistent_cluster":true,"cluster_id":485172}},{"type":"Feature","id":485173,"geometry":{"type":"Polygon","coordinates":[[[95.52676,27.01866],[95.52615,27.02194],[95.52936,27.0258],[95.52998,27.02252],[95.5306,27.01923],[95.52676,27.01866]]]},"properties":{"cluster_date":"2024-12-31","cluster_fire_count":5,"total_cluster_frp":74.49,"max_frp":18.94,"cluster_convex_hull_area_km2":0.2058,"centroid_lat":27.0216,"centroid_lon":95.5286,"mean_persistence_7d":0.0,"share_forest_shrub":1.0,"share_industrial":0.0,"dominant_land_cover":10,"dominant_class":0,"dominant_label":"Wildfire","is_outbreak_front":true,"is_persistent_cluster":false,"cluster_id":485173}},{"type":"Feature","id":485174,"geometry":{"type":"Polygon","coordinates":[[[95.26846,27.31571],[95.26359,27.32027],[95.26426,27.31977],[95.26846,27.31571]]]},"properties":{"cluster_date":"2024-12-31","cluster_fire_count":3,"total_cluster_frp":2.48,"max_frp":1.11,"cluster_convex_hull_area_km2":0.0033,"centroid_lat":27.3186,"centroid_lon":95.2654,"mean_persistence_7d":5.0,"share_forest_shrub":0.0,"share_industrial":1.0,"dominant_land_cover":50,"dominant_class":4,"dominant_label":"Persistent thermal source","is_outbreak_front":false,"is_persistent_cluster":true,"cluster_id":485174}},{"type":"Feature","id":485175,"geometry":{"type":"Polygon","coordinates":[[[76.50677,10.68461],[76.50327,10.68678],[76.50235,10.68752],[76.5057,10.69156],[76.50781,10.68752],[76.50677,10.68461]]]},"properties":{"cluster_date":"2024-12-31","cluster_fire_count":6,"total_cluster_frp":31.91,"max_frp":7.87,"cluster_convex_hull_area_km2":0.2362,"centroid_lat":10.6877,"centroid_lon":76.5054,"mean_persistence_7d":0.0,"share_forest_shrub":1.0,"share_industrial":0.0,"dominant_land_cover":10,"dominant_class":0,"dominant_label":"Wildfire","is_outbreak_front":true,"is_persistent_cluster":false,"cluster_id":485175}},{"type":"Feature","id":485176,"geometry":{"type":"Polygon","coordinates":[[[77.47059,12.24608],[77.47062,12.24911],[77.47664,12.26136],[77.4773,12.26136],[77.47059,12.24608]]]},"properties":{"cluster_date":"2024-12-31","cluster_fire_count":4,"total_cluster_frp":20.28,"max_frp":10.24,"cluster_convex_hull_area_km2":0.1685,"centroid_lat":12.2545,"centroid_lon":77.4738,"mean_persistence_7d":0.0,"share_forest_shrub":1.0,"share_industrial":0.0,"dominant_land_cover":30,"dominant_class":1,"dominant_label":"Agricultural burning","is_outbreak_front":false,"is_persistent_cluster":false,"cluster_id":485176}},{"type":"Feature","id":485177,"geometry":{"type":"Polygon","coordinates":[[[77.21234,12.47862],[77.21254,12.48232],[77.21313,12.47881],[77.21234,12.47862]]]},"properties":{"cluster_date":"2024-12-31","cluster_fire_count":3,"total_cluster_frp":9.15,"max_frp":4.07,"cluster_convex_hull_area_km2":0.0173,"centroid_lat":12.4799,"centroid_lon":77.2127,"mean_persistence_7d":0.0,"share_forest_shrub":1.0,"share_industrial":0.0,"dominant_land_cover":30,"dominant_class":1,"dominant_label":"Agricultural burning","is_outbreak_front":false,"is_persistent_cluster":false,"cluster_id":485177}},{"type":"Feature","id":485178,"geometry":{"type":"Polygon","coordinates":[[[76.60566,12.61721],[76.60394,12.62804],[76.60603,12.62812],[76.60767,12.61747],[76.60566,12.61721]]]},"properties":{"cluster_date":"2024-12-31","cluster_fire_count":4,"total_cluster_frp":25.25,"max_frp":9.64,"cluster_convex_hull_area_km2":0.2678,"centroid_lat":12.6227,"centroid_lon":76.6058,"mean_persistence_7d":0.0,"share_forest_shrub":1.0,"share_industrial":0.0,"dominant_land_cover":30,"dominant_class":1,"dominant_label":"Agricultural burning","is_outbreak_front":false,"is_persistent_cluster":false,"cluster_id":485178}},{"type":"Feature","id":485179,"geometry":{"type":"Polygon","coordinates":[[[78.24893,13.30912],[78.25011,13.31181],[78.25185,13.30934],[78.24893,13.30912]]]},"properties":{"cluster_date":"2024-12-31","cluster_fire_count":3,"total_cluster_frp":25.13,"max_frp":11.54,"cluster_convex_hull_area_km2":0.0453,"centroid_lat":13.3101,"centroid_lon":78.2503,"mean_persistence_7d":0.0,"share_forest_shrub":1.0,"share_industrial":0.0,"dominant_land_cover":30,"dominant_class":1,"dominant_label":"Agricultural burning","is_outbreak_front":false,"is_persistent_cluster":false,"cluster_id":485179}},{"type":"Feature","id":485180,"geometry":{"type":"Polygon","coordinates":[[[75.78375,13.21984],[75.78479,13.22158],[75.78679,13.22254],[75.78375,13.21984]]]},"properties":{"cluster_date":"2024-12-31","cluster_fire_count":3,"total_cluster_frp":13.12,"max_frp":5.32,"cluster_convex_hull_area_km2":0.0148,"centroid_lat":13.2213,"centroid_lon":75.7851,"mean_persistence_7d":0.0,"share_forest_shrub":1.0,"share_industrial":0.0,"dominant_land_cover":30,"dominant_class":1,"dominant_label":"Agricultural burning","is_outbreak_front":false,"is_persistent_cluster":false,"cluster_id":485180}},{"type":"Feature","id":485181,"geometry":{"type":"Polygon","coordinates":[[[75.66042,13.79343],[75.65945,13.79723],[75.65881,13.80096],[75.6599,13.79688],[75.66042,13.79343]]]},"properties":{"cluster_date":"2024-12-31","cluster_fire_count":4,"total_cluster_frp":10.7,"max_frp":2.81,"cluster_convex_hull_area_km2":0.0168,"centroid_lat":13.7971,"centroid_lon":75.6596,"mean_persistence_7d":0.0,"share_forest_shrub":1.0,"share_industrial":0.0,"dominant_land_cover":30,"dominant_class":1,"dominant_label":"Agricultural burning","is_outbreak_front":false,"is_persistent_cluster":false,"cluster_id":485181}},{"type":"Feature","id":485182,"geometry":{"type":"Polygon","coordinates":[[[76.01245,13.8717],[76.01099,13.87212],[76.01074,13.8732],[76.0148,13.87376],[76.01505,13.8727],[76.01245,13.8717]]]},"properties":{"cluster_date":"2024-12-31","cluster_fire_count":5,"total_cluster_frp":35.77,"max_frp":16.79,"cluster_convex_hull_area_km2":0.0683,"centroid_lat":13.8727,"centroid_lon":76.0128,"mean_persistence_7d":0.0,"share_forest_shrub":1.0,"share_industrial":0.0,"dominant_land_cover":30,"dominant_class":1,"dominant_label":"Agricultural burning","is_outbreak_front":true,"is_persistent_cluster":false,"cluster_id":485182}},{"type":"Feature","id":485183,"geometry":{"type":"Polygon","coordinates":[[[76.37212,14.04656],[76.37553,14.05116],[76.37978,14.05186],[76.37212,14.04656]]]},"properties":{"cluster_date":"2024-12-31","cluster_fire_count":3,"total_cluster_frp":8.72,"max_frp":4.51,"cluster_convex_hull_area_km2":0.1015,"centroid_lat":14.0499,"centroid_lon":76.3758,"mean_persistence_7d":0.0,"share_forest_shrub":1.0,"share_industrial":0.0,"dominant_land_cover":30,"dominant_class":1,"dominant_label":"Agricultural burning","is_outbreak_front":false,"is_persistent_cluster":false,"cluster_id":485183}},{"type":"Feature","id":485184,"geometry":{"type":"Polygon","coordinates":[[[76.00609,14.69496],[76.01041,14.72395],[76.01105,14.72033],[76.01014,14.69553],[76.00609,14.69496]]]},"properties":{"cluster_date":"2024-12-31","cluster_fire_count":5,"total_cluster_frp":15.78,"max_frp":4.12,"cluster_convex_hull_area_km2":0.7882,"centroid_lat":14.7087,"centroid_lon":76.0093,"mean_persistence_7d":0.2,"share_forest_shrub":1.0,"share_industrial":0.0,"dominant_land_cover":30,"dominant_class":1,"dominant_label":"Agricultural burning","is_outbreak_front":true,"is_persistent_cluster":false,"cluster_id":485184}},{"type":"Feature","id":485185,"geometry":{"type":"Polygon","coordinates":[[[76.67416,15.16627],[76.66697,15.16743],[76.6537,15.1764],[76.64404,15.18479],[76.65781,15.18734],[76.6719,15.18468],[76.69392,15.17336],[76.67416,15.16627]]]},"properties":{"cluster_date":"2024-12-31","cluster_fire_count":21,"total_cluster_frp":57.76,"max_frp":5.76,"cluster_convex_hull_area_km2":6.3642,"centroid_lat":15.1761,"centroid_lon":76.6645,"mean_persistence_7d":4.9524,"share_forest_shrub":0.0,"share_industrial":1.0,"dominant_land_cover":50,"dominant_class":4,"dominant_label":"Persistent thermal source","is_outbreak_front":false,"is_persistent_cluster":true,"cluster_id":485185}},{"type":"Feature","id":485186,"geometry":{"type":"Polygon","coordinates":[[[75.18927,14.96722],[75.18827,14.97407],[75.19213,14.97462],[75.1965,14.97174],[75.19314,14.96776],[75.18927,14.96722]]]},"properties":{"cluster_date":"2024-12-31","cluster_fire_count":8,"total_cluster_frp":50.29,"max_frp":10.38,"cluster_convex_hull_area_km2":0.4757,"centroid_lat":14.9713,"centroid_lon":75.1911,"mean_persistence_7d":1.0,"share_forest_shrub":1.0,"share_industrial":0.0,"dominant_land_cover":30,"dominant_class":1,"dominant_label":"Agricultural burning","is_outbreak_front":true,"is_persistent_cluster":false,"cluster_id":485186}},{"type":"Feature","id":485187,"geometry":{"type":"Polygon","coordinates":[[[76.47202,15.23408],[76.4715,15.23772],[76.47353,15.23835],[76.47459,15.23742],[76.47414,15.23483],[76.47202,15.23408]]]},"properties":{"cluster_date":"2024-12-31","cluster_fire_count":5,"total_cluster_frp":30.45,"max_frp":7.64,"cluster_convex_hull_area_km2":0.1099,"centroid_lat":15.2365,"centroid_lon":76.4732,"mean_persistence_7d":0.0,"share_forest_shrub":1.0,"share_industrial":0.0,"dominant_land_cover":30,"dominant_class":1,"dominant_label":"Agricultural burning","is_outbreak_front":true,"is_persistent_cluster":false,"cluster_id":485187}},{"type":"Feature","id":485188,"geometry":{"type":"Polygon","coordinates":[[[76.72153,15.54948],[76.70543,15.5729],[76.70812,15.57572],[76.72092,15.55295],[76.7215,15.55056],[76.72153,15.54948]]]},"properties":{"cluster_date":"2024-12-31","cluster_fire_count":5,"total_cluster_frp":26.15,"max_frp":10.89,"cluster_convex_hull_area_km2":0.8128,"centroid_lat":15.5603,"centroid_lon":76.7155,"mean_persistence_7d":0.0,"share_forest_shrub":1.0,"share_industrial":0.0,"dominant_land_cover":30,"dominant_class":1,"dominant_label":"Agricultural burning","is_outbreak_front":true,"is_persistent_cluster":false,"cluster_id":485188}},{"type":"Feature","id":485189,"geometry":{"type":"Polygon","coordinates":[[[76.78749,15.61129],[76.77499,15.61639],[76.77892,15.61703],[76.78799,15.6114],[76.78749,15.61129]]]},"properties":{"cluster_date":"2024-12-31","cluster_fire_count":4,"total_cluster_frp":15.69,"max_frp":8.99,"cluster_convex_hull_area_km2":0.1855,"centroid_lat":15.614,"centroid_lon":76.7823,"mean_persistence_7d":1.25,"share_forest_shrub":1.0,"share_industrial":0.0,"dominant_land_cover":30,"dominant_class":1,"dominant_label":"Agricultural burning","is_outbreak_front":false,"is_persistent_cluster":false,"cluster_id":485189}},{"type":"Feature","id":485190,"geometry":{"type":"Polygon","coordinates":[[[76.74534,15.64719],[76.74501,15.64723],[76.74474,15.65066],[76.75715,15.66021],[76.76327,15.66077],[76.74534,15.64719]]]},"properties":{"cluster_date":"2024-12-31","cluster_fire_count":5,"total_cluster_frp":38.13,"max_frp":14.0,"cluster_convex_hull_area_km2":0.716,"centroid_lat":15.6532,"centroid_lon":76.7511,"mean_persistence_7d":1.8,"share_forest_shrub":1.0,"share_industrial":0.0,"dominant_land_cover":30,"dominant_class":1,"dominant_label":"Agricultural burning","is_outbreak_front":false,"is_persistent_cluster":false,"cluster_id":485190}},{"type":"Feature","id":485191,"geometry":{"type":"Polygon","coordinates":[[[76.77039,15.88221],[76.76977,15.88567],[76.76962,15.88775],[76.77051,15.88574],[76.77039,15.88221]]]},"properties":{"cluster_date":"2024-12-31","cluster_fire_count":5,"total_cluster_frp":14.04,"max_frp":3.68,"cluster_convex_hull_area_km2":0.0241,"centroid_lat":15.8851,"centroid_lon":76.7701,"mean_persistence_7d":0.0,"share_forest_shrub":1.0,"share_industrial":0.0,"dominant_land_cover":30,"dominant_class":1,"dominant_label":"Agricultural burning","is_outbreak_front":true,"is_persistent_cluster":false,"cluster_id":485191}},{"type":"Feature","id":485192,"geometry":{"type":"Polygon","coordinates":[[[76.91814,15.95159],[76.91534,15.95212],[76.91577,15.98281],[76.92696,15.97365],[76.91814,15.95159]]]},"properties":{"cluster_date":"2024-12-31","cluster_fire_count":4,"total_cluster_frp":14.04,"max_frp":4.07,"cluster_convex_hull_area_km2":2.4021,"centroid_lat":15.965,"centroid_lon":76.9191,"mean_persistence_7d":1.25,"share_forest_shrub":1.0,"share_industrial":0.0,"dominant_land_cover":30,"dominant_class":1,"dominant_label":"Agricultural burning","is_outbreak_front":false,"is_persistent_cluster":false,"cluster_id":485192}},{"type":"Feature","id":485193,"geometry":{"type":"Polygon","coordinates":[[[75.42517,16.01163],[75.42141,16.01234],[75.40627,16.02434],[75.42344,16.01385],[75.42517,16.01163]]]},"properties":{"cluster_date":"2024-12-31","cluster_fire_count":5,"total_cluster_frp":6.55,"max_frp":2.04,"cluster_convex_hull_area_km2":0.3153,"centroid_lat":16.0151,"centroid_lon":75.4197,"mean_persistence_7d":0.0,"share_forest_shrub":1.0,"share_industrial":0.0,"dominant_land_cover":30,"dominant_class":1,"dominant_label":"Agricultural burning","is_outbreak_front":true,"is_persistent_cluster":false,"cluster_id":485193}},{"type":"Feature","id":485194,"geometry":{"type":"Polygon","coordinates":[[[76.76631,16.3759],[76.76583,16.37766],[76.76578,16.37965],[76.77052,16.38027],[76.76631,16.3759]]]},"properties":{"cluster_date":"2024-12-31","cluster_fire_count":4,"total_cluster_frp":44.92,"max_frp":14.58,"cluster_convex_hull_area_km2":0.1097,"centroid_lat":16.3784,"centroid_lon":76.7671,"mean_persistence_7d":0.0,"share_forest_shrub":1.0,"share_industrial":0.0,"dominant_land_cover":30,"dominant_class":1,"dominant_label":"Agricultural burning","is_outbreak_front":false,"is_persistent_cluster":false,"cluster_id":485194}},{"type":"Feature","id":485195,"geometry":{"type":"Polygon","coordinates":[[[75.43109,16.17125],[75.42934,16.17303],[75.43042,16.1749],[75.43109,16.17125]]]},"properties":{"cluster_date":"2024-12-31","cluster_fire_count":3,"total_cluster_frp":8.99,"max_frp":3.79,"cluster_convex_hull_area_km2":0.0301,"centroid_lat":16.1731,"centroid_lon":75.4303,"mean_persistence_7d":1.0,"share_forest_shrub":1.0,"share_industrial":0.0,"dominant_land_cover":30,"dominant_class":1,"dominant_label":"Agricultural burning","is_outbreak_front":false,"is_persistent_cluster":false,"cluster_id":485195}},{"type":"Feature","id":485196,"geometry":{"type":"Polygon","coordinates":[[[76.53606,16.49117],[76.55466,16.50319],[76.55467,16.5013],[76.53606,16.49117]]]},"properties":{"cluster_date":"2024-12-31","cluster_fire_count":3,"total_cluster_frp":9.7,"max_frp":4.84,"cluster_convex_hull_area_km2":0.2037,"centroid_lat":16.4986,"centroid_lon":76.5485,"mean_persistence_7d":0.0,"share_forest_shrub":1.0,"share_industrial":0.0,"dominant_land_cover":30,"dominant_class":1,"dominant_label":"Agricultural burning","is_outbreak_front":false,"is_persistent_cluster":false,"cluster_id":485196}},{"type":"Feature","id":485197,"geometry":{"type":"Polygon","coordinates":[[[74.69971,16.22452],[74.69793,16.22598],[74.699,16.22831],[74.69971,16.22452]]]},"properties":{"cluster_date":"2024-12-31","cluster_fire_count":3,"total_cluster_frp":21.15,"max_frp":8.39,"cluster_convex_hull_area_km2":0.0331,"centroid_lat":16.2263,"centroid_lon":74.6989,"mean_persistence_7d":0.0,"share_forest_shrub":1.0,"share_industrial":0.0,"dominant_land_cover":30,"dominant_class":1,"dominant_label":"Agricultural burning","is_outbreak_front":false,"is_persistent_cluster":false,"cluster_id":485197}},{"type":"Feature","id":485198,"geometry":{"type":"Polygon","coordinates":[[[76.55113,16.86296],[76.54935,16.86322],[76.54766,16.86425],[76.55113,16.86296]]]},"properties":{"cluster_date":"2024-12-31","cluster_fire_count":3,"total_cluster_frp":8.56,"max_frp":3.49,"cluster_convex_hull_area_km2":0.008,"centroid_lat":16.8635,"centroid_lon":76.5494,"mean_persistence_7d":0.0,"share_forest_shrub":1.0,"share_industrial":0.0,"dominant_land_cover":30,"dominant_class":1,"dominant_label":"Agricultural burning","is_outbreak_front":false,"is_persistent_cluster":false,"cluster_id":485198}},{"type":"Feature","id":485199,"geometry":{"type":"Polygon","coordinates":[[[82.10473,17.84957],[82.11462,17.85922],[82.11899,17.85982],[82.10473,17.84957]]]},"properties":{"cluster_date":"2024-12-31","cluster_fire_count":3,"total_cluster_frp":10.71,"max_frp":4.25,"cluster_convex_hull_area_km2":0.2066,"centroid_lat":17.8562,"centroid_lon":82.1128,"mean_persistence_7d":0.0,"share_forest_shrub":1.0,"share_industrial":0.0,"dominant_land_cover":30,"dominant_class":1,"dominant_label":"Agricultural burning","is_outbreak_front":false,"is_persistent_cluster":false,"cluster_id":485199}},{"type":"Feature","id":485200,"geometry":{"type":"Polygon","coordinates":[[[78.06088,17.28647],[78.06166,17.29116],[78.06222,17.28784],[78.06088,17.28647]]]},"properties":{"cluster_date":"2024-12-31","cluster_fire_count":3,"total_cluster_frp":14.15,"max_frp":7.15,"cluster_convex_hull_area_km2":0.0299,"centroid_lat":17.2885,"centroid_lon":78.0616,"mean_persistence_7d":0.0,"share_forest_shrub":1.0,"share_industrial":0.0,"dominant_land_cover":30,"dominant_class":1,"dominant_label":"Agricultural burning","is_outbreak_front":false,"is_persistent_cluster":false,"cluster_id":485200}},{"type":"Feature","id":485201,"geometry":{"type":"Polygon","coordinates":[[[79.19764,17.62364],[79.22311,17.63164],[79.2225,17.63074],[79.20127,17.62418],[79.19764,17.62364]]]},"properties":{"cluster_date":"2024-12-31","cluster_fire_count":4,"total_cluster_frp":23.58,"max_frp":8.31,"cluster_convex_hull_area_km2":0.1737,"centroid_lat":17.6275,"centroid_lon":79.2111,"mean_persistence_7d":0.5,"share_forest_shrub":1.0,"share_industrial":0.0,"dominant_land_cover":30,"dominant_class":1,"dominant_label":"Agricultural burning","is_outbreak_front":false,"is_persistent_cluster":false,"cluster_id":485201}},{"type":"Feature","id":485202,"geometry":{"type":"Polygon","coordinates":[[[80.78482,17.95611],[80.78151,17.95808],[80.78556,17.9599],[80.78581,17.95838],[80.78482,17.95611]]]},"properties":{"cluster_date":"2024-12-31","cluster_fire_count":4,"total_cluster_frp":9.68,"max_frp":4.41,"cluster_convex_hull_area_km2":0.0916,"centroid_lat":17.9581,"centroid_lon":80.7844,"mean_persistence_7d":6.0,"share_forest_shrub":1.0,"share_industrial":0.0,"dominant_land_cover":30,"dominant_class":4,"dominant_label":"Persistent thermal source","is_outbreak_front":false,"is_persistent_cluster":false,"cluster_id":485202}},{"type":"Feature","id":485203,"geometry":{"type":"Polygon","coordinates":[[[77.77914,17.5575],[77.77723,17.55894],[77.78088,17.55951],[77.77914,17.5575]]]},"properties":{"cluster_date":"2024-12-31","cluster_fire_count":3,"total_cluster_frp":9.67,"max_frp":4.3,"cluster_convex_hull_area_km2":0.0363,"centroid_lat":17.5587,"centroid_lon":77.7791,"mean_persistence_7d":0.0,"share_forest_shrub":1.0,"share_industrial":0.0,"dominant_land_cover":30,"dominant_class":1,"dominant_label":"Agricultural burning","is_outbreak_front":false,"is_persistent_cluster":false,"cluster_id":485203}},{"type":"Feature","id":485204,"geometry":{"type":"Polygon","coordinates":[[[79.37112,17.87349],[79.37206,17.87609],[79.37241,17.87548],[79.37112,17.87349]]]},"properties":{"cluster_date":"2024-12-31","cluster_fire_count":3,"total_cluster_frp":19.21,"max_frp":10.75,"cluster_convex_hull_area_km2":0.0085,"centroid_lat":17.875,"centroid_lon":79.3719,"mean_persistence_7d":0.0,"share_forest_shrub":1.0,"share_industrial":0.0,"dominant_land_cover":30,"dominant_class":1,"dominant_label":"Agricultural burning","is_outbreak_front":false,"is_persistent_cluster":false,"cluster_id":485204}},{"type":"Feature","id":485205,"geometry":{"type":"Polygon","coordinates":[[[73.61794,17.07351],[73.61601,17.07545],[73.61742,17.07684],[73.61794,17.07351]]]},"properties":{"cluster_date":"2024-12-31","cluster_fire_count":3,"total_cluster_frp":11.96,"max_frp":6.76,"cluster_convex_hull_area_km2":0.0311,"centroid_lat":17.0753,"centroid_lon":73.6171,"mean_persistence_7d":0.0,"share_forest_shrub":1.0,"share_industrial":0.0,"dominant_land_cover":10,"dominant_class":0,"dominant_label":"Wildfire","is_outbreak_front":false,"is_persistent_cluster":false,"cluster_id":485205}},{"type":"Feature","id":485206,"geometry":{"type":"Polygon","coordinates":[[[79.88053,18.34166],[79.86497,18.34287],[79.87946,18.3484],[79.88053,18.34166]]]},"properties":{"cluster_date":"2024-12-31","cluster_fire_count":3,"total_cluster_frp":9.19,"max_frp":3.71,"cluster_convex_hull_area_km2":0.5881,"centroid_lat":18.3443,"centroid_lon":79.875,"mean_persistence_7d":1.6667,"share_forest_shrub":1.0,"share_industrial":0.0,"dominant_land_cover":10,"dominant_class":0,"dominant_label":"Wildfire","is_outbreak_front":false,"is_persistent_cluster":false,"cluster_id":485206}},{"type":"Feature","id":485207,"geometry":{"type":"Polygon","coordinates":[[[79.53867,18.72054],[79.53658,18.72072],[79.53453,18.72125],[79.53381,18.72266],[79.53867,18.72054]]]},"properties":{"cluster_date":"2024-12-31","cluster_fire_count":4,"total_cluster_frp":7.04,"max_frp":2.41,"cluster_convex_hull_area_km2":0.0343,"centroid_lat":18.7213,"centroid_lon":79.5359,"mean_persistence_7d":4.0,"share_forest_shrub":1.0,"share_industrial":0.0,"dominant_land_cover":10,"dominant_class":4,"dominant_label":"Persistent thermal source","is_outbreak_front":false,"is_persistent_cluster":false,"cluster_id":485207}},{"type":"Feature","id":485208,"geometry":{"type":"Polygon","coordinates":[[[76.50331,18.32657],[76.50266,18.32669],[76.5023,18.32678],[76.50231,18.32924],[76.50331,18.32657]]]},"properties":{"cluster_date":"2024-12-31","cluster_fire_count":4,"total_cluster_frp":8.29,"max_frp":4.3,"cluster_convex_hull_area_km2":0.0142,"centroid_lat":18.3273,"centroid_lon":76.5026,"mean_persistence_7d":0.0,"share_forest_shrub":1.0,"share_industrial":0.0,"dominant_land_cover":30,"dominant_class":1,"dominant_label":"Agricultural burning","is_outbreak_front":false,"is_persistent_cluster":false,"cluster_id":485208}},{"type":"Feature","id":485209,"geometry":{"type":"Polygon","coordinates":[[[76.8611,18.70134],[76.85555,18.72623],[76.85753,18.728],[76.8611,18.70134]]]},"properties":{"cluster_date":"2024-12-31","cluster_fire_count":5,"total_cluster_frp":9.69,"max_frp":4.03,"cluster_convex_hull_area_km2":0.3345,"centroid_lat":18.717,"centroid_lon":76.8583,"mean_persistence_7d":0.0,"share_forest_shrub":1.0,"share_industrial":0.0,"dominant_land_cover":30,"dominant_class":1,"dominant_label":"Agricultural burning","is_outbreak_front":true,"is_persistent_cluster":false,"cluster_id":485209}},{"type":"Feature","id":485210,"geometry":{"type":"Polygon","coordinates":[[[73.03791,18.67974],[73.03416,18.68063],[73.0305,18.68458],[73.02165,18.70396],[73.04353,18.69218],[73.04108,18.68436],[73.03791,18.67974]]]},"properties":{"cluster_date":"2024-12-31","cluster_fire_count":13,"total_cluster_frp":35.63,"max_frp":6.03,"cluster_convex_hull_area_km2":2.6275,"centroid_lat":18.688,"centroid_lon":73.0367,"mean_persistence_7d":6.8462,"share_forest_shrub":0.0,"share_industrial":1.0,"dominant_land_cover":50,"dominant_class":4,"dominant_label":"Persistent thermal source","is_outbreak_front":false,"is_persistent_cluster":true,"cluster_id":485210}},{"type":"Feature","id":485211,"geometry":{"type":"Polygon","coordinates":[[[76.13553,19.24658],[76.1087,19.27593],[76.13353,19.27298],[76.13553,19.24658]]]},"properties":{"cluster_date":"2024-12-31","cluster_fire_count":3,"total_cluster_frp":17.39,"max_frp":12.8,"cluster_convex_hull_area_km2":3.6581,"centroid_lat":19.2652,"centroid_lon":76.1259,"mean_persistence_7d":0.3333,"share_forest_shrub":1.0,"share_industrial":0.0,"dominant_land_cover":30,"dominant_class":1,"dominant_label":"Agricultural burning","is_outbreak_front":false,"is_persistent_cluster":false,"cluster_id":485211}},{"type":"Feature","id":485212,"geometry":{"type":"Polygon","coordinates":[[[76.00803,19.31145],[76.00453,19.31183],[76.0085,19.31248],[76.00803,19.31145]]]},"properties":{"cluster_date":"2024-12-31","cluster_fire_count":3,"total_cluster_frp":16.53,"max_frp":6.45,"cluster_convex_hull_area_km2":0.0213,"centroid_lat":19.3119,"centroid_lon":76.007,"mean_persistence_7d":0.0,"share_forest_shrub":1.0,"share_industrial":0.0,"dominant_land_cover":30,"dominant_class":1,"dominant_label":"Agricultural burning","is_outbreak_front":false,"is_persistent_cluster":false,"cluster_id":485212}},{"type":"Feature","id":485213,"geometry":{"type":"Polygon","coordinates":[[[81.94067,20.29654],[81.92865,20.30097],[81.92667,20.30199],[81.94067,20.29654]]]},"properties":{"cluster_date":"2024-12-31","cluster_fire_count":3,"total_cluster_frp":18.51,"max_frp":14.12,"cluster_convex_hull_area_km2":0.0195,"centroid_lat":20.2998,"centroid_lon":81.932,"mean_persistence_7d":0.0,"share_forest_shrub":1.0,"share_industrial":0.0,"dominant_land_cover":10,"dominant_class":0,"dominant_label":"Wildfire","is_outbreak_front":false,"is_persistent_cluster":false,"cluster_id":485213}},{"type":"Feature","id":485214,"geometry":{"type":"Polygon","coordinates":[[[83.80494,20.97791],[83.81348,20.98454],[83.81173,20.98281],[83.80494,20.97791]]]},"properties":{"cluster_date":"2024-12-31","cluster_fire_count":3,"total_cluster_frp":12.62,"max_frp":5.82,"cluster_convex_hull_area_km2":0.0176,"centroid_lat":20.9818,"centroid_lon":83.8101,"mean_persistence_7d":1.0,"share_forest_shrub":1.0,"share_industrial":0.0,"dominant_land_cover":30,"dominant_class":1,"dominant_label":"Agricultural burning","is_outbreak_front":false,"is_persistent_cluster":false,"cluster_id":485214}},{"type":"Feature","id":485215,"geometry":{"type":"Polygon","coordinates":[[[83.78662,21.12536],[83.78912,21.13851],[83.79982,21.15264],[83.78662,21.12536]]]},"properties":{"cluster_date":"2024-12-31","cluster_fire_count":3,"total_cluster_frp":9.78,"max_frp":4.47,"cluster_convex_hull_area_km2":0.5839,"centroid_lat":21.1388,"centroid_lon":83.7919,"mean_persistence_7d":0.0,"share_forest_shrub":1.0,"share_industrial":0.0,"dominant_land_cover":30,"dominant_class":1,"dominant_label":"Agricultural burning","is_outbreak_front":false,"is_persistent_cluster":false,"cluster_id":485215}},{"type":"Feature","id":485216,"geometry":{"type":"Polygon","coordinates":[[[82.04634,20.92442],[82.04094,20.96229],[82.04325,20.94745],[82.04634,20.92442]]]},"properties":{"cluster_date":"2024-12-31","cluster_fire_count":4,"total_cluster_frp":35.72,"max_frp":16.93,"cluster_convex_hull_area_km2":0.0407,"centroid_lat":20.9463,"centroid_lon":82.0433,"mean_persistence_7d":0.25,"share_forest_shrub":1.0,"share_industrial":0.0,"dominant_land_cover":10,"dominant_class":0,"dominant_label":"Wildfire","is_outbreak_front":false,"is_persistent_cluster":false,"cluster_id":485216}},{"type":"Feature","id":485217,"geometry":{"type":"Polygon","coordinates":[[[81.53905,20.88501],[81.54259,20.89299],[81.54314,20.88931],[81.53905,20.88501]]]},"properties":{"cluster_date":"2024-12-31","cluster_fire_count":3,"total_cluster_frp":17.88,"max_frp":12.72,"cluster_convex_hull_area_km2":0.0967,"centroid_lat":20.8891,"centroid_lon":81.5416,"mean_persistence_7d":0.3333,"share_forest_shrub":1.0,"share_industrial":0.0,"dominant_land_cover":10,"dominant_class":0,"dominant_label":"Wildfire","is_outbreak_front":false,"is_persistent_cluster":false,"cluster_id":485217}},{"type":"Feature","id":485218,"geometry":{"type":"Polygon","coordinates":[[[81.48575,21.01799],[81.48473,21.01806],[81.48331,21.01919],[81.48575,21.01799]]]},"properties":{"cluster_date":"2024-12-31","cluster_fire_count":3,"total_cluster_frp":14.46,"max_frp":5.98,"cluster_convex_hull_area_km2":0.0058,"centroid_lat":21.0184,"centroid_lon":81.4846,"mean_persistence_7d":0.0,"share_forest_shrub":1.0,"share_industrial":0.0,"dominant_land_cover":10,"dominant_class":0,"dominant_label":"Wildfire","is_outbreak_front":false,"is_persistent_cluster":false,"cluster_id":485218}},{"type":"Feature","id":485219,"geometry":{"type":"Polygon","coordinates":[[[81.71464,21.06191],[81.71079,21.06586],[81.71033,21.06704],[81.71464,21.06191]]]},"properties":{"cluster_date":"2024-12-31","cluster_fire_count":3,"total_cluster_frp":14.44,"max_frp":8.96,"cluster_convex_hull_area_km2":0.0151,"centroid_lat":21.0649,"centroid_lon":81.7119,"mean_persistence_7d":0.0,"share_forest_shrub":1.0,"share_industrial":0.0,"dominant_land_cover":10,"dominant_class":0,"dominant_label":"Wildfire","is_outbreak_front":false,"is_persistent_cluster":false,"cluster_id":485219}},{"type":"Feature","id":485220,"geometry":{"type":"Polygon","coordinates":[[[83.15073,21.28473],[83.15018,21.28879],[83.15836,21.31458],[83.16218,21.31505],[83.16576,21.31216],[83.15453,21.28519],[83.15073,21.28473]]]},"properties":{"cluster_date":"2024-12-31","cluster_fire_count":10,"total_cluster_frp":76.49,"max_frp":14.36,"cluster_convex_hull_area_km2":2.1961,"centroid_lat":21.2999,"centroid_lon":83.1573,"mean_persistence_7d":0.1,"share_forest_shrub":1.0,"share_industrial":0.0,"dominant_land_cover":10,"dominant_class":0,"dominant_label":"Wildfire","is_outbreak_front":true,"is_persistent_cluster":false,"cluster_id":485220}},{"type":"Feature","id":485221,"geometry":{"type":"Polygon","coordinates":[[[82.8746,21.2566],[82.87556,21.25921],[82.88313,21.26331],[82.8746,21.2566]]]},"properties":{"cluster_date":"2024-12-31","cluster_fire_count":3,"total_cluster_frp":13.62,"max_frp":4.85,"cluster_convex_hull_area_km2":0.0876,"centroid_lat":21.2597,"centroid_lon":82.8778,"mean_persistence_7d":1.3333,"share_forest_shrub":1.0,"share_industrial":0.0,"dominant_land_cover":10,"dominant_class":0,"dominant_label":"Wildfire","is_outbreak_front":false,"is_persistent_cluster":false,"cluster_id":485221}},{"type":"Feature","id":485222,"geometry":{"type":"Polygon","coordinates":[[[82.78416,21.24273],[82.77913,21.27149],[82.78156,21.27216],[82.79823,21.25368],[82.78416,21.24273]]]},"properties":{"cluster_date":"2024-12-31","cluster_fire_count":4,"total_cluster_frp":15.96,"max_frp":5.89,"cluster_convex_hull_area_km2":2.856,"centroid_lat":21.26,"centroid_lon":82.7858,"mean_persistence_7d":1.5,"share_forest_shrub":1.0,"share_industrial":0.0,"dominant_land_cover":10,"dominant_class":0,"dominant_label":"Wildfire","is_outbreak_front":false,"is_persistent_cluster":false,"cluster_id":485222}},{"type":"Feature","id":485223,"geometry":{"type":"Polygon","coordinates":[[[83.64123,21.3734],[83.63194,21.41561],[83.65014,21.43479],[83.64123,21.3734]]]},"properties":{"cluster_date":"2024-12-31","cluster_fire_count":6,"total_cluster_frp":20.6,"max_frp":5.52,"cluster_convex_hull_area_km2":5.233,"centroid_lat":21.4041,"centroid_lon":83.6408,"mean_persistence_7d":0.5,"share_forest_shrub":1.0,"share_industrial":0.0,"dominant_land_cover":30,"dominant_class":1,"dominant_label":"Agricultural burning","is_outbreak_front":true,"is_persistent_cluster":false,"cluster_id":485223}},{"type":"Feature","id":485224,"geometry":{"type":"Polygon","coordinates":[[[83.70197,21.42373],[83.68664,21.42473],[83.68487,21.42602],[83.69589,21.43803],[83.70737,21.42642],[83.70197,21.42373]]]},"properties":{"cluster_date":"2024-12-31","cluster_fire_count":5,"total_cluster_frp":18.83,"max_frp":4.99,"cluster_convex_hull_area_km2":1.892,"centroid_lat":21.4278,"centroid_lon":83.6953,"mean_persistence_7d":1.6,"share_forest_shrub":1.0,"share_industrial":0.0,"dominant_land_cover":30,"dominant_class":1,"dominant_label":"Agricultural burning","is_outbreak_front":false,"is_persistent_cluster":false,"cluster_id":485224}},{"type":"Feature","id":485225,"geometry":{"type":"Polygon","coordinates":[[[82.52939,21.29615],[82.52666,21.29661],[82.52752,21.29952],[82.52939,21.29615]]]},"properties":{"cluster_date":"2024-12-31","cluster_fire_count":3,"total_cluster_frp":11.75,"max_frp":4.86,"cluster_convex_hull_area_km2":0.0462,"centroid_lat":21.2974,"centroid_lon":82.5279,"mean_persistence_7d":0.6667,"share_forest_shrub":1.0,"share_industrial":0.0,"dominant_land_cover":10,"dominant_class":0,"dominant_label":"Wildfire","is_outbreak_front":false,"is_persistent_cluster":false,"cluster_id":485225}},{"type":"Feature","id":485226,"geometry":{"type":"Polygon","coordinates":[[[81.17369,21.12998],[81.17315,21.1336],[81.17606,21.1317],[81.17369,21.12998]]]},"properties":{"cluster_date":"2024-12-31","cluster_fire_count":3,"total_cluster_frp":19.61,"max_frp":8.15,"cluster_convex_hull_area_km2":0.0527,"centroid_lat":21.1318,"centroid_lon":81.1743,"mean_persistence_7d":0.0,"share_forest_shrub":1.0,"share_industrial":0.0,"dominant_land_cover":10,"dominant_class":0,"dominant_label":"Wildfire","is_outbreak_front":false,"is_persistent_cluster":false,"cluster_id":485226}},{"type":"Feature","id":485227,"geometry":{"type":"Polygon","coordinates":[[[81.99171,21.28316],[81.99073,21.28619],[81.99119,21.28876],[81.99171,21.28316]]]},"properties":{"cluster_date":"2024-12-31","cluster_fire_count":3,"total_cluster_frp":9.36,"max_frp":4.08,"cluster_convex_hull_area_km2":0.0217,"centroid_lat":21.286,"centroid_lon":81.9912,"mean_persistence_7d":0.0,"share_forest_shrub":1.0,"share_industrial":0.0,"dominant_land_cover":10,"dominant_class":0,"dominant_label":"Wildfire","is_outbreak_front":false,"is_persistent_cluster":false,"cluster_id":485227}},{"type":"Feature","id":485228,"geometry":{"type":"Polygon","coordinates":[[[82.01865,21.33477],[82.01664,21.33493],[82.01609,21.33872],[82.0188,21.33662],[82.01865,21.33477]]]},"properties":{"cluster_date":"2024-12-31","cluster_fire_count":4,"total_cluster_frp":16.42,"max_frp":5.49,"cluster_convex_hull_area_km2":0.0711,"centroid_lat":21.3363,"centroid_lon":82.0175,"mean_persistence_7d":1.0,"share_forest_shrub":1.0,"share_industrial":0.0,"dominant_land_cover":10,"dominant_class":0,"dominant_label":"Wildfire","is_outbreak_front":false,"is_persistent_cluster":false,"cluster_id":485228}},{"type":"Feature","id":485229,"geometry":{"type":"Polygon","coordinates":[[[81.87488,21.32765],[81.87215,21.33197],[81.87534,21.3285],[81.87488,21.32765]]]},"properties":{"cluster_date":"2024-12-31","cluster_fire_count":3,"total_cluster_frp":11.44,"max_frp":5.63,"cluster_convex_hull_area_km2":0.0238,"centroid_lat":21.3294,"centroid_lon":81.8741,"mean_persistence_7d":0.0,"share_forest_shrub":1.0,"share_industrial":0.0,"dominant_land_cover":10,"dominant_class":0,"dominant_label":"Wildfire","is_outbreak_front":false,"is_persistent_cluster":false,"cluster_id":485229}},{"type":"Feature","id":485230,"geometry":{"type":"Polygon","coordinates":[[[83.11116,21.49423],[83.1106,21.49829],[83.11475,21.49442],[83.11116,21.49423]]]},"properties":{"cluster_date":"2024-12-31","cluster_fire_count":3,"total_cluster_frp":26.35,"max_frp":11.42,"cluster_convex_hull_area_km2":0.0811,"centroid_lat":21.4956,"centroid_lon":83.1122,"mean_persistence_7d":1.0,"share_forest_shrub":1.0,"share_industrial":0.0,"dominant_land_cover":10,"dominant_class":0,"dominant_label":"Wildfire","is_outbreak_front":false,"is_persistent_cluster":false,"cluster_id":485230}},{"type":"Feature","id":485231,"geometry":{"type":"Polygon","coordinates":[[[88.12472,22.04975],[88.12301,22.05209],[88.12257,22.05285],[88.12151,22.0553],[88.12482,22.06626],[88.12698,22.05121],[88.12472,22.04975]]]},"properties":{"cluster_date":"2024-12-31","cluster_fire_count":11,"total_cluster_frp":18.45,"max_frp":3.39,"cluster_convex_hull_area_km2":0.5114,"centroid_lat":22.0561,"centroid_lon":88.1241,"mean_persistence_7d":4.8182,"share_forest_shrub":0.0,"share_industrial":1.0,"dominant_land_cover":50,"dominant_class":3,"dominant_label":"Gas flare","is_outbreak_front":false,"is_persistent_cluster":true,"cluster_id":485231}},{"type":"Feature","id":485232,"geometry":{"type":"Polygon","coordinates":[[[81.67123,21.35716],[81.63931,21.37474],[81.63811,21.37602],[81.62363,21.40773],[81.68863,21.39329],[81.68014,21.37513],[81.67123,21.35716]]]},"properties":{"cluster_date":"2024-12-31","cluster_fire_count":14,"total_cluster_frp":42.05,"max_frp":7.32,"cluster_convex_hull_area_km2":18.8391,"centroid_lat":21.3872,"centroid_lon":81.6524,"mean_persistence_7d":3.0714,"share_forest_shrub":0.0,"share_industrial":1.0,"dominant_land_cover":50,"dominant_class":4,"dominant_label":"Persistent thermal source","is_outbreak_front":false,"is_persistent_cluster":true,"cluster_id":485232}},{"type":"Feature","id":485233,"geometry":{"type":"Polygon","coordinates":[[[84.509,21.73754],[84.50845,21.742],[84.51311,21.74252],[84.509,21.73754]]]},"properties":{"cluster_date":"2024-12-31","cluster_fire_count":4,"total_cluster_frp":37.94,"max_frp":14.92,"cluster_convex_hull_area_km2":0.1162,"centroid_lat":21.7403,"centroid_lon":84.5102,"mean_persistence_7d":0.25,"share_forest_shrub":1.0,"share_industrial":0.0,"dominant_land_cover":30,"dominant_class":1,"dominant_label":"Agricultural burning","is_outbreak_front":false,"is_persistent_cluster":false,"cluster_id":485233}},{"type":"Feature","id":485234,"geometry":{"type":"Polygon","coordinates":[[[83.4028,21.64276],[83.41204,21.65456],[83.42406,21.65601],[83.44527,21.6501],[83.4028,21.64276]]]},"properties":{"cluster_date":"2024-12-31","cluster_fire_count":6,"total_cluster_frp":25.35,"max_frp":6.43,"cluster_convex_hull_area_km2":2.9529,"centroid_lat":21.651,"centroid_lon":83.422,"mean_persistence_7d":0.8333,"share_forest_shrub":1.0,"share_industrial":0.0,"dominant_land_cover":30,"dominant_class":1,"dominant_label":"Agricultural burning","is_outbreak_front":true,"is_persistent_cluster":false,"cluster_id":485234}},{"type":"Feature","id":485235,"geometry":{"type":"Polygon","coordinates":[[[84.02454,21.75358],[84.02064,21.75448],[84.01749,21.75679],[84.01319,21.77],[84.01667,21.7719],[84.01968,21.77252],[84.02552,21.75788],[84.02454,21.75358]]]},"properties":{"cluster_date":"2024-12-31","cluster_fire_count":18,"total_cluster_frp":36.22,"max_frp":3.42,"cluster_convex_hull_area_km2":1.454,"centroid_lat":21.7633,"centroid_lon":84.0195,"mean_persistence_7d":4.5556,"share_forest_shrub":0.0,"share_industrial":1.0,"dominant_land_cover":50,"dominant_class":4,"dominant_label":"Persistent thermal source","is_outbreak_front":false,"is_persistent_cluster":true,"cluster_id":485235}},{"type":"Feature","id":485236,"geometry":{"type":"Polygon","coordinates":[[[81.94527,21.54356],[81.95741,21.56547],[81.9624,21.56581],[81.96229,21.5641],[81.94775,21.54383],[81.94527,21.54356]]]},"properties":{"cluster_date":"2024-12-31","cluster_fire_count":7,"total_cluster_frp":26.26,"max_frp":6.4,"cluster_convex_hull_area_km2":0.9853,"centroid_lat":21.5588,"centroid_lon":81.956,"mean_persistence_7d":0.8571,"share_forest_shrub":1.0,"share_industrial":0.0,"dominant_land_cover":10,"dominant_class":0,"dominant_label":"Wildfire","is_outbreak_front":true,"is_persistent_cluster":false,"cluster_id":485236}},{"type":"Feature","id":485237,"geometry":{"type":"Polygon","coordinates":[[[83.99343,21.81806],[83.97515,21.82793],[83.98878,21.82514],[83.99343,21.81806]]]},"properties":{"cluster_date":"2024-12-31","cluster_fire_count":4,"total_cluster_frp":37.55,"max_frp":19.87,"cluster_convex_hull_area_km2":0.4603,"centroid_lat":21.8239,"centroid_lon":83.9854,"mean_persistence_7d":1.0,"share_forest_shrub":0.0,"share_industrial":1.0,"dominant_land_cover":50,"dominant_class":4,"dominant_label":"Persistent thermal source","is_outbreak_front":false,"is_persistent_cluster":false,"cluster_id":485237}},{"type":"Feature","id":485238,"geometry":{"type":"Polygon","coordinates":[[[82.50529,21.70193],[82.49409,21.70456],[82.49354,21.70848],[82.49777,21.71045],[82.52447,21.72025],[82.52792,21.71909],[82.50529,21.70193]]]},"properties":{"cluster_date":"2024-12-31","cluster_fire_count":8,"total_cluster_frp":57.84,"max_frp":10.17,"cluster_convex_hull_area_km2":2.6475,"centroid_lat":21.7101,"centroid_lon":82.5048,"mean_persistence_7d":1.375,"share_forest_shrub":1.0,"share_industrial":0.0,"dominant_land_cover":10,"dominant_class":0,"dominant_label":"Wildfire","is_outbreak_front":false,"is_persistent_cluster":false,"cluster_id":485238}},{"type":"Feature","id":485239,"geometry":{"type":"Polygon","coordinates":[[[82.82016,21.74801],[82.81404,21.75135],[82.84741,21.74824],[82.82016,21.74801]]]},"properties":{"cluster_date":"2024-12-31","cluster_fire_count":3,"total_cluster_frp":17.42,"max_frp":9.77,"cluster_convex_hull_area_km2":0.5098,"centroid_lat":21.7492,"centroid_lon":82.8272,"mean_persistence_7d":0.0,"share_forest_shrub":1.0,"share_industrial":0.0,"dominant_land_cover":10,"dominant_class":0,"dominant_label":"Wildfire","is_outbreak_front":false,"is_persistent_cluster":false,"cluster_id":485239}},{"type":"Feature","id":485240,"geometry":{"type":"Polygon","coordinates":[[[83.13842,21.81081],[83.10596,21.8723],[83.11009,21.87308],[83.15059,21.83721],[83.14173,21.81536],[83.13842,21.81081]]]},"properties":{"cluster_date":"2024-12-31","cluster_fire_count":17,"total_cluster_frp":98.28,"max_frp":14.17,"cluster_convex_hull_area_km2":10.0116,"centroid_lat":21.8484,"centroid_lon":83.1269,"mean_persistence_7d":0.5294,"share_forest_shrub":1.0,"share_industrial":0.0,"dominant_land_cover":10,"dominant_class":0,"dominant_label":"Wildfire","is_outbreak_front":true,"is_persistent_cluster":false,"cluster_id":485240}},{"type":"Feature","id":485241,"geometry":{"type":"Polygon","coordinates":[[[82.48006,21.77365],[82.47881,21.77452],[82.46332,21.78788],[82.52045,21.80676],[82.51343,21.79889],[82.48006,21.77365]]]},"properties":{"cluster_date":"2024-12-31","cluster_fire_count":7,"total_cluster_frp":39.37,"max_frp":7.95,"cluster_convex_hull_area_km2":6.7135,"centroid_lat":21.787,"centroid_lon":82.4908,"mean_persistence_7d":0.8571,"share_forest_shrub":1.0,"share_industrial":0.0,"dominant_land_cover":10,"dominant_class":0,"dominant_label":"Wildfire","is_outbreak_front":true,"is_persistent_cluster":false,"cluster_id":485241}},{"type":"Feature","id":485242,"geometry":{"type":"Polygon","coordinates":[[[82.6417,21.8166],[82.63997,21.81713],[82.63046,21.83427],[82.63171,21.83629],[82.6417,21.8166]]]},"properties":{"cluster_date":"2024-12-31","cluster_fire_count":5,"total_cluster_frp":16.82,"max_frp":4.55,"cluster_convex_hull_area_km2":0.3825,"centroid_lat":21.8244,"centroid_lon":82.637,"mean_persistence_7d":0.0,"share_forest_shrub":1.0,"share_industrial":0.0,"dominant_land_cover":10,"dominant_class":0,"dominant_label":"Wildfire","is_outbreak_front":true,"is_persistent_cluster":false,"cluster_id":485242}},{"type":"Feature","id":485243,"geometry":{"type":"Polygon","coordinates":[[[82.32246,21.78272],[82.31881,21.78621],[82.32244,21.78398],[82.32246,21.78272]]]},"properties":{"cluster_date":"2024-12-31","cluster_fire_count":3,"total_cluster_frp":37.31,"max_frp":15.85,"cluster_convex_hull_area_km2":0.025,"centroid_lat":21.7843,"centroid_lon":82.3212,"mean_persistence_7d":0.0,"share_forest_shrub":1.0,"share_industrial":0.0,"dominant_land_cover":10,"dominant_class":0,"dominant_label":"Wildfire","is_outbreak_front":false,"is_persistent_cluster":false,"cluster_id":485243}},{"type":"Feature","id":485244,"geometry":{"type":"Polygon","coordinates":[[[82.82256,21.85522],[82.81087,21.85789],[82.79744,21.86529],[82.7953,21.86824],[82.80865,21.87393],[82.81979,21.87528],[82.82256,21.85522]]]},"properties":{"cluster_date":"2024-12-31","cluster_fire_count":10,"total_cluster_frp":42.64,"max_frp":7.74,"cluster_convex_hull_area_km2":3.6325,"centroid_lat":21.8679,"centroid_lon":82.8098,"mean_persistence_7d":0.6,"share_forest_shrub":1.0,"share_industrial":0.0,"dominant_land_cover":10,"dominant_class":0,"dominant_label":"Wildfire","is_outbreak_front":true,"is_persistent_cluster":false,"cluster_id":485244}},{"type":"Feature","id":485245,"geometry":{"type":"Polygon","coordinates":[[[83.3539,21.91742],[83.3504,21.91849],[83.34352,21.92089],[83.33736,21.92537],[83.3376,21.92784],[83.35287,21.9247],[83.3539,21.91742]]]},"properties":{"cluster_date":"2024-12-31","cluster_fire_count":15,"total_cluster_frp":45.28,"max_frp":7.98,"cluster_convex_hull_area_km2":0.9739,"centroid_lat":21.9227,"centroid_lon":83.3476,"mean_persistence_7d":5.8667,"share_forest_shrub":0.0,"share_industrial":1.0,"dominant_land_cover":50,"dominant_class":4,"dominant_label":"Persistent thermal source","is_outbreak_front":false,"is_persistent_cluster":true,"cluster_id":485245}},{"type":"Feature","id":485246,"geometry":{"type":"Polygon","coordinates":[[[76.13853,20.9504],[76.11026,20.95279],[76.109,20.95955],[76.11287,20.96017],[76.13343,20.95654],[76.13792,20.95378],[76.13853,20.9504]]]},"properties":{"cluster_date":"2024-12-31","cluster_fire_count":13,"total_cluster_frp":69.18,"max_frp":8.82,"cluster_convex_hull_area_km2":2.015,"centroid_lat":20.9553,"centroid_lon":76.1223,"mean_persistence_7d":0.5385,"share_forest_shrub":1.0,"share_industrial":0.0,"dominant_land_cover":30,"dominant_class":0,"dominant_label":"Wildfire","is_outbreak_front":true,"is_persistent_cluster":false,"cluster_id":485246}},{"type":"Feature","id":485247,"geometry":{"type":"Polygon","coordinates":[[[82.69894,21.88665],[82.66495,21.9073],[82.65173,21.92189],[82.65287,21.92366],[82.68146,21.90925],[82.69632,21.89268],[82.69894,21.88665]]]},"properties":{"cluster_date":"2024-12-31","cluster_fire_count":8,"total_cluster_frp":36.44,"max_frp":8.06,"cluster_convex_hull_area_km2":4.3347,"centroid_lat":21.9082,"centroid_lon":82.6743,"mean_persistence_7d":0.5,"share_forest_shrub":1.0,"share_industrial":0.0,"dominant_land_cover":10,"dominant_class":0,"dominant_label":"Wildfire","is_outbreak_front":true,"is_persistent_cluster":false,"cluster_id":485247}},{"type":"Feature","id":485248,"geometry":{"type":"Polygon","coordinates":[[[83.24489,21.96384],[83.23146,21.98431],[83.23247,21.98414],[83.24489,21.96384]]]},"properties":{"cluster_date":"2024-12-31","cluster_fire_count":4,"total_cluster_frp":7.33,"max_frp":3.66,"cluster_convex_hull_area_km2":0.1012,"centroid_lat":21.9785,"centroid_lon":83.2355,"mean_persistence_7d":5.5,"share_forest_shrub":1.0,"share_industrial":0.0,"dominant_land_cover":10,"dominant_class":4,"dominant_label":"Persistent thermal source","is_outbreak_front":false,"is_persistent_cluster":false,"cluster_id":485248}},{"type":"Feature","id":485249,"geometry":{"type":"Polygon","coordinates":[[[82.62828,21.90038],[82.57436,21.92068],[82.59119,21.91868],[82.60856,21.9127],[82.62828,21.90038]]]},"properties":{"cluster_date":"2024-12-31","cluster_fire_count":5,"total_cluster_frp":24.84,"max_frp":7.71,"cluster_convex_hull_area_km2":1.8156,"centroid_lat":21.9124,"centroid_lon":82.6015,"mean_persistence_7d":1.2,"share_forest_shrub":1.0,"share_industrial":0.0,"dominant_land_cover":10,"dominant_class":0,"dominant_label":"Wildfire","is_outbreak_front":false,"is_persistent_cluster":false,"cluster_id":485249}},{"type":"Feature","id":485250,"geometry":{"type":"Polygon","coordinates":[[[82.53657,21.88425],[82.50841,21.89937],[82.50964,21.91288],[82.52895,21.93638],[82.53159,21.93674],[82.53635,21.88886],[82.53657,21.88425]]]},"properties":{"cluster_date":"2024-12-31","cluster_fire_count":10,"total_cluster_frp":45.87,"max_frp":7.3,"cluster_convex_hull_area_km2":9.5637,"centroid_lat":21.9072,"centroid_lon":82.5284,"mean_persistence_7d":1.3,"share_forest_shrub":1.0,"share_industrial":0.0,"dominant_land_cover":10,"dominant_class":0,"dominant_label":"Wildfire","is_outbreak_front":false,"is_persistent_cluster":false,"cluster_id":485250}},{"type":"Feature","id":485251,"geometry":{"type":"Polygon","coordinates":[[[83.73405,22.03804],[83.72641,22.04105],[83.70536,22.06558],[83.74025,22.0456],[83.73925,22.0414],[83.73405,22.03804]]]},"properties":{"cluster_date":"2024-12-31","cluster_fire_count":29,"total_cluster_frp":208.32,"max_frp":20.34,"cluster_convex_hull_area_km2":2.9168,"centroid_lat":22.0439,"centroid_lon":83.7319,"mean_persistence_7d":6.931,"share_forest_shrub":1.0,"share_industrial":0.0,"dominant_land_cover":30,"dominant_class":4,"dominant_label":"Persistent thermal source","is_outbreak_front":false,"is_persistent_cluster":false,"cluster_id":485251}},{"type":"Feature","id":485252,"geometry":{"type":"Polygon","coordinates":[[[82.43796,21.88029],[82.43629,21.89205],[82.45173,21.8979],[82.45319,21.89836],[82.43943,21.88065],[82.43796,21.88029]]]},"properties":{"cluster_date":"2024-12-31","cluster_fire_count":6,"total_cluster_frp":34.75,"max_frp":10.8,"cluster_convex_hull_area_km2":1.2768,"centroid_lat":21.8896,"centroid_lon":82.4428,"mean_persistence_7d":0.0,"share_forest_shrub":1.0,"share_industrial":0.0,"dominant_land_cover":10,"dominant_class":0,"dominant_label":"Wildfire","is_outbreak_front":true,"is_persistent_cluster":false,"cluster_id":485252}},{"type":"Feature","id":485253,"geometry":{"type":"Polygon","coordinates":[[[82.36785,21.89836],[82.35421,21.90199],[82.35365,21.90589],[82.36945,21.90782],[82.36785,21.89836]]]},"properties":{"cluster_date":"2024-12-31","cluster_fire_count":4,"total_cluster_frp":14.31,"max_frp":5.06,"cluster_convex_hull_area_km2":1.088,"centroid_lat":21.9035,"centroid_lon":82.3613,"mean_persistence_7d":0.25,"share_forest_shrub":1.0,"share_industrial":0.0,"dominant_land_cover":10,"dominant_class":0,"dominant_label":"Wildfire","is_outbreak_front":false,"is_persistent_cluster":false,"cluster_id":485253}},{"type":"Feature","id":485254,"geometry":{"type":"Polygon","coordinates":[[[82.82108,21.96303],[82.81882,21.9703],[82.82255,21.97075],[82.82289,21.96702],[82.82108,21.96303]]]},"properties":{"cluster_date":"2024-12-31","cluster_fire_count":4,"total_cluster_frp":17.13,"max_frp":6.21,"cluster_convex_hull_area_km2":0.1995,"centroid_lat":21.9678,"centroid_lon":82.8213,"mean_persistence_7d":0.75,"share_forest_shrub":1.0,"share_industrial":0.0,"dominant_land_cover":10,"dominant_class":0,"dominant_label":"Wildfire","is_outbreak_front":false,"is_persistent_cluster":false,"cluster_id":485254}},{"type":"Feature","id":485255,"geometry":{"type":"Polygon","coordinates":[[[82.48045,21.93226],[82.47447,21.96862],[82.483,22.00465],[82.48617,22.00212],[82.50354,21.96946],[82.48315,21.93229],[82.48045,21.93226]]]},"properties":{"cluster_date":"2024-12-31","cluster_fire_count":15,"total_cluster_frp":69.3,"max_frp":7.39,"cluster_convex_hull_area_km2":12.4492,"centroid_lat":21.9686,"centroid_lon":82.4867,"mean_persistence_7d":0.3333,"share_forest_shrub":1.0,"share_industrial":0.0,"dominant_land_cover":10,"dominant_class":0,"dominant_label":"Wildfire","is_outbreak_front":true,"is_persistent_cluster":false,"cluster_id":485255}},{"type":"Feature","id":485256,"geometry":{"type":"Polygon","coordinates":[[[82.98749,22.00282],[82.97049,22.04202],[82.98312,22.05965],[83.01373,22.03903],[83.0313,22.02461],[83.01376,22.0101],[82.98749,22.00282]]]},"properties":{"cluster_date":"2024-12-31","cluster_fire_count":10,"total_cluster_frp":33.36,"max_frp":5.71,"cluster_convex_hull_area_km2":20.4252,"centroid_lat":22.0362,"centroid_lon":82.9946,"mean_persistence_7d":0.2,"share_forest_shrub":1.0,"share_industrial":0.0,"dominant_land_cover":10,"dominant_class":0,"dominant_label":"Wildfire","is_outbreak_front":true,"is_persistent_cluster":false,"cluster_id":485256}},{"type":"Feature","id":485257,"geometry":{"type":"Polygon","coordinates":[[[82.62647,21.95054],[82.62319,21.96689],[82.62265,21.97086],[82.62647,21.95054]]]},"properties":{"cluster_date":"2024-12-31","cluster_fire_count":3,"total_cluster_frp":10.6,"max_frp":3.68,"cluster_convex_hull_area_km2":0.0231,"centroid_lat":21.9628,"centroid_lon":82.6241,"mean_persistence_7d":0.3333,"share_forest_shrub":1.0,"share_industrial":0.0,"dominant_land_cover":10,"dominant_class":0,"dominant_label":"Wildfire","is_outbreak_front":false,"is_persistent_cluster":false,"cluster_id":485257}},{"type":"Feature","id":485258,"geometry":{"type":"Polygon","coordinates":[[[82.56778,21.95146],[82.56283,21.96351],[82.5666,21.96315],[82.56778,21.95146]]]},"properties":{"cluster_date":"2024-12-31","cluster_fire_count":3,"total_cluster_frp":14.4,"max_frp":7.36,"cluster_convex_hull_area_km2":0.2403,"centroid_lat":21.9594,"centroid_lon":82.5657,"mean_persistence_7d":0.0,"share_forest_shrub":1.0,"share_industrial":0.0,"dominant_land_cover":10,"dominant_class":0,"dominant_label":"Wildfire","is_outbreak_front":false,"is_persistent_cluster":false,"cluster_id":485258}},{"type":"Feature","id":485259,"geometry":{"type":"Polygon","coordinates":[[[82.38315,21.98225],[82.35246,21.98533],[82.37101,21.99118],[82.37378,21.99186],[82.38258,21.98803],[82.38315,21.98225]]]},"properties":{"cluster_date":"2024-12-31","cluster_fire_count":10,"total_cluster_frp":67.23,"max_frp":10.42,"cluster_convex_hull_area_km2":1.752,"centroid_lat":21.987,"centroid_lon":82.3746,"mean_persistence_7d":0.7,"share_forest_shrub":1.0,"share_industrial":0.0,"dominant_land_cover":10,"dominant_class":0,"dominant_label":"Wildfire","is_outbreak_front":true,"is_persistent_cluster":false,"cluster_id":485259}},{"type":"Feature","id":485260,"geometry":{"type":"Polygon","coordinates":[[[82.89429,22.0575],[82.88613,22.06064],[82.86707,22.08709],[82.8714,22.08351],[82.89373,22.06153],[82.89429,22.0575]]]},"properties":{"cluster_date":"2024-12-31","cluster_fire_count":5,"total_cluster_frp":19.68,"max_frp":6.5,"cluster_convex_hull_area_km2":1.4539,"centroid_lat":22.0701,"centroid_lon":82.8825,"mean_persistence_7d":0.8,"share_forest_shrub":1.0,"share_industrial":0.0,"dominant_land_cover":10,"dominant_class":0,"dominant_label":"Wildfire","is_outbreak_front":true,"is_persistent_cluster":false,"cluster_id":485260}},{"type":"Feature","id":485261,"geometry":{"type":"Polygon","coordinates":[[[82.58128,22.02854],[82.55959,22.04599],[82.55903,22.04995],[82.58297,22.0295],[82.58128,22.02854]]]},"properties":{"cluster_date":"2024-12-31","cluster_fire_count":4,"total_cluster_frp":19.94,"max_frp":6.61,"cluster_convex_hull_area_km2":0.7354,"centroid_lat":22.0385,"centroid_lon":82.5707,"mean_persistence_7d":0.25,"share_forest_shrub":1.0,"share_industrial":0.0,"dominant_land_cover":10,"dominant_class":0,"dominant_label":"Wildfire","is_outbreak_front":false,"is_persistent_cluster":false,"cluster_id":485261}},{"type":"Feature","id":485262,"geometry":{"type":"Polygon","coordinates":[[[82.77097,22.09187],[82.77415,22.09633],[82.77657,22.09842],[82.77097,22.09187]]]},"properties":{"cluster_date":"2024-12-31","cluster_fire_count":3,"total_cluster_frp":19.52,"max_frp":9.64,"cluster_convex_hull_area_km2":0.0228,"centroid_lat":22.0955,"centroid_lon":82.7739,"mean_persistence_7d":0.6667,"share_forest_shrub":1.0,"share_industrial":0.0,"dominant_land_cover":10,"dominant_class":0,"dominant_label":"Wildfire","is_outbreak_front":false,"is_persistent_cluster":false,"cluster_id":485262}},{"type":"Feature","id":485263,"geometry":{"type":"Polygon","coordinates":[[[82.16865,22.17725],[82.17101,22.18079],[82.17331,22.18176],[82.16865,22.17725]]]},"properties":{"cluster_date":"2024-12-31","cluster_fire_count":3,"total_cluster_frp":23.45,"max_frp":10.4,"cluster_convex_hull_area_km2":0.0322,"centroid_lat":22.1799,"centroid_lon":82.171,"mean_persistence_7d":0.0,"share_forest_shrub":1.0,"share_industrial":0.0,"dominant_land_cover":10,"dominant_class":0,"dominant_label":"Wildfire","is_outbreak_front":false,"is_persistent_cluster":false,"cluster_id":485263}},{"type":"Feature","id":485264,"geometry":{"type":"Polygon","coordinates":[[[82.52563,22.31091],[82.52568,22.31304],[82.5313,22.3177],[82.56116,22.32869],[82.56449,22.32398],[82.56441,22.32377],[82.56251,22.3211],[82.52563,22.31091]]]},"properties":{"cluster_date":"2024-12-31","cluster_fire_count":12,"total_cluster_frp":23.12,"max_frp":5.68,"cluster_convex_hull_area_km2":2.552,"centroid_lat":22.3191,"centroid_lon":82.5458,"mean_persistence_7d":6.25,"share_forest_shrub":0.5,"share_industrial":0.75,"dominant_land_cover":10,"dominant_class":4,"dominant_label":"Persistent thermal source","is_outbreak_front":false,"is_persistent_cluster":true,"cluster_id":485264}},{"type":"Feature","id":485265,"geometry":{"type":"Polygon","coordinates":[[[72.63515,21.10164],[72.63324,21.11234],[72.64788,21.10643],[72.64833,21.10551],[72.64692,21.1036],[72.63515,21.10164]]]},"properties":{"cluster_date":"2024-12-31","cluster_fire_count":13,"total_cluster_frp":101.77,"max_frp":27.87,"cluster_convex_hull_area_km2":0.992,"centroid_lat":21.1052,"centroid_lon":72.6409,"mean_persistence_7d":7.0,"share_forest_shrub":0.0,"share_industrial":1.0,"dominant_land_cover":50,"dominant_class":3,"dominant_label":"Gas flare","is_outbreak_front":false,"is_persistent_cluster":true,"cluster_id":485265}},{"type":"Feature","id":485266,"geometry":{"type":"Polygon","coordinates":[[[82.33997,23.16395],[82.33528,23.16492],[82.3337,23.1683],[82.33335,23.17139],[82.34105,23.17086],[82.34478,23.16854],[82.34444,23.16434],[82.33997,23.16395]]]},"properties":{"cluster_date":"2024-12-31","cluster_fire_count":13,"total_cluster_frp":42.19,"max_frp":7.15,"cluster_convex_hull_area_km2":0.7245,"centroid_lat":23.1675,"centroid_lon":82.3399,"mean_persistence_7d":6.9231,"share_forest_shrub":1.0,"share_industrial":0.0,"dominant_land_cover":10,"dominant_class":4,"dominant_label":"Persistent thermal source","is_outbreak_front":false,"is_persistent_cluster":false,"cluster_id":485266}},{"type":"Feature","id":485267,"geometry":{"type":"Polygon","coordinates":[[[86.3975,23.67473],[86.39299,23.67836],[86.38632,23.68715],[86.38554,23.69149],[86.39218,23.6898],[86.40545,23.67546],[86.3975,23.67473]]]},"properties":{"cluster_date":"2024-12-31","cluster_fire_count":22,"total_cluster_frp":56.13,"max_frp":5.91,"cluster_convex_hull_area_km2":1.4611,"centroid_lat":23.6834,"centroid_lon":86.3929,"mean_persistence_7d":6.7727,"share_forest_shrub":0.0,"share_industrial":1.0,"dominant_land_cover":50,"dominant_class":4,"dominant_label":"Persistent thermal source","is_outbreak_front":false,"is_persistent_cluster":true,"cluster_id":485267}},{"type":"Feature","id":485268,"geometry":{"type":"Polygon","coordinates":[[[86.20383,23.77269],[86.19619,23.77556],[86.20175,23.78284],[86.21095,23.78179],[86.21154,23.78098],[86.21042,23.77625],[86.20383,23.77269]]]},"properties":{"cluster_date":"2024-12-31","cluster_fire_count":15,"total_cluster_frp":33.67,"max_frp":6.44,"cluster_convex_hull_area_km2":1.0913,"centroid_lat":23.7789,"centroid_lon":86.2059,"mean_persistence_7d":6.8,"share_forest_shrub":0.9333,"share_industrial":0.4,"dominant_land_cover":10,"dominant_class":4,"dominant_label":"Persistent thermal source","is_outbreak_front":false,"is_persistent_cluster":false,"cluster_id":485268}},{"type":"Feature","id":485269,"geometry":{"type":"Polygon","coordinates":[[[75.77883,22.54077],[75.7743,22.54351],[75.77818,22.54414],[75.77883,22.54077]]]},"properties":{"cluster_date":"2024-12-31","cluster_fire_count":3,"total_cluster_frp":8.43,"max_frp":2.81,"cluster_convex_hull_area_km2":0.0739,"centroid_lat":22.5428,"centroid_lon":75.7771,"mean_persistence_7d":0.0,"share_forest_shrub":1.0,"share_industrial":0.0,"dominant_land_cover":10,"dominant_class":0,"dominant_label":"Wildfire","is_outbreak_front":false,"is_persistent_cluster":false,"cluster_id":485269}},{"type":"Feature","id":485270,"geometry":{"type":"Polygon","coordinates":[[[82.63547,24.14262],[82.62936,24.14751],[82.62798,24.16412],[82.62994,24.16738],[82.63129,24.1656],[82.63547,24.14262]]]},"properties":{"cluster_date":"2024-12-31","cluster_fire_count":11,"total_cluster_frp":26.24,"max_frp":4.68,"cluster_convex_hull_area_km2":1.0005,"centroid_lat":24.1575,"centroid_lon":82.6308,"mean_persistence_7d":6.6364,"share_forest_shrub":0.0,"share_industrial":1.0,"dominant_land_cover":50,"dominant_class":4,"dominant_label":"Persistent thermal source","is_outbreak_front":false,"is_persistent_cluster":true,"cluster_id":485270}},{"type":"Feature","id":485271,"geometry":{"type":"Polygon","coordinates":[[[74.00523,33.74318],[74.00479,33.74484],[74.00449,33.74647],[74.01614,33.75169],[74.01687,33.7484],[74.01094,33.74549],[74.00523,33.74318]]]},"properties":{"cluster_date":"2024-12-31","cluster_fire_count":8,"total_cluster_frp":34.86,"max_frp":6.92,"cluster_convex_hull_area_km2":0.445,"centroid_lat":33.7469,"centroid_lon":74.01,"mean_persistence_7d":0.0,"share_forest_shrub":1.0,"share_industrial":0.0,"dominant_land_cover":30,"dominant_class":1,"dominant_label":"Agricultural burning","is_outbreak_front":true,"is_persistent_cluster":false,"cluster_id":485271}},{"type":"Feature","id":485272,"geometry":{"type":"Polygon","coordinates":[[[76.35104,10.82573],[76.34463,10.83835],[76.34827,10.83776],[76.35477,10.82627],[76.35104,10.82573]]]},"properties":{"cluster_date":"2024-12-31","cluster_fire_count":5,"total_cluster_frp":21.45,"max_frp":6.82,"cluster_convex_hull_area_km2":0.5418,"centroid_lat":10.8315,"centroid_lon":76.3498,"mean_persistence_7d":0.0,"share_forest_shrub":1.0,"share_industrial":0.0,"dominant_land_cover":10,"dominant_class":0,"dominant_label":"Wildfire","is_outbreak_front":true,"is_persistent_cluster":false,"cluster_id":485272}},{"type":"Feature","id":485273,"geometry":{"type":"Polygon","coordinates":[[[73.69357,16.55874],[73.71973,16.57725],[73.72368,16.57912],[73.72371,16.57667],[73.72311,16.57318],[73.6972,16.55927],[73.69357,16.55874]]]},"properties":{"cluster_date":"2024-12-31","cluster_fire_count":8,"total_cluster_frp":21.21,"max_frp":5.08,"cluster_convex_hull_area_km2":1.3262,"centroid_lat":16.572,"centroid_lon":73.7153,"mean_persistence_7d":0.0,"share_forest_shrub":1.0,"share_industrial":0.0,"dominant_land_cover":10,"dominant_class":0,"dominant_label":"Wildfire","is_outbreak_front":true,"is_persistent_cluster":false,"cluster_id":485273}},{"type":"Feature","id":485274,"geometry":{"type":"Polygon","coordinates":[[[85.14106,20.9582],[85.13519,20.97798],[85.13628,20.98266],[85.17352,20.97496],[85.17509,20.97309],[85.1701,20.96091],[85.14106,20.9582]]]},"properties":{"cluster_date":"2024-12-31","cluster_fire_count":15,"total_cluster_frp":34.71,"max_frp":6.31,"cluster_convex_hull_area_km2":7.4945,"centroid_lat":20.9682,"centroid_lon":85.16,"mean_persistence_7d":4.8667,"share_forest_shrub":0.0,"share_industrial":1.0,"dominant_land_cover":50,"dominant_class":4,"dominant_label":"Persistent thermal source","is_outbreak_front":false,"is_persistent_cluster":true,"cluster_id":485274}},{"type":"Feature","id":485275,"geometry":{"type":"Polygon","coordinates":[[[82.08845,21.88408],[82.07906,21.89464],[82.07973,21.89768],[82.08845,21.88408]]]},"properties":{"cluster_date":"2024-12-31","cluster_fire_count":3,"total_cluster_frp":9.88,"max_frp":3.43,"cluster_convex_hull_area_km2":0.1962,"centroid_lat":21.8921,"centroid_lon":82.0824,"mean_persistence_7d":0.0,"share_forest_shrub":1.0,"share_industrial":0.0,"dominant_land_cover":10,"dominant_class":0,"dominant_label":"Wildfire","is_outbreak_front":false,"is_persistent_cluster":false,"cluster_id":485275}},{"type":"Feature","id":485276,"geometry":{"type":"Polygon","coordinates":[[[69.84652,21.59083],[69.84204,21.59356],[69.84142,21.59692],[69.84081,21.60028],[69.84403,21.60427],[69.85174,21.60551],[69.85236,21.60215],[69.84652,21.59083]]]},"properties":{"cluster_date":"2024-12-31","cluster_fire_count":10,"total_cluster_frp":118.45,"max_frp":22.85,"cluster_convex_hull_area_km2":1.1779,"centroid_lat":21.5991,"centroid_lon":69.8462,"mean_persistence_7d":0.0,"share_forest_shrub":1.0,"share_industrial":0.0,"dominant_land_cover":30,"dominant_class":1,"dominant_label":"Agricultural burning","is_outbreak_front":true,"is_persistent_cluster":false,"cluster_id":485276}},{"type":"Feature","id":485277,"geometry":{"type":"Polygon","coordinates":[[[95.40202,27.60444],[95.39986,27.60498],[95.40182,27.60549],[95.40202,27.60444]]]},"properties":{"cluster_date":"2024-12-31","cluster_fire_count":3,"total_cluster_frp":6.46,"max_frp":2.46,"cluster_convex_hull_area_km2":0.0114,"centroid_lat":27.605,"centroid_lon":95.4012,"mean_persistence_7d":7.0,"share_forest_shrub":1.0,"share_industrial":0.0,"dominant_land_cover":10,"dominant_class":4,"dominant_label":"Persistent thermal source","is_outbreak_front":false,"is_persistent_cluster":false,"cluster_id":485277}},{"type":"Feature","id":485278,"geometry":{"type":"Polygon","coordinates":[[[95.47755,27.46169],[95.47733,27.46259],[95.47811,27.46284],[95.47755,27.46169]]]},"properties":{"cluster_date":"2024-12-31","cluster_fire_count":3,"total_cluster_frp":1.83,"max_frp":0.82,"cluster_convex_hull_area_km2":0.004,"centroid_lat":27.4624,"centroid_lon":95.4777,"mean_persistence_7d":6.0,"share_forest_shrub":0.0,"share_industrial":1.0,"dominant_land_cover":50,"dominant_class":4,"dominant_label":"Persistent thermal source","is_outbreak_front":false,"is_persistent_cluster":true,"cluster_id":485278}},{"type":"Feature","id":485279,"geometry":{"type":"Polygon","coordinates":[[[94.04028,26.93699],[94.02772,26.94182],[94.03741,26.94059],[94.04028,26.93699]]]},"properties":{"cluster_date":"2024-12-31","cluster_fire_count":3,"total_cluster_frp":2.76,"max_frp":1.12,"cluster_convex_hull_area_km2":0.1663,"centroid_lat":26.9398,"centroid_lon":94.0351,"mean_persistence_7d":0.3333,"share_forest_shrub":1.0,"share_industrial":0.0,"dominant_land_cover":10,"dominant_class":0,"dominant_label":"Wildfire","is_outbreak_front":false,"is_persistent_cluster":false,"cluster_id":485279}},{"type":"Feature","id":485280,"geometry":{"type":"Polygon","coordinates":[[[93.83276,24.78198],[93.83335,24.7856],[93.83598,24.78433],[93.83276,24.78198]]]},"properties":{"cluster_date":"2024-12-31","cluster_fire_count":3,"total_cluster_frp":3.82,"max_frp":1.82,"cluster_convex_hull_area_km2":0.0553,"centroid_lat":24.784,"centroid_lon":93.834,"mean_persistence_7d":0.0,"share_forest_shrub":1.0,"share_industrial":0.0,"dominant_land_cover":10,"dominant_class":0,"dominant_label":"Wildfire","is_outbreak_front":false,"is_persistent_cluster":false,"cluster_id":485280}},{"type":"Feature","id":485281,"geometry":{"type":"Polygon","coordinates":[[[86.91816,23.66642],[86.91426,23.66677],[86.9189,23.6685],[86.91997,23.66777],[86.91816,23.66642]]]},"properties":{"cluster_date":"2024-12-31","cluster_fire_count":4,"total_cluster_frp":6.15,"max_frp":2.02,"cluster_convex_hull_area_km2":0.0605,"centroid_lat":23.6674,"centroid_lon":86.9178,"mean_persistence_7d":7.0,"share_forest_shrub":1.0,"share_industrial":0.0,"dominant_land_cover":30,"dominant_class":4,"dominant_label":"Persistent thermal source","is_outbreak_front":false,"is_persistent_cluster":false,"cluster_id":485281}},{"type":"Feature","id":485282,"geometry":{"type":"Polygon","coordinates":[[[87.14979,23.6046],[87.14309,23.61068],[87.14374,23.61606],[87.14718,23.61263],[87.15232,23.60619],[87.14979,23.6046]]]},"properties":{"cluster_date":"2024-12-31","cluster_fire_count":7,"total_cluster_frp":5.51,"max_frp":1.14,"cluster_convex_hull_area_km2":0.4517,"centroid_lat":23.6101,"centroid_lon":87.1471,"mean_persistence_7d":4.2857,"share_forest_shrub":0.0,"share_industrial":1.0,"dominant_land_cover":50,"dominant_class":4,"dominant_label":"Persistent thermal source","is_outbreak_front":false,"is_persistent_cluster":true,"cluster_id":485282}},{"type":"Feature","id":485283,"geometry":{"type":"Polygon","coordinates":[[[86.78873,23.61345],[86.7832,23.61703],[86.78876,23.61647],[86.78873,23.61345]]]},"properties":{"cluster_date":"2024-12-31","cluster_fire_count":4,"total_cluster_frp":5.94,"max_frp":2.25,"cluster_convex_hull_area_km2":0.0913,"centroid_lat":23.6159,"centroid_lon":86.7866,"mean_persistence_7d":6.0,"share_forest_shrub":1.0,"share_industrial":0.0,"dominant_land_cover":30,"dominant_class":4,"dominant_label":"Persistent thermal source","is_outbreak_front":false,"is_persistent_cluster":false,"cluster_id":485283}},{"type":"Feature","id":485284,"geometry":{"type":"Polygon","coordinates":[[[87.24762,23.5511],[87.23993,23.5527],[87.23692,23.55839],[87.23755,23.56373],[87.249,23.56805],[87.24762,23.5511]]]},"properties":{"cluster_date":"2024-12-31","cluster_fire_count":11,"total_cluster_frp":11.24,"max_frp":1.55,"cluster_convex_hull_area_km2":1.5698,"centroid_lat":23.5572,"centroid_lon":87.2418,"mean_persistence_7d":6.2727,"share_forest_shrub":0.0,"share_industrial":1.0,"dominant_land_cover":50,"dominant_class":4,"dominant_label":"Persistent thermal source","is_outbreak_front":false,"is_persistent_cluster":true,"cluster_id":485284}},{"type":"Feature","id":485285,"geometry":{"type":"Polygon","coordinates":[[[86.2949,23.62977],[86.29244,23.63262],[86.29813,23.63317],[86.2949,23.62977]]]},"properties":{"cluster_date":"2024-12-31","cluster_fire_count":3,"total_cluster_frp":4.41,"max_frp":1.91,"cluster_convex_hull_area_km2":0.0955,"centroid_lat":23.6319,"centroid_lon":86.2952,"mean_persistence_7d":5.0,"share_forest_shrub":0.0,"share_industrial":1.0,"dominant_land_cover":50,"dominant_class":4,"dominant_label":"Persistent thermal source","is_outbreak_front":false,"is_persistent_cluster":true,"cluster_id":485285}},{"type":"Feature","id":485286,"geometry":{"type":"Polygon","coordinates":[[[87.35551,23.48463],[87.36391,23.48861],[87.36304,23.48752],[87.35551,23.48463]]]},"properties":{"cluster_date":"2024-12-31","cluster_fire_count":3,"total_cluster_frp":3.44,"max_frp":1.59,"cluster_convex_hull_area_km2":0.031,"centroid_lat":23.4869,"centroid_lon":87.3608,"mean_persistence_7d":6.0,"share_forest_shrub":1.0,"share_industrial":0.0,"dominant_land_cover":30,"dominant_class":4,"dominant_label":"Persistent thermal source","is_outbreak_front":false,"is_persistent_cluster":false,"cluster_id":485286}},{"type":"Feature","id":485287,"geometry":{"type":"Polygon","coordinates":[[[85.99631,22.96335],[85.99562,22.96523],[85.99564,22.96645],[85.99631,22.96335]]]},"properties":{"cluster_date":"2024-12-31","cluster_fire_count":3,"total_cluster_frp":1.54,"max_frp":0.71,"cluster_convex_hull_area_km2":0.0048,"centroid_lat":22.965,"centroid_lon":85.9959,"mean_persistence_7d":1.0,"share_forest_shrub":1.0,"share_industrial":0.0,"dominant_land_cover":10,"dominant_class":4,"dominant_label":"Persistent thermal source","is_outbreak_front":false,"is_persistent_cluster":false,"cluster_id":485287}},{"type":"Feature","id":485288,"geometry":{"type":"Polygon","coordinates":[[[86.0574,22.85649],[86.05396,22.85983],[86.05928,22.87864],[86.06212,22.87846],[86.06221,22.87556],[86.0574,22.85649]]]},"properties":{"cluster_date":"2024-12-31","cluster_fire_count":6,"total_cluster_frp":4.7,"max_frp":1.53,"cluster_convex_hull_area_km2":0.882,"centroid_lat":22.8703,"centroid_lon":86.0589,"mean_persistence_7d":4.3333,"share_forest_shrub":1.0,"share_industrial":0.0,"dominant_land_cover":10,"dominant_class":4,"dominant_label":"Persistent thermal source","is_outbreak_front":false,"is_persistent_cluster":false,"cluster_id":485288}},{"type":"Feature","id":485289,"geometry":{"type":"Polygon","coordinates":[[[86.08951,22.79903],[86.0858,22.79933],[86.08643,22.80503],[86.08753,22.80977],[86.09031,22.80045],[86.08951,22.79903]]]},"properties":{"cluster_date":"2024-12-31","cluster_fire_count":5,"total_cluster_frp":8.09,"max_frp":2.45,"cluster_convex_hull_area_km2":0.2949,"centroid_lat":22.8027,"centroid_lon":86.0879,"mean_persistence_7d":3.0,"share_forest_shrub":1.0,"share_industrial":0.0,"dominant_land_cover":10,"dominant_class":4,"dominant_label":"Persistent thermal source","is_outbreak_front":false,"is_persistent_cluster":false,"cluster_id":485289}},{"type":"Feature","id":485290,"geometry":{"type":"Polygon","coordinates":[[[85.89697,22.57095],[85.88859,22.57467],[85.90343,22.59245],[85.9052,22.5917],[85.89963,22.57233],[85.89697,22.57095]]]},"properties":{"cluster_date":"2024-12-31","cluster_fire_count":10,"total_cluster_frp":22.62,"max_frp":3.64,"cluster_convex_hull_area_km2":1.5937,"centroid_lat":22.5807,"centroid_lon":85.8981,"mean_persistence_7d":4.2,"share_forest_shrub":1.0,"share_industrial":0.0,"dominant_land_cover":30,"dominant_class":4,"dominant_label":"Persistent thermal source","is_outbreak_front":false,"is_persistent_cluster":false,"cluster_id":485290}},{"type":"Feature","id":485291,"geometry":{"type":"Polygon","coordinates":[[[87.01433,22.36369],[87.01501,22.36903],[87.01862,22.36904],[87.01736,22.36393],[87.01433,22.36369]]]},"properties":{"cluster_date":"2024-12-31","cluster_fire_count":4,"total_cluster_frp":5.45,"max_frp":2.35,"cluster_convex_hull_area_km2":0.189,"centroid_lat":22.3664,"centroid_lon":87.0163,"mean_persistence_7d":6.0,"share_forest_shrub":1.0,"share_industrial":0.0,"dominant_land_cover":30,"dominant_class":4,"dominant_label":"Persistent thermal source","is_outbreak_front":false,"is_persistent_cluster":false,"cluster_id":485291}},{"type":"Feature","id":485292,"geometry":{"type":"Polygon","coordinates":[[[84.75528,22.21638],[84.75188,22.21871],[84.74825,22.22497],[84.75034,22.2275],[84.75294,22.22727],[84.75869,22.22223],[84.75528,22.21638]]]},"properties":{"cluster_date":"2024-12-31","cluster_fire_count":12,"total_cluster_frp":18.11,"max_frp":2.7,"cluster_convex_hull_area_km2":0.6986,"centroid_lat":22.2222,"centroid_lon":84.7532,"mean_persistence_7d":5.0,"share_forest_shrub":1.0,"share_industrial":0.0,"dominant_land_cover":10,"dominant_class":4,"dominant_label":"Persistent thermal source","is_outbreak_front":false,"is_persistent_cluster":false,"cluster_id":485292}},{"type":"Feature","id":485293,"geometry":{"type":"Polygon","coordinates":[[[84.86034,22.20947],[84.85699,22.2097],[84.8409,22.21335],[84.843,22.21417],[84.87356,22.215],[84.871,22.21201],[84.86034,22.20947]]]},"properties":{"cluster_date":"2024-12-31","cluster_fire_count":11,"total_cluster_frp":22.31,"max_frp":3.83,"cluster_convex_hull_area_km2":1.1869,"centroid_lat":22.2122,"centroid_lon":84.8613,"mean_persistence_7d":4.5455,"share_forest_shrub":0.0,"share_industrial":1.0,"dominant_land_cover":50,"dominant_class":4,"dominant_label":"Persistent thermal source","is_outbreak_front":false,"is_persistent_cluster":true,"cluster_id":485293}},{"type":"Feature","id":485294,"geometry":{"type":"Polygon","coordinates":[[[85.46365,22.0537],[85.46161,22.05559],[85.46314,22.05655],[85.46365,22.0537]]]},"properties":{"cluster_date":"2024-12-31","cluster_fire_count":3,"total_cluster_frp":2.04,"max_frp":0.75,"cluster_convex_hull_area_km2":0.0267,"centroid_lat":22.0553,"centroid_lon":85.4628,"mean_persistence_7d":2.0,"share_forest_shrub":1.0,"share_industrial":0.0,"dominant_land_cover":30,"dominant_class":4,"dominant_label":"Persistent thermal source","is_outbreak_front":false,"is_persistent_cluster":false,"cluster_id":485294}},{"type":"Feature","id":485295,"geometry":{"type":"Polygon","coordinates":[[[83.52477,22.10506],[83.51818,22.10992],[83.55322,22.11439],[83.55611,22.11198],[83.52477,22.10506]]]},"properties":{"cluster_date":"2024-12-31","cluster_fire_count":8,"total_cluster_frp":9.78,"max_frp":1.99,"cluster_convex_hull_area_km2":1.6236,"centroid_lat":22.1099,"centroid_lon":83.5346,"mean_persistence_7d":4.5,"share_forest_shrub":1.0,"share_industrial":0.0,"dominant_land_cover":30,"dominant_class":4,"dominant_label":"Persistent thermal source","is_outbreak_front":false,"is_persistent_cluster":false,"cluster_id":485295}},{"type":"Feature","id":485296,"geometry":{"type":"Polygon","coordinates":[[[85.22095,21.93086],[85.21647,21.93125],[85.22161,21.93174],[85.22095,21.93086]]]},"properties":{"cluster_date":"2024-12-31","cluster_fire_count":3,"total_cluster_frp":4.0,"max_frp":1.37,"cluster_convex_hull_area_km2":0.0231,"centroid_lat":21.9313,"centroid_lon":85.2197,"mean_persistence_7d":4.0,"share_forest_shrub":1.0,"share_industrial":0.0,"dominant_land_cover":30,"dominant_class":4,"dominant_label":"Persistent thermal source","is_outbreak_front":false,"is_persistent_cluster":false,"cluster_id":485296}},{"type":"Feature","id":485297,"geometry":{"type":"Polygon","coordinates":[[[83.36655,22.03071],[83.36075,22.03082],[83.34931,22.03843],[83.34522,22.04293],[83.36278,22.03494],[83.36655,22.03071]]]},"properties":{"cluster_date":"2024-12-31","cluster_fire_count":10,"total_cluster_frp":20.56,"max_frp":3.45,"cluster_convex_hull_area_km2":0.732,"centroid_lat":22.0354,"centroid_lon":83.3566,"mean_persistence_7d":6.0,"share_forest_shrub":0.0,"share_industrial":1.0,"dominant_land_cover":50,"dominant_class":4,"dominant_label":"Persistent thermal source","is_outbreak_front":false,"is_persistent_cluster":true,"cluster_id":485297}},{"type":"Feature","id":485298,"geometry":{"type":"Polygon","coordinates":[[[82.67137,22.00509],[82.67019,22.00522],[82.66274,22.00778],[82.67137,22.00509]]]},"properties":{"cluster_date":"2024-12-31","cluster_fire_count":3,"total_cluster_frp":7.54,"max_frp":2.79,"cluster_convex_hull_area_km2":0.0113,"centroid_lat":22.006,"centroid_lon":82.6681,"mean_persistence_7d":7.0,"share_forest_shrub":1.0,"share_industrial":0.0,"dominant_land_cover":10,"dominant_class":4,"dominant_label":"Persistent thermal source","is_outbreak_front":false,"is_persistent_cluster":false,"cluster_id":485298}},{"type":"Feature","id":485299,"geometry":{"type":"Polygon","coordinates":[[[83.95964,21.85304],[83.95999,21.85814],[83.96037,21.85946],[83.96864,21.86002],[83.95964,21.85304]]]},"properties":{"cluster_date":"2024-12-31","cluster_fire_count":4,"total_cluster_frp":3.24,"max_frp":1.33,"cluster_convex_hull_area_km2":0.2984,"centroid_lat":21.8577,"centroid_lon":83.9622,"mean_persistence_7d":2.0,"share_forest_shrub":0.0,"share_industrial":1.0,"dominant_land_cover":50,"dominant_class":4,"dominant_label":"Persistent thermal source","is_outbreak_front":false,"is_persistent_cluster":false,"cluster_id":485299}},{"type":"Feature","id":485300,"geometry":{"type":"Polygon","coordinates":[[[84.04174,21.67689],[84.03898,21.67692],[84.03365,21.6782],[84.03172,21.68079],[84.03539,21.68251],[84.04073,21.68311],[84.04273,21.6812],[84.04174,21.67689]]]},"properties":{"cluster_date":"2024-12-31","cluster_fire_count":9,"total_cluster_frp":19.43,"max_frp":3.4,"cluster_convex_hull_area_km2":0.5389,"centroid_lat":21.6797,"centroid_lon":84.0377,"mean_persistence_7d":5.0,"share_forest_shrub":0.0,"share_industrial":1.0,"dominant_land_cover":50,"dominant_class":4,"dominant_label":"Persistent thermal source","is_outbreak_front":false,"is_persistent_cluster":true,"cluster_id":485300}},{"type":"Feature","id":485301,"geometry":{"type":"Polygon","coordinates":[[[82.08186,21.67275],[82.08031,21.67328],[82.0774,21.67473],[82.08186,21.67275]]]},"properties":{"cluster_date":"2024-12-31","cluster_fire_count":3,"total_cluster_frp":4.19,"max_frp":1.66,"cluster_convex_hull_area_km2":0.0039,"centroid_lat":21.6736,"centroid_lon":82.0799,"mean_persistence_7d":4.0,"share_forest_shrub":1.0,"share_industrial":0.0,"dominant_land_cover":10,"dominant_class":4,"dominant_label":"Persistent thermal source","is_outbreak_front":false,"is_persistent_cluster":false,"cluster_id":485301}},{"type":"Feature","id":485302,"geometry":{"type":"Polygon","coordinates":[[[81.76849,21.48539],[81.76504,21.48868],[81.76566,21.49083],[81.76988,21.49086],[81.76882,21.48618],[81.76849,21.48539]]]},"properties":{"cluster_date":"2024-12-31","cluster_fire_count":7,"total_cluster_frp":10.15,"max_frp":1.99,"cluster_convex_hull_area_km2":0.1835,"centroid_lat":21.4885,"centroid_lon":81.7677,"mean_persistence_7d":6.0,"share_forest_shrub":1.0,"share_industrial":0.0,"dominant_land_cover":10,"dominant_class":4,"dominant_label":"Persistent thermal source","is_outbreak_front":false,"is_persistent_cluster":false,"cluster_id":485302}},{"type":"Feature","id":485303,"geometry":{"type":"Polygon","coordinates":[[[85.04192,21.07514],[85.03672,21.07618],[85.03347,21.07912],[85.03383,21.07932],[85.03784,21.08082],[85.04388,21.07695],[85.04192,21.07514]]]},"properties":{"cluster_date":"2024-12-31","cluster_fire_count":9,"total_cluster_frp":23.49,"max_frp":3.63,"cluster_convex_hull_area_km2":0.3463,"centroid_lat":21.0781,"centroid_lon":85.038,"mean_persistence_7d":5.0,"share_forest_shrub":1.0,"share_industrial":0.0,"dominant_land_cover":10,"dominant_class":4,"dominant_label":"Persistent thermal source","is_outbreak_front":false,"is_persistent_cluster":false,"cluster_id":485303}},{"type":"Feature","id":485304,"geometry":{"type":"Polygon","coordinates":[[[86.0598,20.94065],[86.04565,20.95326],[86.0488,20.95291],[86.05848,20.94213],[86.0598,20.94065]]]},"properties":{"cluster_date":"2024-12-31","cluster_fire_count":4,"total_cluster_frp":4.45,"max_frp":1.46,"cluster_convex_hull_area_km2":0.1935,"centroid_lat":20.9472,"centroid_lon":86.0532,"mean_persistence_7d":3.5,"share_forest_shrub":1.0,"share_industrial":0.0,"dominant_land_cover":10,"dominant_class":4,"dominant_label":"Persistent thermal source","is_outbreak_front":false,"is_persistent_cluster":false,"cluster_id":485304}},{"type":"Feature","id":485305,"geometry":{"type":"Polygon","coordinates":[[[85.28905,20.76127],[85.29057,20.76274],[85.29167,20.7631],[85.29619,20.76268],[85.29601,20.76162],[85.28905,20.76127]]]},"properties":{"cluster_date":"2024-12-31","cluster_fire_count":5,"total_cluster_frp":7.77,"max_frp":1.98,"cluster_convex_hull_area_km2":0.0987,"centroid_lat":20.7623,"centroid_lon":85.2927,"mean_persistence_7d":5.0,"share_forest_shrub":1.0,"share_industrial":0.2,"dominant_land_cover":10,"dominant_class":4,"dominant_label":"Persistent thermal source","is_outbreak_front":false,"is_persistent_cluster":false,"cluster_id":485305}},{"type":"Feature","id":485306,"geometry":{"type":"Polygon","coordinates":[[[82.16863,19.09749],[82.16076,19.10229],[82.16048,19.10888],[82.16577,19.10559],[82.16949,19.10152],[82.16863,19.09749]]]},"properties":{"cluster_date":"2024-12-31","cluster_fire_count":8,"total_cluster_frp":12.35,"max_frp":2.94,"cluster_convex_hull_area_km2":0.5778,"centroid_lat":19.1029,"centroid_lon":82.1648,"mean_persistence_7d":5.0,"share_forest_shrub":1.0,"share_industrial":0.0,"dominant_land_cover":10,"dominant_class":4,"dominant_label":"Persistent thermal source","is_outbreak_front":false,"is_persistent_cluster":false,"cluster_id":485306}},{"type":"Feature","id":485307,"geometry":{"type":"Polygon","coordinates":[[[83.20358,17.60724],[83.18636,17.61511],[83.20453,17.61165],[83.20358,17.60724]]]},"properties":{"cluster_date":"2024-12-31","cluster_fire_count":6,"total_cluster_frp":10.38,"max_frp":2.74,"cluster_convex_hull_area_km2":0.4768,"centroid_lat":17.6107,"centroid_lon":83.1987,"mean_persistence_7d":5.0,"share_forest_shrub":0.0,"share_industrial":1.0,"dominant_land_cover":50,"dominant_class":3,"dominant_label":"Gas flare","is_outbreak_front":false,"is_persistent_cluster":true,"cluster_id":485307}},{"type":"Feature","id":485308,"geometry":{"type":"Polygon","coordinates":[[[74.04495,33.70258],[74.04404,33.70544],[74.04577,33.70675],[74.04818,33.7048],[74.04495,33.70258]]]},"properties":{"cluster_date":"2024-12-31","cluster_fire_count":4,"total_cluster_frp":7.02,"max_frp":3.01,"cluster_convex_hull_area_km2":0.0906,"centroid_lat":33.7049,"centroid_lon":74.0457,"mean_persistence_7d":0.0,"share_forest_shrub":1.0,"share_industrial":0.0,"dominant_land_cover":30,"dominant_class":1,"dominant_label":"Agricultural burning","is_outbreak_front":false,"is_persistent_cluster":false,"cluster_id":485308}},{"type":"Feature","id":485309,"geometry":{"type":"Polygon","coordinates":[[[80.54792,30.06664],[80.54607,30.06884],[80.54845,30.06997],[80.54792,30.06664]]]},"properties":{"cluster_date":"2024-12-31","cluster_fire_count":3,"total_cluster_frp":8.42,"max_frp":3.63,"cluster_convex_hull_area_km2":0.0381,"centroid_lat":30.0685,"centroid_lon":80.5475,"mean_persistence_7d":0.0,"share_forest_shrub":1.0,"share_industrial":0.0,"dominant_land_cover":30,"dominant_class":1,"dominant_label":"Agricultural burning","is_outbreak_front":false,"is_persistent_cluster":false,"cluster_id":485309}},{"type":"Feature","id":485310,"geometry":{"type":"Polygon","coordinates":[[[80.40732,30.02814],[80.37924,30.03275],[80.41192,30.03081],[80.40732,30.02814]]]},"properties":{"cluster_date":"2024-12-31","cluster_fire_count":3,"total_cluster_frp":3.29,"max_frp":1.77,"cluster_convex_hull_area_km2":0.5,"centroid_lat":30.0306,"centroid_lon":80.3995,"mean_persistence_7d":0.3333,"share_forest_shrub":1.0,"share_industrial":0.0,"dominant_land_cover":10,"dominant_class":0,"dominant_label":"Wildfire","is_outbreak_front":false,"is_persistent_cluster":false,"cluster_id":485310}},{"type":"Feature","id":485311,"geometry":{"type":"Polygon","coordinates":[[[83.20042,26.75907],[83.19872,26.75958],[83.19751,26.7621],[83.20042,26.75907]]]},"properties":{"cluster_date":"2024-12-31","cluster_fire_count":3,"total_cluster_frp":3.52,"max_frp":1.4,"cluster_convex_hull_area_km2":0.0195,"centroid_lat":26.7602,"centroid_lon":83.1989,"mean_persistence_7d":5.0,"share_forest_shrub":0.0,"share_industrial":0.0,"dominant_land_cover":40,"dominant_class":4,"dominant_label":"Persistent thermal source","is_outbreak_front":false,"is_persistent_cluster":false,"cluster_id":485311}},{"type":"Feature","id":485312,"geometry":{"type":"Polygon","coordinates":[[[73.51486,26.87393],[73.51547,26.87789],[73.51598,26.879],[73.51637,26.8762],[73.51486,26.87393]]]},"properties":{"cluster_date":"2024-12-31","cluster_fire_count":5,"total_cluster_frp":5.88,"max_frp":1.55,"cluster_convex_hull_area_km2":0.0343,"centroid_lat":26.8765,"centroid_lon":73.5156,"mean_persistence_7d":5.0,"share_forest_shrub":1.0,"share_industrial":0.0,"dominant_land_cover":30,"dominant_class":4,"dominant_label":"Persistent thermal source","is_outbreak_front":false,"is_persistent_cluster":false,"cluster_id":485312}},{"type":"Feature","id":485313,"geometry":{"type":"Polygon","coordinates":[[[74.18838,26.26633],[74.18884,26.27087],[74.18979,26.27305],[74.18838,26.26633]]]},"properties":{"cluster_date":"2024-12-31","cluster_fire_count":3,"total_cluster_frp":3.22,"max_frp":1.5,"cluster_convex_hull_area_km2":0.0176,"centroid_lat":26.2701,"centroid_lon":74.189,"mean_persistence_7d":3.0,"share_forest_shrub":1.0,"share_industrial":0.0,"dominant_land_cover":30,"dominant_class":4,"dominant_label":"Persistent thermal source","is_outbreak_front":false,"is_persistent_cluster":false,"cluster_id":485313}},{"type":"Feature","id":485314,"geometry":{"type":"Polygon","coordinates":[[[85.56275,23.78243],[85.56376,23.787],[85.56891,23.78594],[85.56275,23.78243]]]},"properties":{"cluster_date":"2024-12-31","cluster_fire_count":3,"total_cluster_frp":3.69,"max_frp":1.26,"cluster_convex_hull_area_km2":0.1335,"centroid_lat":23.7851,"centroid_lon":85.5651,"mean_persistence_7d":6.0,"share_forest_shrub":1.0,"share_industrial":0.0,"dominant_land_cover":10,"dominant_class":4,"dominant_label":"Persistent thermal source","is_outbreak_front":false,"is_persistent_cluster":false,"cluster_id":485314}},{"type":"Feature","id":485315,"geometry":{"type":"Polygon","coordinates":[[[73.0928,24.82034],[73.09167,24.82253],[73.09548,24.8219],[73.0928,24.82034]]]},"properties":{"cluster_date":"2024-12-31","cluster_fire_count":3,"total_cluster_frp":3.33,"max_frp":1.24,"cluster_convex_hull_area_km2":0.0411,"centroid_lat":24.8216,"centroid_lon":73.0933,"mean_persistence_7d":6.0,"share_forest_shrub":1.0,"share_industrial":0.0,"dominant_land_cover":30,"dominant_class":4,"dominant_label":"Persistent thermal source","is_outbreak_front":false,"is_persistent_cluster":false,"cluster_id":485315}},{"type":"Feature","id":485316,"geometry":{"type":"Polygon","coordinates":[[[83.55402,21.87716],[83.54578,21.87876],[83.55374,21.88286],[83.55402,21.87716]]]},"properties":{"cluster_date":"2024-12-31","cluster_fire_count":3,"total_cluster_frp":3.11,"max_frp":1.34,"cluster_convex_hull_area_km2":0.2563,"centroid_lat":21.8796,"centroid_lon":83.5512,"mean_persistence_7d":5.0,"share_forest_shrub":0.0,"share_industrial":1.0,"dominant_land_cover":50,"dominant_class":4,"dominant_label":"Persistent thermal source","is_outbreak_front":false,"is_persistent_cluster":true,"cluster_id":485316}},{"type":"Feature","id":485317,"geometry":{"type":"Polygon","coordinates":[[[82.01343,21.98686],[82.01423,21.9885],[82.01616,21.98815],[82.01343,21.98686]]]},"properties":{"cluster_date":"2024-12-31","cluster_fire_count":4,"total_cluster_frp":2.78,"max_frp":0.82,"cluster_convex_hull_area_km2":0.019,"centroid_lat":21.9878,"centroid_lon":82.0144,"mean_persistence_7d":5.0,"share_forest_shrub":1.0,"share_industrial":0.0,"dominant_land_cover":10,"dominant_class":4,"dominant_label":"Persistent thermal source","is_outbreak_front":false,"is_persistent_cluster":false,"cluster_id":485317}},{"type":"Feature","id":485318,"geometry":{"type":"Polygon","coordinates":[[[82.1122,21.63011],[82.10989,21.63097],[82.11175,21.63342],[82.1122,21.63011]]]},"properties":{"cluster_date":"2024-12-31","cluster_fire_count":3,"total_cluster_frp":1.95,"max_frp":0.75,"cluster_convex_hull_area_km2":0.0401,"centroid_lat":21.6315,"centroid_lon":82.1113,"mean_persistence_7d":2.0,"share_forest_shrub":1.0,"share_industrial":0.0,"dominant_land_cover":10,"dominant_class":4,"dominant_label":"Persistent thermal source","is_outbreak_front":false,"is_persistent_cluster":false,"cluster_id":485318}},{"type":"Feature","id":485319,"geometry":{"type":"Polygon","coordinates":[[[81.74773,21.55689],[81.73652,21.57269],[81.74914,21.55833],[81.74773,21.55689]]]},"properties":{"cluster_date":"2024-12-31","cluster_fire_count":3,"total_cluster_frp":2.3,"max_frp":0.94,"cluster_convex_hull_area_km2":0.2122,"centroid_lat":21.5626,"centroid_lon":81.7445,"mean_persistence_7d":2.6667,"share_forest_shrub":1.0,"share_industrial":0.0,"dominant_land_cover":10,"dominant_class":4,"dominant_label":"Persistent thermal source","is_outbreak_front":false,"is_persistent_cluster":false,"cluster_id":485319}},{"type":"Feature","id":485320,"geometry":{"type":"Polygon","coordinates":[[[81.58417,21.30763],[81.57689,21.32651],[81.59303,21.30921],[81.58417,21.30763]]]},"properties":{"cluster_date":"2024-12-31","cluster_fire_count":5,"total_cluster_frp":4.61,"max_frp":1.12,"cluster_convex_hull_area_km2":0.9895,"centroid_lat":21.313,"centroid_lon":81.5868,"mean_persistence_7d":5.0,"share_forest_shrub":1.0,"share_industrial":0.0,"dominant_land_cover":10,"dominant_class":4,"dominant_label":"Persistent thermal source","is_outbreak_front":false,"is_persistent_cluster":false,"cluster_id":485320}},{"type":"Feature","id":485321,"geometry":{"type":"Polygon","coordinates":[[[69.8248,22.92404],[69.82268,22.92412],[69.82247,22.92683],[69.8248,22.92404]]]},"properties":{"cluster_date":"2024-12-31","cluster_fire_count":3,"total_cluster_frp":2.16,"max_frp":0.82,"cluster_convex_hull_area_km2":0.0313,"centroid_lat":22.925,"centroid_lon":69.8233,"mean_persistence_7d":7.0,"share_forest_shrub":1.0,"share_industrial":0.0,"dominant_land_cover":30,"dominant_class":4,"dominant_label":"Persistent thermal source","is_outbreak_front":false,"is_persistent_cluster":false,"cluster_id":485321}},{"type":"Feature","id":485322,"geometry":{"type":"Polygon","coordinates":[[[81.38255,21.18053],[81.38333,21.18425],[81.3902,21.18957],[81.38811,21.18338],[81.38255,21.18053]]]},"properties":{"cluster_date":"2024-12-31","cluster_fire_count":5,"total_cluster_frp":7.33,"max_frp":2.11,"cluster_convex_hull_area_km2":0.2763,"centroid_lat":21.185,"centroid_lon":81.3866,"mean_persistence_7d":6.8,"share_forest_shrub":0.0,"share_industrial":1.0,"dominant_land_cover":50,"dominant_class":4,"dominant_label":"Persistent thermal source","is_outbreak_front":false,"is_persistent_cluster":true,"cluster_id":485322}},{"type":"Feature","id":485323,"geometry":{"type":"Polygon","coordinates":[[[69.52826,22.83391],[69.5298,22.83683],[69.53315,22.83475],[69.52826,22.83391]]]},"properties":{"cluster_date":"2024-12-31","cluster_fire_count":3,"total_cluster_frp":3.89,"max_frp":1.76,"cluster_convex_hull_area_km2":0.071,"centroid_lat":22.8352,"centroid_lon":69.5304,"mean_persistence_7d":0.0,"share_forest_shrub":0.0,"share_industrial":1.0,"dominant_land_cover":50,"dominant_class":4,"dominant_label":"Persistent thermal source","is_outbreak_front":false,"is_persistent_cluster":false,"cluster_id":485323}},{"type":"Feature","id":485324,"geometry":{"type":"Polygon","coordinates":[[[71.46056,20.90849],[71.45631,20.90969],[71.4596,20.91011],[71.46056,20.90849]]]},"properties":{"cluster_date":"2024-12-31","cluster_fire_count":4,"total_cluster_frp":4.28,"max_frp":1.56,"cluster_convex_hull_area_km2":0.0318,"centroid_lat":20.9093,"centroid_lon":71.4591,"mean_persistence_7d":7.0,"share_forest_shrub":1.0,"share_industrial":0.0,"dominant_land_cover":30,"dominant_class":4,"dominant_label":"Persistent thermal source","is_outbreak_front":false,"is_persistent_cluster":false,"cluster_id":485324}},{"type":"Feature","id":485325,"geometry":{"type":"Polygon","coordinates":[[[73.0532,19.10194],[73.0505,19.10314],[73.05462,19.10244],[73.0532,19.10194]]]},"properties":{"cluster_date":"2024-12-31","cluster_fire_count":3,"total_cluster_frp":5.42,"max_frp":2.8,"cluster_convex_hull_area_km2":0.0172,"centroid_lat":19.1025,"centroid_lon":73.0528,"mean_persistence_7d":6.0,"share_forest_shrub":1.0,"share_industrial":0.0,"dominant_land_cover":30,"dominant_class":4,"dominant_label":"Persistent thermal source","is_outbreak_front":false,"is_persistent_cluster":false,"cluster_id":485325}},{"type":"Feature","id":485326,"geometry":{"type":"Polygon","coordinates":[[[74.77782,18.2476],[74.77838,18.25101],[74.77833,18.24969],[74.77782,18.2476]]]},"properties":{"cluster_date":"2024-12-31","cluster_fire_count":3,"total_cluster_frp":4.4,"max_frp":1.92,"cluster_convex_hull_area_km2":0.0032,"centroid_lat":18.2494,"centroid_lon":74.7782,"mean_persistence_7d":0.0,"share_forest_shrub":1.0,"share_industrial":0.0,"dominant_land_cover":30,"dominant_class":1,"dominant_label":"Agricultural burning","is_outbreak_front":false,"is_persistent_cluster":false,"cluster_id":485326}},{"type":"Feature","id":485327,"geometry":{"type":"Polygon","coordinates":[[[75.93026,17.5903],[75.92859,17.60116],[75.9308,17.59223],[75.93026,17.5903]]]},"properties":{"cluster_date":"2024-12-31","cluster_fire_count":3,"total_cluster_frp":2.03,"max_frp":0.75,"cluster_convex_hull_area_km2":0.052,"centroid_lat":17.5946,"centroid_lon":75.9299,"mean_persistence_7d":0.0,"share_forest_shrub":1.0,"share_industrial":0.0,"dominant_land_cover":30,"dominant_class":1,"dominant_label":"Agricultural burning","is_outbreak_front":false,"is_persistent_cluster":false,"cluster_id":485327}},{"type":"Feature","id":485328,"geometry":{"type":"Polygon","coordinates":[[[77.19759,17.21275],[77.19595,17.21759],[77.20064,17.21667],[77.19759,17.21275]]]},"properties":{"cluster_date":"2024-12-31","cluster_fire_count":5,"total_cluster_frp":8.25,"max_frp":2.32,"cluster_convex_hull_area_km2":0.1216,"centroid_lat":17.2157,"centroid_lon":77.1983,"mean_persistence_7d":0.0,"share_forest_shrub":1.0,"share_industrial":0.0,"dominant_land_cover":30,"dominant_class":1,"dominant_label":"Agricultural burning","is_outbreak_front":true,"is_persistent_cluster":false,"cluster_id":485328}},{"type":"Feature","id":485329,"geometry":{"type":"Polygon","coordinates":[[[81.2849,16.35884],[81.28093,16.36064],[81.28176,16.36386],[81.2849,16.35884]]]},"properties":{"cluster_date":"2024-12-31","cluster_fire_count":3,"total_cluster_frp":1.37,"max_frp":0.54,"cluster_convex_hull_area_km2":0.0826,"centroid_lat":16.3611,"centroid_lon":81.2825,"mean_persistence_7d":5.0,"share_forest_shrub":0.0,"share_industrial":0.0,"dominant_land_cover":40,"dominant_class":4,"dominant_label":"Persistent thermal source","is_outbreak_front":false,"is_persistent_cluster":false,"cluster_id":485329}},{"type":"Feature","id":485330,"geometry":{"type":"Polygon","coordinates":[[[73.43184,16.58553],[73.4304,16.58662],[73.43256,16.58913],[73.43688,16.58837],[73.43455,16.58603],[73.43184,16.58553]]]},"properties":{"cluster_date":"2024-12-31","cluster_fire_count":6,"total_cluster_frp":8.7,"max_frp":2.92,"cluster_convex_hull_area_km2":0.1572,"centroid_lat":16.5873,"centroid_lon":73.4334,"mean_persistence_7d":0.0,"share_forest_shrub":1.0,"share_industrial":0.0,"dominant_land_cover":30,"dominant_class":1,"dominant_label":"Agricultural burning","is_outbreak_front":true,"is_persistent_cluster":false,"cluster_id":485330}},{"type":"Feature","id":485331,"geometry":{"type":"Polygon","coordinates":[[[75.2533,16.29334],[75.24967,16.2939],[75.24873,16.29628],[75.25241,16.2956],[75.2533,16.29334]]]},"properties":{"cluster_date":"2024-12-31","cluster_fire_count":4,"total_cluster_frp":2.42,"max_frp":0.66,"cluster_convex_hull_area_km2":0.0916,"centroid_lat":16.2948,"centroid_lon":75.251,"mean_persistence_7d":0.0,"share_forest_shrub":1.0,"share_industrial":0.0,"dominant_land_cover":30,"dominant_class":1,"dominant_label":"Agricultural burning","is_outbreak_front":false,"is_persistent_cluster":false,"cluster_id":485331}},{"type":"Feature","id":485332,"geometry":{"type":"Polygon","coordinates":[[[74.98158,15.75739],[74.97446,15.78245],[74.975,15.7858],[74.9936,15.76239],[74.99305,15.75906],[74.98158,15.75739]]]},"properties":{"cluster_date":"2024-12-31","cluster_fire_count":5,"total_cluster_frp":4.83,"max_frp":1.77,"cluster_convex_hull_area_km2":2.6119,"centroid_lat":15.7694,"centroid_lon":74.9835,"mean_persistence_7d":0.0,"share_forest_shrub":1.0,"share_industrial":0.0,"dominant_land_cover":30,"dominant_class":1,"dominant_label":"Agricultural burning","is_outbreak_front":true,"is_persistent_cluster":false,"cluster_id":485332}},{"type":"Feature","id":485333,"geometry":{"type":"Polygon","coordinates":[[[76.28603,15.33362],[76.27588,15.33864],[76.27945,15.33807],[76.28603,15.33362]]]},"properties":{"cluster_date":"2024-12-31","cluster_fire_count":3,"total_cluster_frp":2.58,"max_frp":1.14,"cluster_convex_hull_area_km2":0.0709,"centroid_lat":15.3368,"centroid_lon":76.2805,"mean_persistence_7d":4.3333,"share_forest_shrub":1.0,"share_industrial":0.0,"dominant_land_cover":30,"dominant_class":4,"dominant_label":"Persistent thermal source","is_outbreak_front":false,"is_persistent_cluster":false,"cluster_id":485333}},{"type":"Feature","id":485334,"geometry":{"type":"Polygon","coordinates":[[[76.37844,15.16256],[76.37656,15.17308],[76.37748,15.17251],[76.37956,15.16919],[76.37844,15.16256]]]},"properties":{"cluster_date":"2024-12-31","cluster_fire_count":5,"total_cluster_frp":5.15,"max_frp":1.76,"cluster_convex_hull_area_km2":0.1528,"centroid_lat":15.1686,"centroid_lon":76.3782,"mean_persistence_7d":4.8,"share_forest_shrub":1.0,"share_industrial":0.0,"dominant_land_cover":30,"dominant_class":4,"dominant_label":"Persistent thermal source","is_outbreak_front":false,"is_persistent_cluster":false,"cluster_id":485334}},{"type":"Feature","id":485335,"geometry":{"type":"Polygon","coordinates":[[[74.86631,15.29419],[74.8653,15.29656],[74.86893,15.29591],[74.86631,15.29419]]]},"properties":{"cluster_date":"2024-12-31","cluster_fire_count":3,"total_cluster_frp":4.74,"max_frp":2.19,"cluster_convex_hull_area_km2":0.0464,"centroid_lat":15.2956,"centroid_lon":74.8668,"mean_persistence_7d":0.0,"share_forest_shrub":1.0,"share_industrial":0.0,"dominant_land_cover":30,"dominant_class":1,"dominant_label":"Agricultural burning","is_outbreak_front":false,"is_persistent_cluster":false,"cluster_id":485335}},{"type":"Feature","id":485336,"geometry":{"type":"Polygon","coordinates":[[[80.01986,12.35046],[80.02056,12.35442],[80.02303,12.35191],[80.01986,12.35046]]]},"properties":{"cluster_date":"2024-12-31","cluster_fire_count":3,"total_cluster_frp":1.89,"max_frp":0.83,"cluster_convex_hull_area_km2":0.0695,"centroid_lat":12.3523,"centroid_lon":80.0211,"mean_persistence_7d":0.0,"share_forest_shrub":1.0,"share_industrial":0.0,"dominant_land_cover":30,"dominant_class":1,"dominant_label":"Agricultural burning","is_outbreak_front":false,"is_persistent_cluster":false,"cluster_id":485336}},{"type":"Feature","id":485337,"geometry":{"type":"Polygon","coordinates":[[[77.72272,11.77812],[77.72128,11.77863],[77.7215,11.78081],[77.72272,11.77812]]]},"properties":{"cluster_date":"2024-12-31","cluster_fire_count":3,"total_cluster_frp":2.19,"max_frp":0.76,"cluster_convex_hull_area_km2":0.0197,"centroid_lat":11.7792,"centroid_lon":77.7218,"mean_persistence_7d":0.0,"share_forest_shrub":1.0,"share_industrial":0.0,"dominant_land_cover":30,"dominant_class":1,"dominant_label":"Agricultural burning","is_outbreak_front":false,"is_persistent_cluster":false,"cluster_id":485337}},{"type":"Feature","id":485338,"geometry":{"type":"Polygon","coordinates":[[[77.06598,10.92955],[77.06202,10.93015],[77.06393,10.9299],[77.06598,10.92955]]]},"properties":{"cluster_date":"2024-12-31","cluster_fire_count":3,"total_cluster_frp":1.32,"max_frp":0.51,"cluster_convex_hull_area_km2":0.001,"centroid_lat":10.9299,"centroid_lon":77.064,"mean_persistence_7d":0.0,"share_forest_shrub":1.0,"share_industrial":0.0,"dominant_land_cover":30,"dominant_class":4,"dominant_label":"Persistent thermal source","is_outbreak_front":false,"is_persistent_cluster":false,"cluster_id":485338}},{"type":"Feature","id":485339,"geometry":{"type":"Polygon","coordinates":[[[76.82682,9.7694],[76.82585,9.77146],[76.82757,9.77283],[76.82682,9.7694]]]},"properties":{"cluster_date":"2024-12-31","cluster_fire_count":3,"total_cluster_frp":2.46,"max_frp":1.11,"cluster_convex_hull_area_km2":0.0302,"centroid_lat":9.7712,"centroid_lon":76.8267,"mean_persistence_7d":0.0,"share_forest_shrub":1.0,"share_industrial":0.0,"dominant_land_cover":10,"dominant_class":0,"dominant_label":"Wildfire","is_outbreak_front":false,"is_persistent_cluster":false,"cluster_id":485339}},{"type":"Feature","id":485340,"geometry":{"type":"Polygon","coordinates":[[[69.85683,22.33086],[69.85469,22.34152],[69.86572,22.33645],[69.85683,22.33086]]]},"properties":{"cluster_date":"2024-12-31","cluster_fire_count":3,"total_cluster_frp":4.94,"max_frp":2.31,"cluster_convex_hull_area_km2":0.5858,"centroid_lat":22.3363,"centroid_lon":69.8591,"mean_persistence_7d":4.6667,"share_forest_shrub":0.0,"share_industrial":1.0,"dominant_land_cover":50,"dominant_class":3,"dominant_label":"Gas flare","is_outbreak_front":false,"is_persistent_cluster":true,"cluster_id":485340}}]}